id,replay_type,source_file,sequence_index,validation_index,event_time,client_id,source_ip,destination_ip,source_id,destination_id,true_class_id,true_class,prediction_id,attack_type,confidence,risk_score,anomaly_score,raw_reconstruction_error,ae_anomaly,severity,processing_path,decision_source,rf_prediction,rf_confidence,fedprox70_prediction,fedprox70_confidence,cnn_bilstm_prediction,cnn_bilstm_confidence,correct,correlated,status,blockable,locked_test_used
1,EXTERNAL_NPZ_SEQUENCE,ids_5_attacks_1000_sequences.npz,0,38741,2026-09-29T07:33:40.435203+00:00,1,,,SEQ-8A3686511C16,,3,DoS Hulk,3,DoS Hulk,1.0,,1.0,1.1350717544555664,True,HIGH,FAST_ATTACK_PATH,Random Forest,DoS Hulk,1.0,DoS Hulk,0.9876170754432678,DoS Hulk,0.9519858360290527,True,False,ACTIVE,False,False
2,EXTERNAL_NPZ_SEQUENCE,ids_5_attacks_1000_sequences.npz,1,38812,2026-09-29T07:33:40.435203+00:00,2,,,SEQ-CF6E59382AF8,,3,DoS Hulk,3,DoS Hulk,0.9447348713874817,0.7923572063446045,1.0,2.515021562576294,True,HIGH,DEEP_ANALYSIS,CNN-BiLSTM,BENIGN,0.8315913677215576,DoS Hulk,0.9267276525497437,DoS Hulk,0.9447348713874817,True,False,ACTIVE,False,False
3,EXTERNAL_NPZ_SEQUENCE,ids_5_attacks_1000_sequences.npz,2,38849,2026-09-29T07:33:40.435203+00:00,3,,,SEQ-DC0B4DA928A5,,3,DoS Hulk,1,DDoS,0.8671653270721436,0.3350745141506195,0.20825065672397614,0.12407107651233673,False,LOW,DEEP_ANALYSIS,CNN-BiLSTM,BENIGN,0.999783456325531,BENIGN,0.999047577381134,DDoS,0.8671653270721436,False,False,ACTIVE,False,False
4,EXTERNAL_NPZ_SEQUENCE,ids_5_attacks_1000_sequences.npz,3,38866,2026-09-29T07:33:40.435203+00:00,4,,,SEQ-2DE085F2EF25,,3,DoS Hulk,1,DDoS,0.5423296093940735,0.23282870650291443,0.2338138073682785,0.20129668712615967,False,LOW,DEEP_ANALYSIS,CNN-BiLSTM,BENIGN,0.9950000047683716,BENIGN,0.9768624305725098,DDoS,0.5423296093940735,False,False,ACTIVE,False,False
5,EXTERNAL_NPZ_SEQUENCE,ids_5_attacks_1000_sequences.npz,4,38877,2026-09-29T07:33:40.435203+00:00,5,,,SEQ-2EC91F642D1C,,3,DoS Hulk,1,DDoS,0.8615545034408569,0.5096924901008606,0.3370387554168701,0.37920883297920227,False,MEDIUM,DEEP_ANALYSIS,CNN-BiLSTM,BENIGN,0.9950713515281677,DDoS,0.5220229029655457,DDoS,0.8615545034408569,False,False,ACTIVE,False,False
6,EXTERNAL_NPZ_SEQUENCE,ids_5_attacks_1000_sequences.npz,5,38903,2026-09-29T07:33:40.435203+00:00,1,,,SEQ-985AACFFE156,,3,DoS Hulk,3,DoS Hulk,1.0,,1.0,1.103408932685852,True,HIGH,FAST_ATTACK_PATH,Random Forest,DoS Hulk,1.0,DoS Hulk,0.9946094751358032,DoS Hulk,0.89730304479599,True,False,ACTIVE,False,False
7,EXTERNAL_NPZ_SEQUENCE,ids_5_attacks_1000_sequences.npz,6,38980,2026-09-29T07:33:40.435203+00:00,2,,,SEQ-899C8CE1F08F,,3,DoS Hulk,0,BENIGN,1.0,0.06418216973543167,0.07330220937728882,0.04806293174624443,False,NORMAL,DEEP_ANALYSIS,Random Forest,BENIGN,1.0,BENIGN,0.9947094917297363,BENIGN,0.8525723218917847,False,False,ACTIVE,False,False
8,EXTERNAL_NPZ_SEQUENCE,ids_5_attacks_1000_sequences.npz,7,38999,2026-09-29T07:33:40.435203+00:00,3,,,SEQ-3828FA487237,,3,DoS Hulk,0,BENIGN,0.999783456325531,0.12815481424331665,0.10301199555397034,0.061372239142656326,False,NORMAL,DEEP_ANALYSIS,Random Forest,BENIGN,0.999783456325531,BENIGN,0.9947094917297363,BENIGN,0.6826498508453369,False,False,ACTIVE,False,False
9,EXTERNAL_NPZ_SEQUENCE,ids_5_attacks_1000_sequences.npz,8,39019,2026-09-29T07:33:40.435203+00:00,4,,,SEQ-B17AA1AFEA2B,,3,DoS Hulk,3,DoS Hulk,0.9302021861076355,0.6986225843429565,1.0,0.9341482520103455,True,HIGH,DEEP_ANALYSIS,FedProx70 MLP,BENIGN,0.7464746832847595,DoS Hulk,0.9302021861076355,DDoS,0.62530517578125,True,False,ACTIVE,False,False
10,EXTERNAL_NPZ_SEQUENCE,ids_5_attacks_1000_sequences.npz,9,39058,2026-09-29T07:33:40.435203+00:00,5,,,SEQ-16FBD3A5EB2F,,3,DoS Hulk,3,DoS Hulk,0.9908677339553833,0.6600829362869263,0.8184170722961426,0.9208168983459473,True,HIGH,DEEP_ANALYSIS,FedProx70 MLP,BENIGN,1.0,DoS Hulk,0.9908677339553833,DoS Hulk,0.6858859062194824,True,False,ACTIVE,False,False
11,EXTERNAL_NPZ_SEQUENCE,ids_5_attacks_1000_sequences.npz,10,39075,2026-09-29T07:33:40.435203+00:00,1,,,SEQ-D7D7C46B202F,,3,DoS Hulk,3,DoS Hulk,1.0,,1.0,1.1902815103530884,True,HIGH,FAST_ATTACK_PATH,Random Forest,DoS Hulk,1.0,DoS Hulk,0.9949949979782104,DoS Hulk,0.9714531898498535,True,False,ACTIVE,False,False
12,EXTERNAL_NPZ_SEQUENCE,ids_5_attacks_1000_sequences.npz,11,39095,2026-09-29T07:33:40.435203+00:00,2,,,SEQ-F1FE2966C9D2,,3,DoS Hulk,3,DoS Hulk,0.9946013689041138,0.7820837497711182,1.0,0.9140264391899109,True,HIGH,DEEP_ANALYSIS,FedProx70 MLP,BENIGN,0.9750000238418579,DoS Hulk,0.9946013689041138,DoS Hulk,0.9391524195671082,True,False,ACTIVE,False,False
13,EXTERNAL_NPZ_SEQUENCE,ids_5_attacks_1000_sequences.npz,12,39109,2026-09-29T07:33:40.435203+00:00,3,,,SEQ-0482390C83C3,,3,DoS Hulk,0,BENIGN,0.999783456325531,0.14424949884414673,0.09415045380592346,0.05609273165464401,False,NORMAL,DEEP_ANALYSIS,Random Forest,BENIGN,0.999783456325531,BENIGN,0.9899829030036926,BENIGN,0.6369186043739319,False,False,ACTIVE,False,False
14,EXTERNAL_NPZ_SEQUENCE,ids_5_attacks_1000_sequences.npz,13,39119,2026-09-29T07:33:40.435203+00:00,4,,,SEQ-8D86FBC9B8AF,,3,DoS Hulk,0,BENIGN,1.0,0.037893906235694885,0.06400319933891296,0.05510210245847702,False,NORMAL,DEEP_ANALYSIS,Random Forest,BENIGN,1.0,BENIGN,0.982298731803894,BENIGN,0.9343341588973999,False,False,ACTIVE,False,False
15,EXTERNAL_NPZ_SEQUENCE,ids_5_attacks_1000_sequences.npz,14,39124,2026-09-29T07:33:40.435203+00:00,5,,,SEQ-4B798083F03C,,3,DoS Hulk,0,BENIGN,1.0,0.03870485723018646,0.05440393090248108,0.06121091917157173,False,NORMAL,DEEP_ANALYSIS,Random Forest,BENIGN,1.0,BENIGN,0.989966630935669,BENIGN,0.9213306903839111,False,False,ACTIVE,False,False
16,EXTERNAL_NPZ_SEQUENCE,ids_5_attacks_1000_sequences.npz,15,39126,2026-09-29T07:33:40.435203+00:00,1,,,SEQ-5F3AEDA84F10,,3,DoS Hulk,3,DoS Hulk,1.0,,1.0,1.165556788444519,True,HIGH,FAST_ATTACK_PATH,Random Forest,DoS Hulk,1.0,DoS Hulk,0.9919208288192749,DoS Hulk,0.9529944658279419,True,False,ACTIVE,False,False
17,EXTERNAL_NPZ_SEQUENCE,ids_5_attacks_1000_sequences.npz,16,39127,2026-09-29T07:33:40.435203+00:00,2,,,SEQ-EA0CDF95640E,,3,DoS Hulk,3,DoS Hulk,0.9860081076622009,0.7742873430252075,1.0,0.7964823842048645,True,HIGH,DEEP_ANALYSIS,FedProx70 MLP,BENIGN,0.9355497360229492,DoS Hulk,0.9860081076622009,DoS Hulk,0.9016995429992676,True,False,ACTIVE,False,False
18,EXTERNAL_NPZ_SEQUENCE,ids_5_attacks_1000_sequences.npz,17,39131,2026-09-29T07:33:40.435203+00:00,3,,,SEQ-838C12A46258,,3,DoS Hulk,3,DoS Hulk,0.988853931427002,0.7624624967575073,1.0,0.7611511945724487,True,HIGH,DEEP_ANALYSIS,FedProx70 MLP,BENIGN,0.8907964825630188,DoS Hulk,0.988853931427002,DoS Hulk,0.8399019241333008,True,False,ACTIVE,False,False
19,EXTERNAL_NPZ_SEQUENCE,ids_5_attacks_1000_sequences.npz,18,39153,2026-09-29T07:33:40.435203+00:00,4,,,SEQ-D4FAFBA4345A,,3,DoS Hulk,3,DoS Hulk,0.9867897629737854,0.8033119440078735,0.9972637891769409,0.8585716485977173,True,CRITICAL,DEEP_ANALYSIS,FedProx70 MLP,BENIGN,0.9062764644622803,DoS Hulk,0.9867897629737854,DoS Hulk,0.9684020280838013,True,False,ACTIVE,False,False
20,EXTERNAL_NPZ_SEQUENCE,ids_5_attacks_1000_sequences.npz,19,39201,2026-09-29T07:33:40.435203+00:00,5,,,SEQ-42E3D371A4DD,,3,DoS Hulk,3,DoS Hulk,0.9874234795570374,0.7308810949325562,1.0,1.2178213596343994,True,HIGH,DEEP_ANALYSIS,FedProx70 MLP,BENIGN,1.0,DoS Hulk,0.9874234795570374,DoS Hulk,0.8132973313331604,True,False,ACTIVE,False,False
21,EXTERNAL_NPZ_SEQUENCE,ids_5_attacks_1000_sequences.npz,20,39233,2026-09-29T07:33:40.435203+00:00,1,,,SEQ-2A06A45B5D63,,3,DoS Hulk,3,DoS Hulk,0.8681830167770386,0.1911877989768982,0.04967237263917923,0.045823920518159866,False,NORMAL,DEEP_ANALYSIS,Random Forest,DoS Hulk,0.8681830167770386,BENIGN,0.9865807294845581,BENIGN,0.9826441407203674,True,False,ACTIVE,False,False
22,EXTERNAL_NPZ_SEQUENCE,ids_5_attacks_1000_sequences.npz,21,39259,2026-09-29T07:33:40.435203+00:00,2,,,SEQ-44845395B2F9,,3,DoS Hulk,3,DoS Hulk,0.9837977290153503,0.7853410243988037,1.0,1.1851874589920044,True,HIGH,DEEP_ANALYSIS,FedProx70 MLP,BENIGN,0.9340131878852844,DoS Hulk,0.9837977290153503,DoS Hulk,0.934298038482666,True,False,ACTIVE,False,False
23,EXTERNAL_NPZ_SEQUENCE,ids_5_attacks_1000_sequences.npz,22,39282,2026-09-29T07:33:40.435203+00:00,3,,,SEQ-06E0776B47B0,,3,DoS Hulk,3,DoS Hulk,0.9869455695152283,0.7694345712661743,1.0,0.9649264216423035,True,HIGH,DEEP_ANALYSIS,FedProx70 MLP,BENIGN,0.803229808807373,DoS Hulk,0.9869455695152283,DoS Hulk,0.8114197850227356,True,False,ACTIVE,False,False
24,EXTERNAL_NPZ_SEQUENCE,ids_5_attacks_1000_sequences.npz,23,39291,2026-09-29T07:33:40.435203+00:00,4,,,SEQ-FBCBBFC50287,,3,DoS Hulk,3,DoS Hulk,0.9576245546340942,0.7868218421936035,1.0,1.4632257223129272,True,HIGH,DEEP_ANALYSIS,FedProx70 MLP,BENIGN,0.9112764596939087,DoS Hulk,0.9576245546340942,DoS Hulk,0.9479706883430481,True,False,ACTIVE,False,False
25,EXTERNAL_NPZ_SEQUENCE,ids_5_attacks_1000_sequences.npz,24,39299,2026-09-29T07:33:40.435203+00:00,5,,,SEQ-2E78CC623CCF,,3,DoS Hulk,3,DoS Hulk,0.9871238470077515,0.7771501541137695,1.0,1.227896809577942,True,HIGH,DEEP_ANALYSIS,FedProx70 MLP,BENIGN,1.0,DoS Hulk,0.9871238470077515,DoS Hulk,0.9457516074180603,True,False,ACTIVE,False,False
26,EXTERNAL_NPZ_SEQUENCE,ids_5_attacks_1000_sequences.npz,25,39346,2026-09-29T07:33:40.435203+00:00,1,,,SEQ-67A598799EC3,,3,DoS Hulk,3,DoS Hulk,0.6696850061416626,0.19082005321979523,0.05401240289211273,0.0498276948928833,False,NORMAL,DEEP_ANALYSIS,Random Forest,DoS Hulk,0.6696850061416626,BENIGN,0.989966630935669,BENIGN,0.8692252039909363,True,False,ACTIVE,False,False
27,EXTERNAL_NPZ_SEQUENCE,ids_5_attacks_1000_sequences.npz,26,39349,2026-09-29T07:33:40.435203+00:00,2,,,SEQ-25318C62B34B,,3,DoS Hulk,0,BENIGN,1.0,0.0682753175497055,0.0938899889588356,0.06156196817755699,False,NORMAL,DEEP_ANALYSIS,Random Forest,BENIGN,1.0,BENIGN,0.9976909160614014,BENIGN,0.8471454381942749,False,False,ACTIVE,False,False
28,EXTERNAL_NPZ_SEQUENCE,ids_5_attacks_1000_sequences.npz,27,39405,2026-09-29T07:33:40.435203+00:00,3,,,SEQ-9A58C4E22978,,3,DoS Hulk,3,DoS Hulk,0.9870763421058655,0.8095657825469971,1.0,0.947383463382721,True,CRITICAL,DEEP_ANALYSIS,FedProx70 MLP,BENIGN,0.7943518161773682,DoS Hulk,0.9870763421058655,DoS Hulk,0.920894980430603,True,False,ACTIVE,False,False
29,EXTERNAL_NPZ_SEQUENCE,ids_5_attacks_1000_sequences.npz,28,39415,2026-09-29T07:33:40.435203+00:00,4,,,SEQ-5DCC35A646FA,,3,DoS Hulk,0,BENIGN,1.0,0.042386990040540695,0.2338135540485382,0.20129646360874176,False,NORMAL,DEEP_ANALYSIS,Random Forest,BENIGN,1.0,BENIGN,0.9768667817115784,BENIGN,0.9989286065101624,False,False,ACTIVE,False,False
30,EXTERNAL_NPZ_SEQUENCE,ids_5_attacks_1000_sequences.npz,29,39446,2026-09-29T07:33:40.435203+00:00,5,,,SEQ-EEBDDCDE5B74,,3,DoS Hulk,0,BENIGN,1.0,0.03851289302110672,0.2238529473543167,0.2518613040447235,False,NORMAL,DEEP_ANALYSIS,Random Forest,BENIGN,1.0,BENIGN,0.999047577381134,BENIGN,0.9867165088653564,False,False,ACTIVE,False,False
31,EXTERNAL_NPZ_SEQUENCE,ids_5_attacks_1000_sequences.npz,30,39460,2026-09-29T07:33:40.435203+00:00,1,,,SEQ-23E182790ADE,,3,DoS Hulk,3,DoS Hulk,1.0,,0.40845048427581787,0.37680506706237793,False,HIGH,FAST_ATTACK_PATH,Random Forest,DoS Hulk,1.0,DoS Hulk,0.9322947263717651,DoS Hulk,0.6645443439483643,True,False,ACTIVE,False,False
32,EXTERNAL_NPZ_SEQUENCE,ids_5_attacks_1000_sequences.npz,31,39464,2026-09-29T07:33:40.435203+00:00,2,,,SEQ-9502A81610CD,,3,DoS Hulk,3,DoS Hulk,0.9866573214530945,0.6727032661437988,1.0,0.8314405083656311,True,HIGH,DEEP_ANALYSIS,FedProx70 MLP,BENIGN,0.8986193537712097,DoS Hulk,0.9866573214530945,DoS Hulk,0.5897999405860901,True,False,ACTIVE,False,False
33,EXTERNAL_NPZ_SEQUENCE,ids_5_attacks_1000_sequences.npz,32,39488,2026-09-29T07:33:40.435203+00:00,3,,,SEQ-2E4D4E0825CB,,3,DoS Hulk,3,DoS Hulk,0.988943338394165,0.8020584583282471,1.0,0.7462530732154846,True,CRITICAL,DEEP_ANALYSIS,FedProx70 MLP,BENIGN,0.7943518161773682,DoS Hulk,0.988943338394165,DoS Hulk,0.8978452086448669,True,False,ACTIVE,False,False
34,EXTERNAL_NPZ_SEQUENCE,ids_5_attacks_1000_sequences.npz,33,39532,2026-09-29T07:33:40.435203+00:00,4,,,SEQ-CEB53CB198B2,,3,DoS Hulk,3,DoS Hulk,0.9645307660102844,0.8249715566635132,1.0,1.3991129398345947,True,CRITICAL,DEEP_ANALYSIS,FedProx70 MLP,BENIGN,0.7412803769111633,DoS Hulk,0.9645307660102844,DoS Hulk,0.9539097547531128,True,False,ACTIVE,False,False
35,EXTERNAL_NPZ_SEQUENCE,ids_5_attacks_1000_sequences.npz,34,39572,2026-09-29T07:33:40.435203+00:00,5,,,SEQ-011891903D73,,3,DoS Hulk,3,DoS Hulk,0.9865039587020874,0.769591212272644,1.0,1.8810516595840454,True,HIGH,DEEP_ANALYSIS,FedProx70 MLP,BENIGN,1.0,DoS Hulk,0.9865039587020874,DoS Hulk,0.9246858954429626,True,False,ACTIVE,False,False
36,EXTERNAL_NPZ_SEQUENCE,ids_5_attacks_1000_sequences.npz,35,39594,2026-09-29T07:33:40.435203+00:00,1,,,SEQ-E2A11F2F91E1,,3,DoS Hulk,3,DoS Hulk,0.6199955344200134,0.18607178330421448,0.06272294372320175,0.05786336958408356,False,NORMAL,DEEP_ANALYSIS,Random Forest,DoS Hulk,0.6199955344200134,BENIGN,0.9947094917297363,BENIGN,0.8540655374526978,True,False,ACTIVE,False,False
37,EXTERNAL_NPZ_SEQUENCE,ids_5_attacks_1000_sequences.npz,36,39615,2026-09-29T07:33:40.435203+00:00,2,,,SEQ-8834320297CD,,3,DoS Hulk,3,DoS Hulk,0.9854909181594849,0.7986747026443481,1.0,0.8360623121261597,True,HIGH,DEEP_ANALYSIS,FedProx70 MLP,BENIGN,0.8986193537712097,DoS Hulk,0.9854909181594849,DoS Hulk,0.9507179856300354,True,False,ACTIVE,False,False
38,EXTERNAL_NPZ_SEQUENCE,ids_5_attacks_1000_sequences.npz,37,39628,2026-09-29T07:33:40.435203+00:00,3,,,SEQ-06E08EBCC6DF,,3,DoS Hulk,3,DoS Hulk,0.9769821166992188,0.8224941492080688,1.0,0.9168152809143066,True,CRITICAL,DEEP_ANALYSIS,FedProx70 MLP,BENIGN,0.6855189800262451,DoS Hulk,0.9769821166992188,DoS Hulk,0.9042951464653015,True,False,ACTIVE,False,False
39,EXTERNAL_NPZ_SEQUENCE,ids_5_attacks_1000_sequences.npz,38,39703,2026-09-29T07:33:40.435203+00:00,4,,,SEQ-52B4CE6E42B1,,3,DoS Hulk,3,DoS Hulk,0.9849652051925659,0.6380095481872559,0.7277618646621704,0.6265500783920288,True,HIGH,DEEP_ANALYSIS,FedProx70 MLP,BENIGN,0.9112764596939087,DoS Hulk,0.9849652051925659,DoS Hulk,0.616031289100647,True,False,ACTIVE,False,False
40,EXTERNAL_NPZ_SEQUENCE,ids_5_attacks_1000_sequences.npz,39,39737,2026-09-29T07:33:40.435203+00:00,5,,,SEQ-F8105FD790A1,,3,DoS Hulk,3,DoS Hulk,0.9847283363342285,0.7822256088256836,1.0,1.3915067911148071,True,HIGH,DEEP_ANALYSIS,FedProx70 MLP,BENIGN,1.0,DoS Hulk,0.9847283363342285,DoS Hulk,0.9623059034347534,True,False,ACTIVE,False,False
41,EXTERNAL_NPZ_SEQUENCE,ids_5_attacks_1000_sequences.npz,40,39746,2026-09-29T07:33:40.435203+00:00,1,,,SEQ-A11C6686CFC1,,3,DoS Hulk,3,DoS Hulk,1.0,,1.0,1.2170079946517944,True,HIGH,FAST_ATTACK_PATH,Random Forest,DoS Hulk,1.0,DoS Hulk,0.9865109920501709,DoS Hulk,0.967250645160675,True,False,ACTIVE,False,False
42,EXTERNAL_NPZ_SEQUENCE,ids_5_attacks_1000_sequences.npz,41,39793,2026-09-29T07:33:40.435203+00:00,2,,,SEQ-77AE0E2AE54A,,3,DoS Hulk,3,DoS Hulk,0.6277982592582703,0.3821658790111542,1.0,2.140871047973633,True,LOW,DEEP_ANALYSIS,CNN-BiLSTM,BENIGN,0.9553242325782776,BENIGN,0.9883289337158203,DoS Hulk,0.6277982592582703,True,False,ACTIVE,False,False
43,EXTERNAL_NPZ_SEQUENCE,ids_5_attacks_1000_sequences.npz,42,39807,2026-09-29T07:33:40.435203+00:00,3,,,SEQ-292A28DE60E2,,3,DoS Hulk,0,BENIGN,0.9998576045036316,0.03316238150000572,0.04506400600075722,0.026848124340176582,False,NORMAL,DEEP_ANALYSIS,Random Forest,BENIGN,0.9998576045036316,BENIGN,0.9126371145248413,BENIGN,0.9995273351669312,False,False,ACTIVE,False,False
44,EXTERNAL_NPZ_SEQUENCE,ids_5_attacks_1000_sequences.npz,43,39827,2026-09-29T07:33:40.435203+00:00,4,,,SEQ-A3EE1D857D83,,3,DoS Hulk,3,DoS Hulk,0.9870514869689941,0.6937677264213562,0.9325419664382935,0.8028508424758911,True,HIGH,DEEP_ANALYSIS,FedProx70 MLP,BENIGN,0.896396279335022,DoS Hulk,0.9870514869689941,DoS Hulk,0.6772863268852234,True,False,ACTIVE,False,False
45,EXTERNAL_NPZ_SEQUENCE,ids_5_attacks_1000_sequences.npz,44,39840,2026-09-29T07:33:40.435203+00:00,5,,,SEQ-BE57F9F76A9D,,3,DoS Hulk,3,DoS Hulk,0.986565887928009,0.7245362997055054,1.0,1.3204247951507568,True,HIGH,DEEP_ANALYSIS,FedProx70 MLP,BENIGN,1.0,DoS Hulk,0.986565887928009,DoS Hulk,0.7959044575691223,True,False,ACTIVE,False,False
46,EXTERNAL_NPZ_SEQUENCE,ids_5_attacks_1000_sequences.npz,45,39958,2026-09-29T07:33:40.435203+00:00,1,,,SEQ-83CEC81C29E6,,3,DoS Hulk,3,DoS Hulk,1.0,,1.0,1.0256942510604858,True,HIGH,FAST_ATTACK_PATH,Random Forest,DoS Hulk,1.0,DoS Hulk,0.9851041436195374,DoS Hulk,0.951374888420105,True,False,ACTIVE,False,False
47,EXTERNAL_NPZ_SEQUENCE,ids_5_attacks_1000_sequences.npz,46,39980,2026-09-29T07:33:40.435203+00:00,2,,,SEQ-99ECECDD981F,,3,DoS Hulk,0,BENIGN,1.0,0.21214412152767181,0.036616817116737366,0.024008983746170998,False,LOW,DEEP_ANALYSIS,Random Forest,BENIGN,1.0,BENIGN,0.9255834221839905,BENIGN,0.47335249185562134,False,False,ACTIVE,False,False
48,EXTERNAL_NPZ_SEQUENCE,ids_5_attacks_1000_sequences.npz,47,39986,2026-09-29T07:33:40.435203+00:00,3,,,SEQ-8D56991C8A40,,3,DoS Hulk,3,DoS Hulk,0.9947053790092468,0.8094372749328613,1.0,0.9471103549003601,True,CRITICAL,DEEP_ANALYSIS,FedProx70 MLP,BENIGN,0.8288084864616394,DoS Hulk,0.9947053790092468,DoS Hulk,0.9336780309677124,True,False,ACTIVE,False,False
49,EXTERNAL_NPZ_SEQUENCE,ids_5_attacks_1000_sequences.npz,48,40010,2026-09-29T07:33:40.435203+00:00,4,,,SEQ-4A665094D530,,3,DoS Hulk,3,DoS Hulk,0.9749606251716614,0.8328198194503784,1.0,1.277559757232666,True,CRITICAL,DEEP_ANALYSIS,CNN-BiLSTM,BENIGN,0.7412803769111633,DoS Hulk,0.966132402420044,DoS Hulk,0.9749606251716614,True,False,ACTIVE,False,False
50,EXTERNAL_NPZ_SEQUENCE,ids_5_attacks_1000_sequences.npz,49,40026,2026-09-29T07:33:40.435203+00:00,5,,,SEQ-2958BE8F0DF3,,3,DoS Hulk,3,DoS Hulk,0.9894171357154846,0.7829022407531738,1.0,1.1554909944534302,True,HIGH,DEEP_ANALYSIS,FedProx70 MLP,BENIGN,1.0,DoS Hulk,0.9894171357154846,DoS Hulk,0.960220456123352,True,False,ACTIVE,False,False
51,EXTERNAL_NPZ_SEQUENCE,ids_5_attacks_1000_sequences.npz,50,40068,2026-09-29T07:33:40.435203+00:00,1,,,SEQ-7A798CC50A1E,,3,DoS Hulk,3,DoS Hulk,0.9614150524139404,,0.023383598774671555,0.021571913734078407,False,HIGH,FAST_ATTACK_PATH,Random Forest,DoS Hulk,0.9614150524139404,BENIGN,0.9124800562858582,BENIGN,0.5689749121665955,True,False,ACTIVE,False,False
52,EXTERNAL_NPZ_SEQUENCE,ids_5_attacks_1000_sequences.npz,51,40111,2026-09-29T07:33:40.435203+00:00,2,,,SEQ-5AF90E578BE9,,3,DoS Hulk,3,DoS Hulk,0.9945517182350159,0.7690638303756714,1.0,0.827579140663147,True,HIGH,DEEP_ANALYSIS,FedProx70 MLP,BENIGN,0.9700000286102295,DoS Hulk,0.9945517182350159,DoS Hulk,0.8991379141807556,True,False,ACTIVE,False,False
53,EXTERNAL_NPZ_SEQUENCE,ids_5_attacks_1000_sequences.npz,52,40116,2026-09-29T07:33:40.435203+00:00,3,,,SEQ-1845F8CC8DB2,,3,DoS Hulk,3,DoS Hulk,0.9858648777008057,0.8404908180236816,1.0,0.822725772857666,True,CRITICAL,DEEP_ANALYSIS,FedProx70 MLP,BENIGN,0.6485819816589355,DoS Hulk,0.9858648777008057,DoS Hulk,0.9269934892654419,True,False,ACTIVE,False,False
54,EXTERNAL_NPZ_SEQUENCE,ids_5_attacks_1000_sequences.npz,53,40134,2026-09-29T07:33:40.435203+00:00,4,,,SEQ-301B4AD38996,,3,DoS Hulk,3,DoS Hulk,0.9934357404708862,0.8126767873764038,1.0,1.0895243883132935,True,CRITICAL,DEEP_ANALYSIS,FedProx70 MLP,BENIGN,0.8328001499176025,DoS Hulk,0.9934357404708862,DoS Hulk,0.946303129196167,True,False,ACTIVE,False,False
55,EXTERNAL_NPZ_SEQUENCE,ids_5_attacks_1000_sequences.npz,54,40187,2026-09-29T07:33:40.435203+00:00,5,,,SEQ-525DA7727814,,3,DoS Hulk,3,DoS Hulk,0.9816399216651917,0.7206801176071167,0.6400362253189087,0.7201171517372131,False,HIGH,DEEP_ANALYSIS,FedProx70 MLP,BENIGN,1.0,DoS Hulk,0.9816399216651917,DoS Hulk,0.9433792233467102,True,False,ACTIVE,False,False
56,EXTERNAL_NPZ_SEQUENCE,ids_5_attacks_1000_sequences.npz,55,40200,2026-09-29T07:33:40.435203+00:00,1,,,SEQ-E246945EBE61,,3,DoS Hulk,3,DoS Hulk,1.0,,0.9734673500061035,0.8980462551116943,True,HIGH,FAST_ATTACK_PATH,Random Forest,DoS Hulk,1.0,DoS Hulk,0.9850167036056519,DoS Hulk,0.9124789834022522,True,False,ACTIVE,False,False
57,EXTERNAL_NPZ_SEQUENCE,ids_5_attacks_1000_sequences.npz,56,40211,2026-09-29T07:33:40.435203+00:00,2,,,SEQ-8F64364514C9,,3,DoS Hulk,3,DoS Hulk,0.9944753050804138,0.7564101219177246,1.0,0.9656569361686707,True,HIGH,DEEP_ANALYSIS,FedProx70 MLP,BENIGN,0.9604600071907043,DoS Hulk,0.9944753050804138,DoS Hulk,0.8575985431671143,True,False,ACTIVE,False,False
58,EXTERNAL_NPZ_SEQUENCE,ids_5_attacks_1000_sequences.npz,57,40265,2026-09-29T07:33:40.435203+00:00,3,,,SEQ-FF071837F270,,3,DoS Hulk,3,DoS Hulk,0.994754433631897,0.8116328716278076,1.0,0.9412152171134949,True,CRITICAL,DEEP_ANALYSIS,FedProx70 MLP,BENIGN,0.8682166934013367,DoS Hulk,0.994754433631897,DoS Hulk,0.962428092956543,True,False,ACTIVE,False,False
59,EXTERNAL_NPZ_SEQUENCE,ids_5_attacks_1000_sequences.npz,58,40297,2026-09-29T07:33:40.435203+00:00,4,,,SEQ-4F404E61D001,,3,DoS Hulk,0,BENIGN,1.0,0.031192516908049583,0.20225901901721954,0.17413030564785004,False,NORMAL,DEEP_ANALYSIS,Random Forest,BENIGN,1.0,BENIGN,0.999047577381134,BENIGN,0.9983773231506348,False,False,ACTIVE,False,False
60,EXTERNAL_NPZ_SEQUENCE,ids_5_attacks_1000_sequences.npz,59,40314,2026-09-29T07:33:40.435203+00:00,5,,,SEQ-E08F168DC8A4,,3,DoS Hulk,3,DoS Hulk,0.9886628985404968,0.783649742603302,0.995530366897583,1.1200906038284302,True,HIGH,DEEP_ANALYSIS,FedProx70 MLP,BENIGN,1.0,DoS Hulk,0.9886628985404968,DoS Hulk,0.9649180769920349,True,False,ACTIVE,False,False
61,EXTERNAL_NPZ_SEQUENCE,ids_5_attacks_1000_sequences.npz,60,40317,2026-09-29T07:33:40.435203+00:00,1,,,SEQ-95C37A1542E5,,3,DoS Hulk,3,DoS Hulk,1.0,,1.0,1.3210604190826416,True,HIGH,FAST_ATTACK_PATH,Random Forest,DoS Hulk,1.0,DoS Hulk,0.9666947722434998,DoS Hulk,0.959102213382721,True,False,ACTIVE,False,False
62,EXTERNAL_NPZ_SEQUENCE,ids_5_attacks_1000_sequences.npz,61,40365,2026-09-29T07:33:40.435203+00:00,2,,,SEQ-BDCD31D4C4F8,,3,DoS Hulk,3,DoS Hulk,0.9863553643226624,0.8030133247375488,1.0,0.9128615856170654,True,CRITICAL,DEEP_ANALYSIS,FedProx70 MLP,BENIGN,0.9086213111877441,DoS Hulk,0.9863553643226624,DoS Hulk,0.9680885076522827,True,False,ACTIVE,False,False
63,EXTERNAL_NPZ_SEQUENCE,ids_5_attacks_1000_sequences.npz,62,40380,2026-09-29T07:33:40.435203+00:00,3,,,SEQ-3DF6051997F7,,3,DoS Hulk,3,DoS Hulk,0.523402214050293,0.212351992726326,0.044917117804288864,0.026760613545775414,False,LOW,DEEP_ANALYSIS,CNN-BiLSTM,BENIGN,1.0,BENIGN,0.9252545237541199,DoS Hulk,0.523402214050293,True,False,ACTIVE,False,False
64,EXTERNAL_NPZ_SEQUENCE,ids_5_attacks_1000_sequences.npz,63,40384,2026-09-29T07:33:40.435203+00:00,4,,,SEQ-970DB33A4F4A,,3,DoS Hulk,0,BENIGN,1.0,0.19586960971355438,0.08119909465312958,0.06990651786327362,False,NORMAL,DEEP_ANALYSIS,Random Forest,BENIGN,1.0,BENIGN,0.9959332346916199,BENIGN,0.47865796089172363,False,False,ACTIVE,False,False
65,EXTERNAL_NPZ_SEQUENCE,ids_5_attacks_1000_sequences.npz,64,40400,2026-09-29T07:33:40.435203+00:00,5,,,SEQ-B71BEC3AE6BA,,3,DoS Hulk,3,DoS Hulk,0.9829226732254028,0.692533016204834,1.0,2.0449607372283936,True,HIGH,DEEP_ANALYSIS,FedProx70 MLP,BENIGN,1.0,DoS Hulk,0.9829226732254028,DoS Hulk,0.7075892686843872,True,False,ACTIVE,False,False
66,EXTERNAL_NPZ_SEQUENCE,ids_5_attacks_1000_sequences.npz,65,40407,2026-09-29T07:33:40.435203+00:00,1,,,SEQ-28F1C3275A50,,3,DoS Hulk,3,DoS Hulk,1.0,,0.41893818974494934,0.3864802420139313,False,HIGH,FAST_ATTACK_PATH,Random Forest,DoS Hulk,1.0,BENIGN,0.9763126373291016,BENIGN,0.9958429932594299,True,False,ACTIVE,False,False
67,EXTERNAL_NPZ_SEQUENCE,ids_5_attacks_1000_sequences.npz,66,40535,2026-09-29T07:33:40.435203+00:00,2,,,SEQ-45D3D9D19736,,3,DoS Hulk,0,BENIGN,1.0,0.07695970684289932,0.09386076033115387,0.061542801558971405,False,NORMAL,DEEP_ANALYSIS,Random Forest,BENIGN,1.0,BENIGN,0.9976931214332581,BENIGN,0.8223184943199158,False,False,ACTIVE,False,False
68,EXTERNAL_NPZ_SEQUENCE,ids_5_attacks_1000_sequences.npz,67,40542,2026-09-29T07:33:40.435203+00:00,3,,,SEQ-83C3E539934C,,3,DoS Hulk,0,BENIGN,0.9998576045036316,0.03427940607070923,0.04509028419852257,0.026863781735301018,False,NORMAL,DEEP_ANALYSIS,Random Forest,BENIGN,0.9998576045036316,BENIGN,0.9125021696090698,BENIGN,0.9964627623558044,False,False,ACTIVE,False,False
69,EXTERNAL_NPZ_SEQUENCE,ids_5_attacks_1000_sequences.npz,68,40575,2026-09-29T07:33:40.435203+00:00,4,,,SEQ-1DBF09BA0F61,,3,DoS Hulk,3,DoS Hulk,0.9953715205192566,0.7682638168334961,1.0,1.1028071641921997,True,HIGH,DEEP_ANALYSIS,FedProx70 MLP,BENIGN,0.8424795866012573,DoS Hulk,0.9953715205192566,DoS Hulk,0.8232806921005249,True,False,ACTIVE,False,False
70,EXTERNAL_NPZ_SEQUENCE,ids_5_attacks_1000_sequences.npz,69,40628,2026-09-29T07:33:40.435203+00:00,5,,,SEQ-008E21DD7596,,3,DoS Hulk,3,DoS Hulk,0.9883982539176941,0.7829976081848145,1.0,1.1995034217834473,True,HIGH,DEEP_ANALYSIS,FedProx70 MLP,BENIGN,1.0,DoS Hulk,0.9883982539176941,DoS Hulk,0.9613659381866455,True,False,ACTIVE,False,False
71,EXTERNAL_NPZ_SEQUENCE,ids_5_attacks_1000_sequences.npz,70,40649,2026-09-29T07:33:40.435203+00:00,1,,,SEQ-DA3CCD09C66A,,3,DoS Hulk,3,DoS Hulk,0.672475278377533,0.14774355292320251,0.05400225520133972,0.049818333238363266,False,NORMAL,DEEP_ANALYSIS,Random Forest,DoS Hulk,0.672475278377533,BENIGN,0.9899829030036926,BENIGN,0.993877112865448,True,False,ACTIVE,False,False
72,EXTERNAL_NPZ_SEQUENCE,ids_5_attacks_1000_sequences.npz,71,40650,2026-09-29T07:33:40.435203+00:00,2,,,SEQ-79F852D6A37E,,3,DoS Hulk,0,BENIGN,1.0,0.03981275111436844,0.03661031275987625,0.024004720151424408,False,NORMAL,DEEP_ANALYSIS,Random Forest,BENIGN,1.0,BENIGN,0.9123342633247375,BENIGN,0.9770814776420593,False,False,ACTIVE,False,False
73,EXTERNAL_NPZ_SEQUENCE,ids_5_attacks_1000_sequences.npz,72,40662,2026-09-29T07:33:40.435203+00:00,3,,,SEQ-9B30BEB684D9,,3,DoS Hulk,0,BENIGN,0.999783456325531,0.035468168556690216,0.20825453102588654,0.12407337874174118,False,NORMAL,DEEP_ANALYSIS,Random Forest,BENIGN,0.999783456325531,BENIGN,0.9990482926368713,BENIGN,0.9888538122177124,False,False,ACTIVE,False,False
74,EXTERNAL_NPZ_SEQUENCE,ids_5_attacks_1000_sequences.npz,73,40704,2026-09-29T07:33:40.435203+00:00,4,,,SEQ-2A221F396D50,,3,DoS Hulk,0,BENIGN,1.0,0.03772043436765671,0.20225901901721954,0.17413030564785004,False,NORMAL,DEEP_ANALYSIS,Random Forest,BENIGN,1.0,BENIGN,0.999047577381134,BENIGN,0.9797261357307434,False,False,ACTIVE,False,False
75,EXTERNAL_NPZ_SEQUENCE,ids_5_attacks_1000_sequences.npz,74,40706,2026-09-29T07:33:40.435203+00:00,5,,,SEQ-89FEB9A8575D,,3,DoS Hulk,0,BENIGN,0.980843722820282,0.06985053420066833,0.02552807331085205,0.028722131624817848,False,NORMAL,DEEP_ANALYSIS,Random Forest,BENIGN,0.980843722820282,BENIGN,0.9076668620109558,BENIGN,0.9014567732810974,False,False,ACTIVE,False,False
76,EXTERNAL_NPZ_SEQUENCE,ids_5_attacks_1000_sequences.npz,75,40730,2026-09-29T07:33:40.435203+00:00,1,,,SEQ-AFF5127DAF90,,3,DoS Hulk,3,DoS Hulk,0.7270105481147766,0.17535676062107086,0.19100740551948547,0.1762087643146515,False,NORMAL,DEEP_ANALYSIS,Random Forest,DoS Hulk,0.7270105481147766,BENIGN,0.999047577381134,BENIGN,0.9970920085906982,True,False,ACTIVE,False,False
77,EXTERNAL_NPZ_SEQUENCE,ids_5_attacks_1000_sequences.npz,76,40752,2026-09-29T07:33:40.435203+00:00,2,,,SEQ-3540FA9D7309,,3,DoS Hulk,3,DoS Hulk,0.9825356006622314,0.7061018943786621,1.0,0.9984554052352905,True,HIGH,DEEP_ANALYSIS,FedProx70 MLP,BENIGN,0.9264099597930908,DoS Hulk,0.9825356006622314,DoS Hulk,0.7046375870704651,True,False,ACTIVE,False,False
78,EXTERNAL_NPZ_SEQUENCE,ids_5_attacks_1000_sequences.npz,77,40757,2026-09-29T07:33:40.435203+00:00,3,,,SEQ-262F9B2AB601,,3,DoS Hulk,3,DoS Hulk,0.8974607586860657,0.7594480514526367,1.0,2.19142484664917,True,HIGH,DEEP_ANALYSIS,CNN-BiLSTM,BENIGN,0.7307550311088562,DoS Hulk,0.8049594759941101,DoS Hulk,0.8974607586860657,True,False,ACTIVE,False,False
79,EXTERNAL_NPZ_SEQUENCE,ids_5_attacks_1000_sequences.npz,78,40761,2026-09-29T07:33:40.435203+00:00,4,,,SEQ-7FC7A8F2A82F,,3,DoS Hulk,3,DoS Hulk,0.9948819875717163,0.7490274906158447,1.0,1.136573314666748,True,HIGH,DEEP_ANALYSIS,FedProx70 MLP,BENIGN,0.8331535458564758,DoS Hulk,0.9948819875717163,DoS Hulk,0.7634103298187256,True,False,ACTIVE,False,False
80,EXTERNAL_NPZ_SEQUENCE,ids_5_attacks_1000_sequences.npz,79,40776,2026-09-29T07:33:40.435203+00:00,5,,,SEQ-5F6C1FEB8ED7,,3,DoS Hulk,3,DoS Hulk,0.9887554049491882,0.7826563119888306,1.0,1.8573664426803589,True,HIGH,DEEP_ANALYSIS,FedProx70 MLP,BENIGN,1.0,DoS Hulk,0.9887554049491882,DoS Hulk,0.960084855556488,True,False,ACTIVE,False,False
81,EXTERNAL_NPZ_SEQUENCE,ids_5_attacks_1000_sequences.npz,80,40779,2026-09-29T07:33:40.435203+00:00,1,,,SEQ-9C48404E2C37,,3,DoS Hulk,3,DoS Hulk,1.0,,1.0,1.1123058795928955,True,HIGH,FAST_ATTACK_PATH,Random Forest,DoS Hulk,1.0,DoS Hulk,0.9949411153793335,DoS Hulk,0.9187222123146057,True,False,ACTIVE,False,False
82,EXTERNAL_NPZ_SEQUENCE,ids_5_attacks_1000_sequences.npz,81,40780,2026-09-29T07:33:40.435203+00:00,2,,,SEQ-839BF537D7D0,,3,DoS Hulk,3,DoS Hulk,0.9893276691436768,0.7948082685470581,1.0,0.9481232166290283,True,HIGH,DEEP_ANALYSIS,FedProx70 MLP,BENIGN,0.9627436995506287,DoS Hulk,0.9893276691436768,DoS Hulk,0.9730247855186462,True,False,ACTIVE,False,False
83,EXTERNAL_NPZ_SEQUENCE,ids_5_attacks_1000_sequences.npz,82,40785,2026-09-29T07:33:40.435203+00:00,3,,,SEQ-29BB933BC0D9,,3,DoS Hulk,3,DoS Hulk,0.9947773218154907,0.8214056491851807,1.0,1.0546681880950928,True,CRITICAL,DEEP_ANALYSIS,FedProx70 MLP,BENIGN,0.7861679792404175,DoS Hulk,0.9947773218154907,DoS Hulk,0.9434458017349243,True,False,ACTIVE,False,False
84,EXTERNAL_NPZ_SEQUENCE,ids_5_attacks_1000_sequences.npz,83,40787,2026-09-29T07:33:40.435203+00:00,4,,,SEQ-F5FEC9FF87A8,,3,DoS Hulk,3,DoS Hulk,0.9949829578399658,0.8193284273147583,1.0,1.1867706775665283,True,CRITICAL,DEEP_ANALYSIS,FedProx70 MLP,BENIGN,0.8428000211715698,DoS Hulk,0.9949829578399658,DoS Hulk,0.9696958661079407,True,False,ACTIVE,False,False
85,EXTERNAL_NPZ_SEQUENCE,ids_5_attacks_1000_sequences.npz,84,40793,2026-09-29T07:33:40.435203+00:00,5,,,SEQ-EC645A6CF516,,3,DoS Hulk,3,DoS Hulk,0.99505615234375,0.7903459072113037,1.0,1.274013638496399,True,HIGH,DEEP_ANALYSIS,FedProx70 MLP,BENIGN,1.0,DoS Hulk,0.99505615234375,DoS Hulk,0.9766544103622437,True,False,ACTIVE,False,False
86,EXTERNAL_NPZ_SEQUENCE,ids_5_attacks_1000_sequences.npz,85,40843,2026-09-29T07:33:40.435203+00:00,1,,,SEQ-97107464A516,,3,DoS Hulk,3,DoS Hulk,1.0,,0.4189435541629791,0.38648515939712524,False,HIGH,FAST_ATTACK_PATH,Random Forest,DoS Hulk,1.0,BENIGN,0.9763096570968628,BENIGN,0.9730743169784546,True,False,ACTIVE,False,False
87,EXTERNAL_NPZ_SEQUENCE,ids_5_attacks_1000_sequences.npz,86,40867,2026-09-29T07:33:40.435203+00:00,2,,,SEQ-56CF54CB4289,,3,DoS Hulk,3,DoS Hulk,0.9828817844390869,0.777381181716919,1.0,0.9571229219436646,True,HIGH,DEEP_ANALYSIS,FedProx70 MLP,BENIGN,0.9136213064193726,DoS Hulk,0.9828817844390869,DoS Hulk,0.9006884694099426,True,False,ACTIVE,False,False
88,EXTERNAL_NPZ_SEQUENCE,ids_5_attacks_1000_sequences.npz,87,40868,2026-09-29T07:33:40.435203+00:00,3,,,SEQ-FCA4C96F6BD7,,3,DoS Hulk,3,DoS Hulk,0.9801515936851501,0.7895662784576416,1.0,0.8517712950706482,True,HIGH,DEEP_ANALYSIS,FedProx70 MLP,BENIGN,0.9761192202568054,DoS Hulk,0.9801515936851501,DoS Hulk,0.9735561013221741,True,False,ACTIVE,False,False
89,EXTERNAL_NPZ_SEQUENCE,ids_5_attacks_1000_sequences.npz,88,40877,2026-09-29T07:33:40.435203+00:00,4,,,SEQ-4B21602E17A2,,3,DoS Hulk,0,BENIGN,1.0,0.04468290135264397,0.233814537525177,0.2012973129749298,False,NORMAL,DEEP_ANALYSIS,Random Forest,BENIGN,1.0,BENIGN,0.9768656492233276,BENIGN,0.9923702478408813,False,False,ACTIVE,False,False
90,EXTERNAL_NPZ_SEQUENCE,ids_5_attacks_1000_sequences.npz,89,40897,2026-09-29T07:33:40.435203+00:00,5,,,SEQ-16E9D7A5B0AC,,3,DoS Hulk,3,DoS Hulk,0.9866037368774414,0.7005840539932251,0.8939542174339294,1.005805253982544,True,HIGH,DEEP_ANALYSIS,FedProx70 MLP,BENIGN,1.0,DoS Hulk,0.9866037368774414,DoS Hulk,0.7728849649429321,True,False,ACTIVE,False,False
91,EXTERNAL_NPZ_SEQUENCE,ids_5_attacks_1000_sequences.npz,90,40912,2026-09-29T07:33:40.435203+00:00,1,,,SEQ-E56D26FB2FFA,,3,DoS Hulk,3,DoS Hulk,1.0,,0.418932169675827,0.3864746391773224,False,HIGH,FAST_ATTACK_PATH,Random Forest,DoS Hulk,1.0,BENIGN,0.9768651723861694,BENIGN,0.9957330822944641,True,False,ACTIVE,False,False
92,EXTERNAL_NPZ_SEQUENCE,ids_5_attacks_1000_sequences.npz,91,40930,2026-09-29T07:33:40.435203+00:00,2,,,SEQ-FD58BEA35ED4,,3,DoS Hulk,0,BENIGN,1.0,0.06471771001815796,0.036610282957553864,0.024004697799682617,False,NORMAL,DEEP_ANALYSIS,Random Forest,BENIGN,1.0,BENIGN,0.9123521447181702,BENIGN,0.9059091210365295,False,False,ACTIVE,False,False
93,EXTERNAL_NPZ_SEQUENCE,ids_5_attacks_1000_sequences.npz,92,40934,2026-09-29T07:33:40.435203+00:00,3,,,SEQ-2DBF71158C0E,,3,DoS Hulk,0,BENIGN,0.999783456325531,0.029186341911554337,0.12154239416122437,0.07241223752498627,False,NORMAL,DEEP_ANALYSIS,Random Forest,BENIGN,0.999783456325531,BENIGN,0.9976931214332581,BENIGN,0.9708011150360107,False,False,ACTIVE,False,False
94,EXTERNAL_NPZ_SEQUENCE,ids_5_attacks_1000_sequences.npz,93,40936,2026-09-29T07:33:40.435203+00:00,4,,,SEQ-3631776AEF9D,,3,DoS Hulk,0,BENIGN,1.0,0.027051065117120743,0.0700649619102478,0.060320835560560226,False,NORMAL,DEEP_ANALYSIS,Random Forest,BENIGN,1.0,BENIGN,0.9899829030036926,BENIGN,0.9613251686096191,False,False,ACTIVE,False,False
95,EXTERNAL_NPZ_SEQUENCE,ids_5_attacks_1000_sequences.npz,94,41017,2026-09-29T07:33:40.435203+00:00,5,,,SEQ-C29E0F810B56,,3,DoS Hulk,3,DoS Hulk,0.9889001846313477,0.7765833139419556,1.0,1.2160528898239136,True,HIGH,DEEP_ANALYSIS,FedProx70 MLP,BENIGN,1.0,DoS Hulk,0.9889001846313477,DoS Hulk,0.9426091909408569,True,False,ACTIVE,False,False
96,EXTERNAL_NPZ_SEQUENCE,ids_5_attacks_1000_sequences.npz,95,41023,2026-09-29T07:33:40.435203+00:00,1,,,SEQ-D57A7203102B,,3,DoS Hulk,3,DoS Hulk,0.6199955344200134,0.14530962705612183,0.06272292882204056,0.05786336213350296,False,NORMAL,DEEP_ANALYSIS,Random Forest,DoS Hulk,0.6199955344200134,BENIGN,0.9947094917297363,BENIGN,0.9705288410186768,True,False,ACTIVE,False,False
97,EXTERNAL_NPZ_SEQUENCE,ids_5_attacks_1000_sequences.npz,96,41072,2026-09-29T07:33:40.435203+00:00,2,,,SEQ-0F6B9F2FDA76,,3,DoS Hulk,3,DoS Hulk,0.994648277759552,0.78354811668396,1.0,0.8948580026626587,True,HIGH,DEEP_ANALYSIS,FedProx70 MLP,BENIGN,0.9604600071907043,DoS Hulk,0.994648277759552,DoS Hulk,0.9349874258041382,True,False,ACTIVE,False,False
98,EXTERNAL_NPZ_SEQUENCE,ids_5_attacks_1000_sequences.npz,97,41080,2026-09-29T07:33:40.435203+00:00,3,,,SEQ-F37C2220B384,,3,DoS Hulk,3,DoS Hulk,0.9949841499328613,0.8157421350479126,1.0,1.0374891757965088,True,CRITICAL,DEEP_ANALYSIS,FedProx70 MLP,BENIGN,0.8147041201591492,DoS Hulk,0.9949841499328613,DoS Hulk,0.9433935284614563,True,False,ACTIVE,False,False
99,EXTERNAL_NPZ_SEQUENCE,ids_5_attacks_1000_sequences.npz,98,41086,2026-09-29T07:33:40.435203+00:00,4,,,SEQ-45BE12B067C0,,3,DoS Hulk,3,DoS Hulk,0.9916315674781799,0.8232039213180542,1.0,1.4222184419631958,True,CRITICAL,DEEP_ANALYSIS,FedProx70 MLP,BENIGN,0.8229196071624756,DoS Hulk,0.9916315674781799,DoS Hulk,0.9722810983657837,True,False,ACTIVE,False,False
100,EXTERNAL_NPZ_SEQUENCE,ids_5_attacks_1000_sequences.npz,99,41090,2026-09-29T07:33:40.435203+00:00,5,,,SEQ-B054AD43153D,,3,DoS Hulk,3,DoS Hulk,0.9877886176109314,0.7855563163757324,1.0,1.2912046909332275,True,HIGH,DEEP_ANALYSIS,FedProx70 MLP,BENIGN,1.0,DoS Hulk,0.9877886176109314,DoS Hulk,0.9691991806030273,True,False,ACTIVE,False,False
101,EXTERNAL_NPZ_SEQUENCE,ids_5_attacks_1000_sequences.npz,100,41102,2026-09-29T07:33:40.435203+00:00,1,,,SEQ-6F82FC403058,,3,DoS Hulk,3,DoS Hulk,1.0,,1.0,1.3387435674667358,True,HIGH,FAST_ATTACK_PATH,Random Forest,DoS Hulk,1.0,DoS Hulk,0.9714097380638123,DoS Hulk,0.736761748790741,True,False,ACTIVE,False,False
102,EXTERNAL_NPZ_SEQUENCE,ids_5_attacks_1000_sequences.npz,101,41109,2026-09-29T07:33:40.435203+00:00,2,,,SEQ-01453D38C735,,3,DoS Hulk,0,BENIGN,0.9844759106636047,0.0540287047624588,0.03662378340959549,0.02401355281472206,False,NORMAL,DEEP_ANALYSIS,Random Forest,BENIGN,0.9844759106636047,BENIGN,0.9076668620109558,BENIGN,0.9493417739868164,False,False,ACTIVE,False,False
103,EXTERNAL_NPZ_SEQUENCE,ids_5_attacks_1000_sequences.npz,102,41128,2026-09-29T07:33:40.435203+00:00,3,,,SEQ-D5D487562E1F,,3,DoS Hulk,3,DoS Hulk,0.9857333898544312,0.7968783378601074,1.0,0.7772566676139832,True,HIGH,DEEP_ANALYSIS,FedProx70 MLP,BENIGN,0.7362302541732788,DoS Hulk,0.9857333898544312,DoS Hulk,0.8525840044021606,True,False,ACTIVE,False,False
104,EXTERNAL_NPZ_SEQUENCE,ids_5_attacks_1000_sequences.npz,103,41234,2026-09-29T07:33:40.435203+00:00,4,,,SEQ-C804F22D2A7D,,3,DoS Hulk,0,BENIGN,1.0,0.04719322919845581,0.23381127417087555,0.20129451155662537,False,NORMAL,DEEP_ANALYSIS,Random Forest,BENIGN,1.0,BENIGN,0.9768697023391724,BENIGN,0.9851930141448975,False,False,ACTIVE,False,False
105,EXTERNAL_NPZ_SEQUENCE,ids_5_attacks_1000_sequences.npz,104,41255,2026-09-29T07:33:40.435203+00:00,5,,,SEQ-2B58AD4255E4,,3,DoS Hulk,0,BENIGN,1.0,0.013208914548158646,0.06130298599600792,0.06897318363189697,False,NORMAL,DEEP_ANALYSIS,Random Forest,BENIGN,1.0,BENIGN,0.9947178959846497,BENIGN,0.9930604696273804,False,False,ACTIVE,False,False
106,EXTERNAL_NPZ_SEQUENCE,ids_5_attacks_1000_sequences.npz,105,41277,2026-09-29T07:33:40.435203+00:00,1,,,SEQ-9DF565A6DDEC,,3,DoS Hulk,3,DoS Hulk,1.0,,1.0,0.9645735025405884,True,HIGH,FAST_ATTACK_PATH,Random Forest,DoS Hulk,1.0,DoS Hulk,0.9260356426239014,DoS Hulk,0.9625610709190369,True,False,ACTIVE,False,False
107,EXTERNAL_NPZ_SEQUENCE,ids_5_attacks_1000_sequences.npz,106,41327,2026-09-29T07:33:40.435203+00:00,2,,,SEQ-ED307AD48FE1,,3,DoS Hulk,3,DoS Hulk,0.9861786365509033,0.7732462882995605,1.0,1.5285309553146362,True,HIGH,DEEP_ANALYSIS,FedProx70 MLP,BENIGN,0.8866481781005859,DoS Hulk,0.9861786365509033,DoS Hulk,0.8706352710723877,True,False,ACTIVE,False,False
108,EXTERNAL_NPZ_SEQUENCE,ids_5_attacks_1000_sequences.npz,107,41328,2026-09-29T07:33:40.435203+00:00,3,,,SEQ-215A9CEB8A72,,3,DoS Hulk,3,DoS Hulk,0.8972058296203613,0.7368135452270508,1.0,1.4297441244125366,True,HIGH,DEEP_ANALYSIS,FedProx70 MLP,BENIGN,0.6878892183303833,DoS Hulk,0.8972058296203613,DoS Hulk,0.7292274236679077,True,False,ACTIVE,False,False
109,EXTERNAL_NPZ_SEQUENCE,ids_5_attacks_1000_sequences.npz,108,41347,2026-09-29T07:33:40.435203+00:00,4,,,SEQ-9F080A4C1067,,3,DoS Hulk,3,DoS Hulk,0.990738570690155,0.7488517761230469,1.0,1.0605782270431519,True,HIGH,DEEP_ANALYSIS,FedProx70 MLP,BENIGN,0.9064657092094421,DoS Hulk,0.990738570690155,DoS Hulk,0.8083523511886597,True,False,ACTIVE,False,False
110,EXTERNAL_NPZ_SEQUENCE,ids_5_attacks_1000_sequences.npz,109,41355,2026-09-29T07:33:40.435203+00:00,5,,,SEQ-BE3774DEA698,,3,DoS Hulk,3,DoS Hulk,0.9851735830307007,0.7806825637817383,1.0,1.1471335887908936,True,HIGH,DEEP_ANALYSIS,FedProx70 MLP,BENIGN,1.0,DoS Hulk,0.9851735830307007,DoS Hulk,0.9575156569480896,True,False,ACTIVE,False,False
111,EXTERNAL_NPZ_SEQUENCE,ids_5_attacks_1000_sequences.npz,110,41359,2026-09-29T07:33:40.435203+00:00,1,,,SEQ-9438CFB98A23,,3,DoS Hulk,3,DoS Hulk,1.0,,1.0,1.0740063190460205,True,HIGH,FAST_ATTACK_PATH,Random Forest,DoS Hulk,1.0,DoS Hulk,0.9899096488952637,DoS Hulk,0.9582314491271973,True,False,ACTIVE,False,False
112,EXTERNAL_NPZ_SEQUENCE,ids_5_attacks_1000_sequences.npz,111,41378,2026-09-29T07:33:40.435203+00:00,2,,,SEQ-C4094FA92465,,3,DoS Hulk,0,BENIGN,1.0,0.03841059282422066,0.03661011531949043,0.024004589766263962,False,NORMAL,DEEP_ANALYSIS,Random Forest,BENIGN,1.0,BENIGN,0.9124236106872559,BENIGN,0.9810109734535217,False,False,ACTIVE,False,False
113,EXTERNAL_NPZ_SEQUENCE,ids_5_attacks_1000_sequences.npz,112,41381,2026-09-29T07:33:40.435203+00:00,3,,,SEQ-24EA3696D24E,,3,DoS Hulk,0,BENIGN,0.999783456325531,0.15757325291633606,0.12152501195669174,0.07240188121795654,False,NORMAL,DEEP_ANALYSIS,Random Forest,BENIGN,0.999783456325531,BENIGN,0.9976909160614014,BENIGN,0.603975772857666,False,False,ACTIVE,False,False
114,EXTERNAL_NPZ_SEQUENCE,ids_5_attacks_1000_sequences.npz,113,41388,2026-09-29T07:33:40.435203+00:00,4,,,SEQ-441860FADCE7,,3,DoS Hulk,0,BENIGN,1.0,0.024487335234880447,0.07008469104766846,0.060337819159030914,False,NORMAL,DEEP_ANALYSIS,Random Forest,BENIGN,1.0,BENIGN,0.989966630935669,BENIGN,0.968672513961792,False,False,ACTIVE,False,False
115,EXTERNAL_NPZ_SEQUENCE,ids_5_attacks_1000_sequences.npz,114,41423,2026-09-29T07:33:40.435203+00:00,5,,,SEQ-EA2202F39BD8,,3,DoS Hulk,3,DoS Hulk,0.9880961179733276,0.7323443293571472,0.8070760369300842,0.9080569744110107,True,HIGH,DEEP_ANALYSIS,FedProx70 MLP,BENIGN,1.0,DoS Hulk,0.9880961179733276,DoS Hulk,0.8995830416679382,True,False,ACTIVE,False,False
116,EXTERNAL_NPZ_SEQUENCE,ids_5_attacks_1000_sequences.npz,115,41575,2026-09-29T07:33:40.435203+00:00,1,,,SEQ-9E1DD6C6E733,,3,DoS Hulk,3,DoS Hulk,1.0,,0.4189014136791229,0.3864462971687317,False,HIGH,FAST_ATTACK_PATH,Random Forest,DoS Hulk,1.0,BENIGN,0.9763200283050537,DoS Hulk,0.4845714867115021,True,False,ACTIVE,False,False
117,EXTERNAL_NPZ_SEQUENCE,ids_5_attacks_1000_sequences.npz,116,41630,2026-09-29T07:33:40.435203+00:00,2,,,SEQ-29FA05DA1E53,,3,DoS Hulk,0,BENIGN,1.0,0.029161237180233,0.06487876176834106,0.04253982752561569,False,NORMAL,DEEP_ANALYSIS,Random Forest,BENIGN,1.0,BENIGN,0.9865807294845581,BENIGN,0.9559895992279053,False,False,ACTIVE,False,False
118,EXTERNAL_NPZ_SEQUENCE,ids_5_attacks_1000_sequences.npz,117,41645,2026-09-29T07:33:40.435203+00:00,3,,,SEQ-097CC7C22B54,,3,DoS Hulk,3,DoS Hulk,0.9864050149917603,0.8145731687545776,1.0,0.8012986183166504,True,CRITICAL,DEEP_ANALYSIS,FedProx70 MLP,BENIGN,0.7362302541732788,DoS Hulk,0.9864050149917603,DoS Hulk,0.9025648236274719,True,False,ACTIVE,False,False
119,EXTERNAL_NPZ_SEQUENCE,ids_5_attacks_1000_sequences.npz,118,41666,2026-09-29T07:33:40.435203+00:00,4,,,SEQ-3F56A2E9D860,,3,DoS Hulk,3,DoS Hulk,0.9870595932006836,0.8358485698699951,1.0,1.1446257829666138,True,CRITICAL,DEEP_ANALYSIS,FedProx70 MLP,BENIGN,0.7467095851898193,DoS Hulk,0.9870595932006836,DoS Hulk,0.9687787890434265,True,False,ACTIVE,False,False
120,EXTERNAL_NPZ_SEQUENCE,ids_5_attacks_1000_sequences.npz,119,41690,2026-09-29T07:33:40.435203+00:00,5,,,SEQ-EC2DCAA989E2,,3,DoS Hulk,3,DoS Hulk,0.9819499850273132,0.7791579365730286,0.9774474501609802,1.0997451543807983,True,HIGH,DEEP_ANALYSIS,FedProx70 MLP,BENIGN,1.0,DoS Hulk,0.9819499850273132,DoS Hulk,0.9655880331993103,True,False,ACTIVE,False,False
121,EXTERNAL_NPZ_SEQUENCE,ids_5_attacks_1000_sequences.npz,120,41707,2026-09-29T07:33:40.435203+00:00,1,,,SEQ-13378E39AD41,,3,DoS Hulk,3,DoS Hulk,1.0,,1.0,1.9707978963851929,True,HIGH,FAST_ATTACK_PATH,Random Forest,DoS Hulk,1.0,DoS Hulk,0.9898645281791687,DoS Hulk,0.9195548892021179,True,False,ACTIVE,False,False
122,EXTERNAL_NPZ_SEQUENCE,ids_5_attacks_1000_sequences.npz,121,41717,2026-09-29T07:33:40.435203+00:00,2,,,SEQ-0AAF78B6C1E0,,3,DoS Hulk,0,BENIGN,1.0,0.15120011568069458,0.0938899889588356,0.06156196817755699,False,NORMAL,DEEP_ANALYSIS,Random Forest,BENIGN,1.0,BENIGN,0.9976909160614014,BENIGN,0.6102174520492554,False,False,ACTIVE,False,False
123,EXTERNAL_NPZ_SEQUENCE,ids_5_attacks_1000_sequences.npz,122,41723,2026-09-29T07:33:40.435203+00:00,3,,,SEQ-7087AC4AFAE5,,3,DoS Hulk,0,BENIGN,0.999783456325531,0.03912704810500145,0.20825453102588654,0.12407337874174118,False,NORMAL,DEEP_ANALYSIS,Random Forest,BENIGN,0.999783456325531,BENIGN,0.9990482926368713,BENIGN,0.9783998727798462,False,False,ACTIVE,False,False
124,EXTERNAL_NPZ_SEQUENCE,ids_5_attacks_1000_sequences.npz,123,41736,2026-09-29T07:33:40.435203+00:00,4,,,SEQ-67078981D42A,,3,DoS Hulk,0,BENIGN,1.0,0.05085357278585434,0.07006494700908661,0.06032082065939903,False,NORMAL,DEEP_ANALYSIS,Random Forest,BENIGN,1.0,BENIGN,0.9899829030036926,BENIGN,0.8933179974555969,False,False,ACTIVE,False,False
125,EXTERNAL_NPZ_SEQUENCE,ids_5_attacks_1000_sequences.npz,124,41802,2026-09-29T07:33:40.435203+00:00,5,,,SEQ-ABBB1B16290C,,3,DoS Hulk,3,DoS Hulk,0.9842284917831421,0.7820711135864258,1.0,1.48479163646698,True,HIGH,DEEP_ANALYSIS,FedProx70 MLP,BENIGN,1.0,DoS Hulk,0.9842284917831421,DoS Hulk,0.9622929692268372,True,False,ACTIVE,False,False
126,EXTERNAL_NPZ_SEQUENCE,ids_5_attacks_1000_sequences.npz,125,41846,2026-09-29T07:33:40.435203+00:00,1,,,SEQ-E370AE9225D4,,3,DoS Hulk,3,DoS Hulk,1.0,,1.0,1.0578422546386719,True,HIGH,FAST_ATTACK_PATH,Random Forest,DoS Hulk,1.0,DoS Hulk,0.9947472214698792,DoS Hulk,0.8667528033256531,True,False,ACTIVE,False,False
127,EXTERNAL_NPZ_SEQUENCE,ids_5_attacks_1000_sequences.npz,126,41851,2026-09-29T07:33:40.435203+00:00,2,,,SEQ-3EC8B6CACD2A,,3,DoS Hulk,3,DoS Hulk,0.9885845184326172,0.7630301713943481,1.0,0.7439633011817932,True,HIGH,DEEP_ANALYSIS,FedProx70 MLP,BENIGN,0.949579656124115,DoS Hulk,0.9885845184326172,DoS Hulk,0.8753449320793152,True,False,ACTIVE,False,False
128,EXTERNAL_NPZ_SEQUENCE,ids_5_attacks_1000_sequences.npz,127,41868,2026-09-29T07:33:40.435203+00:00,3,,,SEQ-DB9499F3E3CB,,3,DoS Hulk,0,BENIGN,0.999783456325531,0.09657815098762512,0.10301199555397034,0.061372239142656326,False,NORMAL,DEEP_ANALYSIS,Random Forest,BENIGN,0.999783456325531,BENIGN,0.9947094917297363,BENIGN,0.7728688716888428,False,False,ACTIVE,False,False
129,EXTERNAL_NPZ_SEQUENCE,ids_5_attacks_1000_sequences.npz,128,41875,2026-09-29T07:33:40.435203+00:00,4,,,SEQ-06D7090372C1,,3,DoS Hulk,0,BENIGN,1.0,0.027894726023077965,0.07008469104766846,0.060337819159030914,False,NORMAL,DEEP_ANALYSIS,Random Forest,BENIGN,1.0,BENIGN,0.989966630935669,BENIGN,0.9589371085166931,False,False,ACTIVE,False,False
130,EXTERNAL_NPZ_SEQUENCE,ids_5_attacks_1000_sequences.npz,129,41883,2026-09-29T07:33:40.435203+00:00,5,,,SEQ-EA7474A460F8,,3,DoS Hulk,0,BENIGN,1.0,0.013940664008259773,0.04973047226667404,0.05595272406935692,False,NORMAL,DEEP_ANALYSIS,Random Forest,BENIGN,1.0,BENIGN,0.982298731803894,BENIGN,0.9966551065444946,False,False,ACTIVE,False,False
131,EXTERNAL_NPZ_SEQUENCE,ids_5_attacks_1000_sequences.npz,130,41898,2026-09-29T07:33:40.435203+00:00,1,,,SEQ-FA968EED9BE0,,3,DoS Hulk,3,DoS Hulk,1.0,,1.0,1.0957484245300293,True,HIGH,FAST_ATTACK_PATH,Random Forest,DoS Hulk,1.0,DoS Hulk,0.995061457157135,DoS Hulk,0.9251897931098938,True,False,ACTIVE,False,False
132,EXTERNAL_NPZ_SEQUENCE,ids_5_attacks_1000_sequences.npz,131,41921,2026-09-29T07:33:40.435203+00:00,2,,,SEQ-1D06CCF1239D,,3,DoS Hulk,3,DoS Hulk,0.9813520312309265,0.8070416450500488,1.0,1.0409153699874878,True,CRITICAL,DEEP_ANALYSIS,FedProx70 MLP,BENIGN,0.8902079463005066,DoS Hulk,0.9813520312309265,DoS Hulk,0.9733647108078003,True,False,ACTIVE,False,False
133,EXTERNAL_NPZ_SEQUENCE,ids_5_attacks_1000_sequences.npz,132,41923,2026-09-29T07:33:40.435203+00:00,3,,,SEQ-BD8D7E8D7A65,,3,DoS Hulk,3,DoS Hulk,0.9872310757637024,0.825911283493042,1.0,0.9652600884437561,True,CRITICAL,DEEP_ANALYSIS,FedProx70 MLP,BENIGN,0.7750943303108215,DoS Hulk,0.9872310757637024,DoS Hulk,0.956459641456604,True,False,ACTIVE,False,False
134,EXTERNAL_NPZ_SEQUENCE,ids_5_attacks_1000_sequences.npz,133,41926,2026-09-29T07:33:40.435203+00:00,4,,,SEQ-1612B99F8B9B,,3,DoS Hulk,3,DoS Hulk,0.9926447868347168,0.7805420160293579,1.0,1.0495301485061646,True,HIGH,DEEP_ANALYSIS,FedProx70 MLP,BENIGN,0.8528000116348267,DoS Hulk,0.9926447868347168,DoS Hulk,0.8665958642959595,True,False,ACTIVE,False,False
135,EXTERNAL_NPZ_SEQUENCE,ids_5_attacks_1000_sequences.npz,134,41965,2026-09-29T07:33:40.435203+00:00,5,,,SEQ-3276230FFCF8,,3,DoS Hulk,3,DoS Hulk,0.9867613315582275,0.786056399345398,1.0,1.2552578449249268,True,HIGH,DEEP_ANALYSIS,FedProx70 MLP,BENIGN,1.0,DoS Hulk,0.9867613315582275,DoS Hulk,0.9715087413787842,True,False,ACTIVE,False,False
136,EXTERNAL_NPZ_SEQUENCE,ids_5_attacks_1000_sequences.npz,135,41992,2026-09-29T07:33:40.435203+00:00,1,,,SEQ-7264141AA51E,,3,DoS Hulk,3,DoS Hulk,0.6199955344200134,0.2627798020839691,0.06272294372320175,0.05786336958408356,False,LOW,DEEP_ANALYSIS,Random Forest,DoS Hulk,0.6199955344200134,BENIGN,0.9947094917297363,BENIGN,0.6348997354507446,True,False,ACTIVE,False,False
137,EXTERNAL_NPZ_SEQUENCE,ids_5_attacks_1000_sequences.npz,136,41994,2026-09-29T07:33:40.435203+00:00,2,,,SEQ-FCE88EABEA7B,,3,DoS Hulk,0,BENIGN,0.9990482926368713,0.03951265290379524,0.22298464179039001,0.14620698988437653,False,NORMAL,DEEP_ANALYSIS,FedProx70 MLP,BENIGN,0.9961714744567871,BENIGN,0.9990482926368713,BENIGN,0.985675036907196,False,False,ACTIVE,False,False
138,EXTERNAL_NPZ_SEQUENCE,ids_5_attacks_1000_sequences.npz,137,42020,2026-09-29T07:33:40.435203+00:00,3,,,SEQ-44CACBFDE811,,3,DoS Hulk,3,DoS Hulk,0.9877405762672424,0.7918918132781982,1.0,0.7160921692848206,True,HIGH,DEEP_ANALYSIS,FedProx70 MLP,BENIGN,0.8357259631156921,DoS Hulk,0.9877405762672424,DoS Hulk,0.893470823764801,True,False,ACTIVE,False,False
139,EXTERNAL_NPZ_SEQUENCE,ids_5_attacks_1000_sequences.npz,138,42033,2026-09-29T07:33:40.435203+00:00,4,,,SEQ-782CE78CED1C,,3,DoS Hulk,3,DoS Hulk,0.9949797987937927,0.7604050636291504,1.0,1.230742335319519,True,HIGH,DEEP_ANALYSIS,FedProx70 MLP,BENIGN,0.8428000211715698,DoS Hulk,0.9949797987937927,DoS Hulk,0.8013461828231812,True,False,ACTIVE,False,False
140,EXTERNAL_NPZ_SEQUENCE,ids_5_attacks_1000_sequences.npz,139,42042,2026-09-29T07:33:40.435203+00:00,5,,,SEQ-3FFB73555BDC,,3,DoS Hulk,0,BENIGN,1.0,0.051940955221652985,0.2238529473543167,0.2518613040447235,False,NORMAL,DEEP_ANALYSIS,Random Forest,BENIGN,1.0,BENIGN,0.999047577381134,BENIGN,0.9483506083488464,False,False,ACTIVE,False,False
141,EXTERNAL_NPZ_SEQUENCE,ids_5_attacks_1000_sequences.npz,140,42047,2026-09-29T07:33:40.435203+00:00,1,,,SEQ-08B9AC88B662,,3,DoS Hulk,3,DoS Hulk,0.6199955344200134,0.1403159350156784,0.06272294372320175,0.05786336958408356,False,NORMAL,DEEP_ANALYSIS,Random Forest,DoS Hulk,0.6199955344200134,BENIGN,0.9947094917297363,BENIGN,0.9847965240478516,True,False,ACTIVE,False,False
142,EXTERNAL_NPZ_SEQUENCE,ids_5_attacks_1000_sequences.npz,141,42099,2026-09-29T07:33:40.435203+00:00,2,,,SEQ-B20B05F691B7,,3,DoS Hulk,3,DoS Hulk,0.9843683838844299,0.7393163442611694,1.0,1.244764804840088,True,HIGH,DEEP_ANALYSIS,FedProx70 MLP,BENIGN,0.9293668270111084,DoS Hulk,0.9843683838844299,DoS Hulk,0.7996549010276794,True,False,ACTIVE,False,False
143,EXTERNAL_NPZ_SEQUENCE,ids_5_attacks_1000_sequences.npz,142,42136,2026-09-29T07:33:40.435203+00:00,3,,,SEQ-EA13D7AD8727,,3,DoS Hulk,0,BENIGN,0.999783456325531,0.034604545682668686,0.09415045380592346,0.05609273165464401,False,NORMAL,DEEP_ANALYSIS,Random Forest,BENIGN,0.999783456325531,BENIGN,0.9899829030036926,BENIGN,0.9501898884773254,False,False,ACTIVE,False,False
144,EXTERNAL_NPZ_SEQUENCE,ids_5_attacks_1000_sequences.npz,143,42159,2026-09-29T07:33:40.435203+00:00,4,,,SEQ-858BBACD7D72,,3,DoS Hulk,0,BENIGN,1.0,0.19135458767414093,0.030062152072787285,0.02588132582604885,False,NORMAL,DEEP_ANALYSIS,Random Forest,BENIGN,1.0,BENIGN,0.9279372096061707,BENIGN,0.5279245376586914,False,False,ACTIVE,False,False
145,EXTERNAL_NPZ_SEQUENCE,ids_5_attacks_1000_sequences.npz,144,42170,2026-09-29T07:33:40.435203+00:00,5,,,SEQ-73061F07F01A,,3,DoS Hulk,3,DoS Hulk,0.9699079990386963,0.7314392328262329,1.0,1.3346668481826782,True,HIGH,DEEP_ANALYSIS,FedProx70 MLP,BENIGN,1.0,DoS Hulk,0.9699079990386963,DoS Hulk,0.8299052119255066,True,False,ACTIVE,False,False
146,EXTERNAL_NPZ_SEQUENCE,ids_5_attacks_1000_sequences.npz,145,42178,2026-09-29T07:33:40.435203+00:00,1,,,SEQ-F4E26143A910,,3,DoS Hulk,3,DoS Hulk,1.0,,1.0,1.19370698928833,True,HIGH,FAST_ATTACK_PATH,Random Forest,DoS Hulk,1.0,DoS Hulk,0.9946601986885071,DoS Hulk,0.8995569944381714,True,False,ACTIVE,False,False
147,EXTERNAL_NPZ_SEQUENCE,ids_5_attacks_1000_sequences.npz,146,42214,2026-09-29T07:33:40.435203+00:00,2,,,SEQ-BE118987E95A,,3,DoS Hulk,3,DoS Hulk,0.9869268536567688,0.7885019779205322,1.0,0.979552149772644,True,HIGH,DEEP_ANALYSIS,FedProx70 MLP,BENIGN,0.9398862719535828,DoS Hulk,0.9869268536567688,DoS Hulk,0.9440033435821533,True,False,ACTIVE,False,False
148,EXTERNAL_NPZ_SEQUENCE,ids_5_attacks_1000_sequences.npz,147,42222,2026-09-29T07:33:40.435203+00:00,3,,,SEQ-74ABDE2D0F88,,3,DoS Hulk,3,DoS Hulk,0.9872112274169922,0.8260190486907959,1.0,0.9667437076568604,True,CRITICAL,DEEP_ANALYSIS,FedProx70 MLP,BENIGN,0.7885821461677551,DoS Hulk,0.9872112274169922,DoS Hulk,0.964491605758667,True,False,ACTIVE,False,False
149,EXTERNAL_NPZ_SEQUENCE,ids_5_attacks_1000_sequences.npz,148,42237,2026-09-29T07:33:40.435203+00:00,4,,,SEQ-FC63420D8480,,3,DoS Hulk,3,DoS Hulk,0.986491858959198,0.8266198635101318,1.0,0.9647111892700195,True,CRITICAL,DEEP_ANALYSIS,FedProx70 MLP,BENIGN,0.7412803769111633,DoS Hulk,0.986491858959198,DoS Hulk,0.9397952556610107,True,False,ACTIVE,False,False
150,EXTERNAL_NPZ_SEQUENCE,ids_5_attacks_1000_sequences.npz,149,42260,2026-09-29T07:33:40.435203+00:00,5,,,SEQ-7CF9DD7CF13E,,3,DoS Hulk,0,BENIGN,1.0,0.03680821508169174,0.22386778891086578,0.2518779933452606,False,NORMAL,DEEP_ANALYSIS,Random Forest,BENIGN,1.0,BENIGN,0.9990482926368713,BENIGN,0.9915927648544312,False,False,ACTIVE,False,False
151,EXTERNAL_NPZ_SEQUENCE,ids_5_attacks_1000_sequences.npz,150,42303,2026-09-29T07:33:40.435203+00:00,1,,,SEQ-A3FE946C0C1C,,3,DoS Hulk,3,DoS Hulk,1.0,,1.0,1.1297556161880493,True,HIGH,FAST_ATTACK_PATH,Random Forest,DoS Hulk,1.0,DoS Hulk,0.9851465821266174,DoS Hulk,0.8914190530776978,True,False,ACTIVE,False,False
152,EXTERNAL_NPZ_SEQUENCE,ids_5_attacks_1000_sequences.npz,151,42315,2026-09-29T07:33:40.435203+00:00,2,,,SEQ-A485A998BF65,,3,DoS Hulk,3,DoS Hulk,0.9887529611587524,0.7983534336090088,1.0,0.967485249042511,True,HIGH,DEEP_ANALYSIS,FedProx70 MLP,BENIGN,0.8983110785484314,DoS Hulk,0.9887529611587524,DoS Hulk,0.9468278884887695,True,False,ACTIVE,False,False
153,EXTERNAL_NPZ_SEQUENCE,ids_5_attacks_1000_sequences.npz,152,42320,2026-09-29T07:33:40.435203+00:00,3,,,SEQ-A910F22560DA,,3,DoS Hulk,3,DoS Hulk,0.983862578868866,0.8356219530105591,1.0,1.0732629299163818,True,CRITICAL,DEEP_ANALYSIS,FedProx70 MLP,BENIGN,0.7330523729324341,DoS Hulk,0.983862578868866,DoS Hulk,0.9630677700042725,True,False,ACTIVE,False,False
154,EXTERNAL_NPZ_SEQUENCE,ids_5_attacks_1000_sequences.npz,153,42321,2026-09-29T07:33:40.435203+00:00,4,,,SEQ-0407D3CD0F41,,3,DoS Hulk,3,DoS Hulk,0.9944625496864319,0.7847768068313599,1.0,1.1624380350112915,True,HIGH,DEEP_ANALYSIS,FedProx70 MLP,BENIGN,0.8478000164031982,DoS Hulk,0.9944625496864319,DoS Hulk,0.8742801547050476,True,False,ACTIVE,False,False
155,EXTERNAL_NPZ_SEQUENCE,ids_5_attacks_1000_sequences.npz,154,42327,2026-09-29T07:33:40.435203+00:00,5,,,SEQ-22E3FAC453F3,,3,DoS Hulk,3,DoS Hulk,0.9854735136032104,0.7791469097137451,1.0,1.2099114656448364,True,HIGH,DEEP_ANALYSIS,FedProx70 MLP,BENIGN,1.0,DoS Hulk,0.9854735136032104,DoS Hulk,0.9528711438179016,True,False,ACTIVE,False,False
156,EXTERNAL_NPZ_SEQUENCE,ids_5_attacks_1000_sequences.npz,155,42375,2026-09-29T07:33:40.435203+00:00,1,,,SEQ-84C8C1F8662E,,3,DoS Hulk,3,DoS Hulk,0.8908605575561523,0.5130168795585632,0.0236066747456789,0.02177770622074604,False,MEDIUM,DEEP_ANALYSIS,Random Forest,DoS Hulk,0.8908605575561523,BENIGN,0.9255337715148926,DoS Hulk,0.8827539682388306,True,False,ACTIVE,False,False
157,EXTERNAL_NPZ_SEQUENCE,ids_5_attacks_1000_sequences.npz,156,42381,2026-09-29T07:33:40.435203+00:00,2,,,SEQ-0E189AC0CE6F,,3,DoS Hulk,3,DoS Hulk,0.9932211637496948,0.7522341012954712,1.0,0.8830156326293945,True,HIGH,DEEP_ANALYSIS,FedProx70 MLP,BENIGN,0.9750000238418579,DoS Hulk,0.9932211637496948,DoS Hulk,0.8550507426261902,True,False,ACTIVE,False,False
158,EXTERNAL_NPZ_SEQUENCE,ids_5_attacks_1000_sequences.npz,157,42388,2026-09-29T07:33:40.435203+00:00,3,,,SEQ-A3F3087940B8,,3,DoS Hulk,3,DoS Hulk,0.9740176200866699,0.8415137529373169,1.0,1.4354339838027954,True,CRITICAL,DEEP_ANALYSIS,CNN-BiLSTM,BENIGN,0.6684730648994446,DoS Hulk,0.9476739764213562,DoS Hulk,0.9740176200866699,True,False,ACTIVE,False,False
159,EXTERNAL_NPZ_SEQUENCE,ids_5_attacks_1000_sequences.npz,158,42406,2026-09-29T07:33:40.435203+00:00,4,,,SEQ-5EC9857F62AD,,3,DoS Hulk,3,DoS Hulk,0.9941007494926453,0.78307044506073,1.0,1.1014477014541626,True,HIGH,DEEP_ANALYSIS,FedProx70 MLP,BENIGN,0.8428000211715698,DoS Hulk,0.9941007494926453,DoS Hulk,0.8668577671051025,True,False,ACTIVE,False,False
160,EXTERNAL_NPZ_SEQUENCE,ids_5_attacks_1000_sequences.npz,159,42417,2026-09-29T07:33:40.435203+00:00,5,,,SEQ-6806179CFFA5,,3,DoS Hulk,3,DoS Hulk,0.987387478351593,0.7865952253341675,1.0,1.243188738822937,True,HIGH,DEEP_ANALYSIS,FedProx70 MLP,BENIGN,1.0,DoS Hulk,0.987387478351593,DoS Hulk,0.9725114107131958,True,False,ACTIVE,False,False
161,EXTERNAL_NPZ_SEQUENCE,ids_5_attacks_1000_sequences.npz,160,42436,2026-09-29T07:33:40.435203+00:00,1,,,SEQ-900FF4FB46F1,,3,DoS Hulk,3,DoS Hulk,1.0,,1.0,1.244932770729065,True,HIGH,FAST_ATTACK_PATH,Random Forest,DoS Hulk,1.0,DoS Hulk,0.986396849155426,DoS Hulk,0.9566104412078857,True,False,ACTIVE,False,False
162,EXTERNAL_NPZ_SEQUENCE,ids_5_attacks_1000_sequences.npz,161,42452,2026-09-29T07:33:40.435203+00:00,2,,,SEQ-8E1543448620,,3,DoS Hulk,3,DoS Hulk,0.9897869825363159,0.7822549343109131,1.0,0.9503267407417297,True,HIGH,DEEP_ANALYSIS,FedProx70 MLP,BENIGN,0.9599999785423279,DoS Hulk,0.9897869825363159,DoS Hulk,0.9351965188980103,True,False,ACTIVE,False,False
163,EXTERNAL_NPZ_SEQUENCE,ids_5_attacks_1000_sequences.npz,162,42468,2026-09-29T07:33:40.435203+00:00,3,,,SEQ-15FFD1E6E4C6,,3,DoS Hulk,0,BENIGN,0.999783456325531,0.040049389004707336,0.20825065672397614,0.12407107651233673,False,NORMAL,DEEP_ANALYSIS,Random Forest,BENIGN,0.999783456325531,BENIGN,0.999047577381134,BENIGN,0.9757635593414307,False,False,ACTIVE,False,False
164,EXTERNAL_NPZ_SEQUENCE,ids_5_attacks_1000_sequences.npz,163,42478,2026-09-29T07:33:40.435203+00:00,4,,,SEQ-39A6C8037784,,3,DoS Hulk,0,BENIGN,1.0,0.021577617153525352,0.07008469104766846,0.060337819159030914,False,NORMAL,DEEP_ANALYSIS,Random Forest,BENIGN,1.0,BENIGN,0.989966630935669,BENIGN,0.9769859910011292,False,False,ACTIVE,False,False
165,EXTERNAL_NPZ_SEQUENCE,ids_5_attacks_1000_sequences.npz,164,42487,2026-09-29T07:33:40.435203+00:00,5,,,SEQ-EAC4ED0AE186,,3,DoS Hulk,0,BENIGN,1.0,0.12047995626926422,0.025509489700198174,0.02870122157037258,False,NORMAL,DEEP_ANALYSIS,Random Forest,BENIGN,1.0,BENIGN,0.9123127460479736,BENIGN,0.7418646812438965,False,False,ACTIVE,False,False
166,EXTERNAL_NPZ_SEQUENCE,ids_5_attacks_1000_sequences.npz,165,42505,2026-09-29T07:33:40.435203+00:00,1,,,SEQ-DA85FF97C5C1,,3,DoS Hulk,3,DoS Hulk,1.0,,1.0,1.4673476219177246,True,HIGH,FAST_ATTACK_PATH,Random Forest,DoS Hulk,1.0,DoS Hulk,0.9617371559143066,DoS Hulk,0.97113436460495,True,False,ACTIVE,False,False
167,EXTERNAL_NPZ_SEQUENCE,ids_5_attacks_1000_sequences.npz,166,42538,2026-09-29T07:33:40.435203+00:00,2,,,SEQ-1ACD4CEAF7C8,,3,DoS Hulk,3,DoS Hulk,0.9585489630699158,0.7935702800750732,1.0,1.3054183721542358,True,HIGH,DEEP_ANALYSIS,FedProx70 MLP,BENIGN,0.8860800862312317,DoS Hulk,0.9585489630699158,DoS Hulk,0.9520617127418518,True,False,ACTIVE,False,False
168,EXTERNAL_NPZ_SEQUENCE,ids_5_attacks_1000_sequences.npz,167,42576,2026-09-29T07:33:40.435203+00:00,3,,,SEQ-70210DD3EA59,,3,DoS Hulk,3,DoS Hulk,0.9841736555099487,0.8216294050216675,1.0,0.9399221539497375,True,CRITICAL,DEEP_ANALYSIS,FedProx70 MLP,BENIGN,0.7982637882232666,DoS Hulk,0.9841736555099487,DoS Hulk,0.9600858688354492,True,False,ACTIVE,False,False
169,EXTERNAL_NPZ_SEQUENCE,ids_5_attacks_1000_sequences.npz,168,42583,2026-09-29T07:33:40.435203+00:00,4,,,SEQ-D3B151BFAB97,,3,DoS Hulk,3,DoS Hulk,0.9872885942459106,0.7791719436645508,0.9689581394195557,0.8342025279998779,True,HIGH,DEEP_ANALYSIS,FedProx70 MLP,BENIGN,0.9062764644622803,DoS Hulk,0.9872885942459106,DoS Hulk,0.9111340641975403,True,False,ACTIVE,False,False
170,EXTERNAL_NPZ_SEQUENCE,ids_5_attacks_1000_sequences.npz,169,42601,2026-09-29T07:33:40.435203+00:00,5,,,SEQ-B57AD00271AE,,3,DoS Hulk,0,BENIGN,1.0,0.02231130376458168,0.03267443925142288,0.03676264360547066,False,NORMAL,DEEP_ANALYSIS,Random Forest,BENIGN,1.0,BENIGN,0.9765069484710693,BENIGN,0.9703936576843262,False,False,ACTIVE,False,False
171,EXTERNAL_NPZ_SEQUENCE,ids_5_attacks_1000_sequences.npz,170,42622,2026-09-29T07:33:40.435203+00:00,1,,,SEQ-746EAF64EF1C,,3,DoS Hulk,3,DoS Hulk,0.6199955344200134,0.13509254157543182,0.06272294372320175,0.05786336958408356,False,NORMAL,DEEP_ANALYSIS,Random Forest,DoS Hulk,0.6199955344200134,BENIGN,0.9947094917297363,BENIGN,0.9997205138206482,True,False,ACTIVE,False,False
172,EXTERNAL_NPZ_SEQUENCE,ids_5_attacks_1000_sequences.npz,171,42624,2026-09-29T07:33:40.435203+00:00,2,,,SEQ-469570A48402,,3,DoS Hulk,0,BENIGN,1.0,0.113946832716465,0.03659358248114586,0.023993749171495438,False,NORMAL,DEEP_ANALYSIS,Random Forest,BENIGN,1.0,BENIGN,0.9125660061836243,BENIGN,0.765064001083374,False,False,ACTIVE,False,False
173,EXTERNAL_NPZ_SEQUENCE,ids_5_attacks_1000_sequences.npz,172,42635,2026-09-29T07:33:40.435203+00:00,3,,,SEQ-5F6AB95CD6A9,,3,DoS Hulk,0,BENIGN,0.999783456325531,0.02169610559940338,0.10303356498479843,0.06138509139418602,False,NORMAL,DEEP_ANALYSIS,Random Forest,BENIGN,0.999783456325531,BENIGN,0.9947178959846497,BENIGN,0.9868196249008179,False,False,ACTIVE,False,False
174,EXTERNAL_NPZ_SEQUENCE,ids_5_attacks_1000_sequences.npz,173,42668,2026-09-29T07:33:40.435203+00:00,4,,,SEQ-3B8814316AA9,,3,DoS Hulk,3,DoS Hulk,0.9868882298469543,0.8089375495910645,1.0,0.9387289881706238,True,CRITICAL,DEEP_ANALYSIS,FedProx70 MLP,BENIGN,0.7467095851898193,DoS Hulk,0.9868882298469543,DoS Hulk,0.8920372724533081,True,False,ACTIVE,False,False
175,EXTERNAL_NPZ_SEQUENCE,ids_5_attacks_1000_sequences.npz,174,42694,2026-09-29T07:33:40.435203+00:00,5,,,SEQ-DB20E62183B3,,3,DoS Hulk,3,DoS Hulk,0.9948399662971497,0.7515038251876831,1.0,1.1289657354354858,True,HIGH,DEEP_ANALYSIS,FedProx70 MLP,BENIGN,1.0,DoS Hulk,0.9948399662971497,DoS Hulk,0.8658624887466431,True,False,ACTIVE,False,False
176,EXTERNAL_NPZ_SEQUENCE,ids_5_attacks_1000_sequences.npz,175,42755,2026-09-29T07:33:40.435203+00:00,1,,,SEQ-EF5398BE5A89,,3,DoS Hulk,3,DoS Hulk,0.7270105481147766,0.17991964519023895,0.19100740551948547,0.1762087643146515,False,NORMAL,DEEP_ANALYSIS,Random Forest,DoS Hulk,0.7270105481147766,BENIGN,0.999047577381134,BENIGN,0.98405522108078,True,False,ACTIVE,False,False
177,EXTERNAL_NPZ_SEQUENCE,ids_5_attacks_1000_sequences.npz,176,42766,2026-09-29T07:33:40.435203+00:00,2,,,SEQ-7A61993F0AB4,,3,DoS Hulk,3,DoS Hulk,0.5181409120559692,0.21311375498771667,0.03661011531949043,0.024004589766263962,False,LOW,DEEP_ANALYSIS,CNN-BiLSTM,BENIGN,1.0,BENIGN,0.9124236106872559,DoS Hulk,0.5181409120559692,True,False,ACTIVE,False,False
178,EXTERNAL_NPZ_SEQUENCE,ids_5_attacks_1000_sequences.npz,177,42780,2026-09-29T07:33:40.435203+00:00,3,,,SEQ-ED39797C148B,,3,DoS Hulk,0,BENIGN,0.999783456325531,0.05170252546668053,0.10301199555397034,0.061372239142656326,False,NORMAL,DEEP_ANALYSIS,Random Forest,BENIGN,0.999783456325531,BENIGN,0.9947094917297363,BENIGN,0.9010849595069885,False,False,ACTIVE,False,False
179,EXTERNAL_NPZ_SEQUENCE,ids_5_attacks_1000_sequences.npz,178,42823,2026-09-29T07:33:40.435203+00:00,4,,,SEQ-BE8BC5C5C1AD,,3,DoS Hulk,3,DoS Hulk,0.974276602268219,0.8306283950805664,1.0,1.2355704307556152,True,CRITICAL,DEEP_ANALYSIS,FedProx70 MLP,BENIGN,0.7462803721427917,DoS Hulk,0.974276602268219,DoS Hulk,0.9645757079124451,True,False,ACTIVE,False,False
180,EXTERNAL_NPZ_SEQUENCE,ids_5_attacks_1000_sequences.npz,179,42858,2026-09-29T07:33:40.435203+00:00,5,,,SEQ-F5A72B9A8F5A,,3,DoS Hulk,3,DoS Hulk,0.9563159942626953,0.7648352384567261,1.0,2.154299736022949,True,HIGH,DEEP_ANALYSIS,CNN-BiLSTM,BENIGN,1.0,DoS Hulk,0.933748722076416,DoS Hulk,0.9563159942626953,True,False,ACTIVE,False,False
181,EXTERNAL_NPZ_SEQUENCE,ids_5_attacks_1000_sequences.npz,180,42928,2026-09-29T07:33:40.435203+00:00,1,,,SEQ-CA9216F3895D,,3,DoS Hulk,3,DoS Hulk,0.7270105481147766,0.19339850544929504,0.19100740551948547,0.1762087643146515,False,NORMAL,DEEP_ANALYSIS,Random Forest,DoS Hulk,0.7270105481147766,BENIGN,0.999047577381134,BENIGN,0.9455441832542419,True,False,ACTIVE,False,False
182,EXTERNAL_NPZ_SEQUENCE,ids_5_attacks_1000_sequences.npz,181,42937,2026-09-29T07:33:40.435203+00:00,2,,,SEQ-1ED8A383500D,,3,DoS Hulk,0,BENIGN,1.0,0.04679315164685249,0.07330220937728882,0.04806293174624443,False,NORMAL,DEEP_ANALYSIS,Random Forest,BENIGN,1.0,BENIGN,0.9947094917297363,BENIGN,0.9022552371025085,False,False,ACTIVE,False,False
183,EXTERNAL_NPZ_SEQUENCE,ids_5_attacks_1000_sequences.npz,182,42992,2026-09-29T07:33:40.435203+00:00,3,,,SEQ-41A955D63935,,3,DoS Hulk,3,DoS Hulk,0.9749559760093689,0.7860429286956787,1.0,0.8434739708900452,True,HIGH,DEEP_ANALYSIS,FedProx70 MLP,BENIGN,0.9761192202568054,DoS Hulk,0.9749559760093689,DoS Hulk,0.9679428339004517,True,False,ACTIVE,False,False
184,EXTERNAL_NPZ_SEQUENCE,ids_5_attacks_1000_sequences.npz,183,43010,2026-09-29T07:33:40.435203+00:00,4,,,SEQ-05DB00CF6BF5,,3,DoS Hulk,3,DoS Hulk,0.9874245524406433,0.8283329010009766,1.0,0.9673892855644226,True,CRITICAL,DEEP_ANALYSIS,FedProx70 MLP,BENIGN,0.7419997453689575,DoS Hulk,0.9874245524406433,DoS Hulk,0.9443014860153198,True,False,ACTIVE,False,False
185,EXTERNAL_NPZ_SEQUENCE,ids_5_attacks_1000_sequences.npz,184,43020,2026-09-29T07:33:40.435203+00:00,5,,,SEQ-3646B9324107,,3,DoS Hulk,0,BENIGN,0.9971354603767395,0.06578630954027176,0.025657182559370995,0.028867395594716072,False,NORMAL,DEEP_ANALYSIS,Random Forest,BENIGN,0.9971354603767395,BENIGN,0.9364258646965027,BENIGN,0.8791640400886536,False,False,ACTIVE,False,False
186,EXTERNAL_NPZ_SEQUENCE,ids_5_attacks_1000_sequences.npz,185,43075,2026-09-29T07:33:40.435203+00:00,1,,,SEQ-4C6935C78F65,,3,DoS Hulk,3,DoS Hulk,0.9154649972915649,0.5005899667739868,0.023388229310512543,0.021576184779405594,False,MEDIUM,DEEP_ANALYSIS,Random Forest,DoS Hulk,0.9154649972915649,BENIGN,0.9121460914611816,DoS Hulk,0.821807324886322,True,False,ACTIVE,False,False
187,EXTERNAL_NPZ_SEQUENCE,ids_5_attacks_1000_sequences.npz,186,43111,2026-09-29T07:33:40.435203+00:00,2,,,SEQ-4F3E9FD0944F,,3,DoS Hulk,1,DDoS,0.7417086362838745,0.29430705308914185,0.03657720610499382,0.02398301102221012,False,LOW,DEEP_ANALYSIS,CNN-BiLSTM,BENIGN,0.978839099407196,BENIGN,0.9166991114616394,DDoS,0.7417086362838745,False,False,ACTIVE,False,False
188,EXTERNAL_NPZ_SEQUENCE,ids_5_attacks_1000_sequences.npz,187,43213,2026-09-29T07:33:40.435203+00:00,3,,,SEQ-A87921D6D6A8,,3,DoS Hulk,0,BENIGN,1.0,0.07070755958557129,0.39459630846977234,0.23509164154529572,False,NORMAL,DEEP_ANALYSIS,Random Forest,BENIGN,1.0,BENIGN,0.9655697345733643,BENIGN,0.9966027736663818,False,False,ACTIVE,False,False
189,EXTERNAL_NPZ_SEQUENCE,ids_5_attacks_1000_sequences.npz,188,43219,2026-09-29T07:33:40.435203+00:00,4,,,SEQ-A4DCAB8F6058,,3,DoS Hulk,0,BENIGN,1.0,0.02361210621893406,0.07706379890441895,0.06634632498025894,False,NORMAL,DEEP_ANALYSIS,Random Forest,BENIGN,1.0,BENIGN,0.9947178959846497,BENIGN,0.970091700553894,False,False,ACTIVE,False,False
190,EXTERNAL_NPZ_SEQUENCE,ids_5_attacks_1000_sequences.npz,189,43243,2026-09-29T07:33:40.435203+00:00,5,,,SEQ-704B1B646AF4,,3,DoS Hulk,0,BENIGN,1.0,0.05977538228034973,0.06131790950894356,0.06898996978998184,False,NORMAL,DEEP_ANALYSIS,Random Forest,BENIGN,1.0,BENIGN,0.9947094917297363,BENIGN,0.860027015209198,False,False,ACTIVE,False,False
191,EXTERNAL_NPZ_SEQUENCE,ids_5_attacks_1000_sequences.npz,190,43248,2026-09-29T07:33:40.435203+00:00,1,,,SEQ-E6002E3B6205,,3,DoS Hulk,3,DoS Hulk,1.0,,0.4189380705356598,0.38648009300231934,False,HIGH,FAST_ATTACK_PATH,Random Forest,DoS Hulk,1.0,BENIGN,0.9768623113632202,BENIGN,0.9994427561759949,True,False,ACTIVE,False,False
192,EXTERNAL_NPZ_SEQUENCE,ids_5_attacks_1000_sequences.npz,191,43356,2026-09-29T07:33:40.435203+00:00,2,,,SEQ-86E33682EA0B,,3,DoS Hulk,0,BENIGN,1.0,0.09377165883779526,0.036659788340330124,0.024037158116698265,False,NORMAL,DEEP_ANALYSIS,Random Forest,BENIGN,1.0,BENIGN,0.9287742376327515,BENIGN,0.8088429570198059,False,False,ACTIVE,False,False
193,EXTERNAL_NPZ_SEQUENCE,ids_5_attacks_1000_sequences.npz,192,43377,2026-09-29T07:33:40.435203+00:00,3,,,SEQ-5AA635704F51,,3,DoS Hulk,0,BENIGN,0.999783456325531,0.0391550213098526,0.10303360968828201,0.06138511374592781,False,NORMAL,DEEP_ANALYSIS,Random Forest,BENIGN,0.999783456325531,BENIGN,0.9947178959846497,BENIGN,0.9369370341300964,False,False,ACTIVE,False,False
194,EXTERNAL_NPZ_SEQUENCE,ids_5_attacks_1000_sequences.npz,193,43415,2026-09-29T07:33:40.435203+00:00,4,,,SEQ-5D68B89BF85A,,3,DoS Hulk,0,BENIGN,1.0,0.07431874424219131,0.028760366141796112,0.02476058527827263,False,NORMAL,DEEP_ANALYSIS,Random Forest,BENIGN,1.0,BENIGN,0.9319038391113281,BENIGN,0.8583547472953796,False,False,ACTIVE,False,False
195,EXTERNAL_NPZ_SEQUENCE,ids_5_attacks_1000_sequences.npz,194,43448,2026-09-29T07:33:40.435203+00:00,5,,,SEQ-7065AEA1F0D2,,3,DoS Hulk,0,BENIGN,1.0,0.046222224831581116,0.2238529473543167,0.2518613040447235,False,NORMAL,DEEP_ANALYSIS,Random Forest,BENIGN,1.0,BENIGN,0.999047577381134,BENIGN,0.9646898508071899,False,False,ACTIVE,False,False
196,EXTERNAL_NPZ_SEQUENCE,ids_5_attacks_1000_sequences.npz,195,43471,2026-09-29T07:33:40.435203+00:00,1,,,SEQ-AB528285E811,,3,DoS Hulk,3,DoS Hulk,0.9571645259857178,,0.023391300812363625,0.021579017862677574,False,HIGH,FAST_ATTACK_PATH,Random Forest,DoS Hulk,0.9571645259857178,BENIGN,0.9124190211296082,DoS Hulk,0.6475318074226379,True,False,ACTIVE,False,False
197,EXTERNAL_NPZ_SEQUENCE,ids_5_attacks_1000_sequences.npz,196,43509,2026-09-29T07:33:40.435203+00:00,2,,,SEQ-A4E969F85362,,3,DoS Hulk,0,BENIGN,0.9757389426231384,0.14923709630966187,0.036585547029972076,0.023988479748368263,False,NORMAL,DEEP_ANALYSIS,Random Forest,BENIGN,0.9757389426231384,BENIGN,0.9122028946876526,BENIGN,0.6784059405326843,False,False,ACTIVE,False,False
198,EXTERNAL_NPZ_SEQUENCE,ids_5_attacks_1000_sequences.npz,197,43524,2026-09-29T07:33:40.435203+00:00,3,,,SEQ-9F386CB04FA9,,3,DoS Hulk,0,BENIGN,1.0,0.06980357319116592,0.3945384621620178,0.23505717515945435,False,NORMAL,DEEP_ANALYSIS,Random Forest,BENIGN,1.0,BENIGN,0.965579628944397,BENIGN,0.9991523027420044,False,False,ACTIVE,False,False
199,EXTERNAL_NPZ_SEQUENCE,ids_5_attacks_1000_sequences.npz,198,43567,2026-09-29T07:33:40.435203+00:00,4,,,SEQ-0404F123C02C,,3,DoS Hulk,0,BENIGN,1.0,0.021929390728473663,0.07706652581691742,0.06634867936372757,False,NORMAL,DEEP_ANALYSIS,Random Forest,BENIGN,1.0,BENIGN,0.9946905970573425,BENIGN,0.9749240279197693,False,False,ACTIVE,False,False
200,EXTERNAL_NPZ_SEQUENCE,ids_5_attacks_1000_sequences.npz,199,43604,2026-09-29T07:33:40.435203+00:00,5,,,SEQ-E53B936B5AAC,,3,DoS Hulk,0,BENIGN,0.9999037981033325,0.03185926750302315,0.07371298968791962,0.08293591439723969,False,NORMAL,DEEP_ANALYSIS,CNN-BiLSTM,BENIGN,0.9950180649757385,BENIGN,0.9340924620628357,BENIGN,0.9999037981033325,False,False,ACTIVE,False,False
201,EXTERNAL_NPZ_SEQUENCE,ids_5_attacks_1000_sequences.npz,200,366,2026-09-29T07:33:40.435203+00:00,1,,,SEQ-E38265353288,,1,DDoS,1,DDoS,0.9368554949760437,0.8314816951751709,1.0,1.9901779890060425,True,CRITICAL,DEEP_ANALYSIS,CNN-BiLSTM,DoS Hulk,0.7324128150939941,DDoS,0.6903324723243713,DDoS,0.9368554949760437,True,False,ACTIVE,False,False
202,EXTERNAL_NPZ_SEQUENCE,ids_5_attacks_1000_sequences.npz,201,368,2026-09-29T07:33:40.435203+00:00,2,,,SEQ-1808908F8E8E,,1,DDoS,1,DDoS,1.0,,0.24565760791301727,0.161073237657547,False,HIGH,FAST_ATTACK_PATH,Random Forest,DDoS,1.0,DDoS,0.8371779918670654,DDoS,0.96198970079422,True,False,ACTIVE,False,False
203,EXTERNAL_NPZ_SEQUENCE,ids_5_attacks_1000_sequences.npz,202,382,2026-09-29T07:33:40.435203+00:00,3,,,SEQ-B66C441CE886,,1,DDoS,1,DDoS,0.8712003827095032,0.828656792640686,1.0,0.9331780076026917,True,CRITICAL,DEEP_ANALYSIS,CNN-BiLSTM,PortScan,0.7234699130058289,DDoS,0.7634755969047546,DDoS,0.8712003827095032,True,False,ACTIVE,False,False
204,EXTERNAL_NPZ_SEQUENCE,ids_5_attacks_1000_sequences.npz,203,391,2026-09-29T07:33:40.435203+00:00,4,,,SEQ-C0C70A6F345B,,1,DDoS,1,DDoS,0.9598933458328247,0.70849609375,1.0,1.6612184047698975,True,HIGH,DEEP_ANALYSIS,CNN-BiLSTM,BENIGN,0.9365575909614563,DDoS,0.6994830369949341,DDoS,0.9598933458328247,True,False,ACTIVE,False,False
205,EXTERNAL_NPZ_SEQUENCE,ids_5_attacks_1000_sequences.npz,204,392,2026-09-29T07:33:40.435203+00:00,5,,,SEQ-9E942EFFF952,,1,DDoS,1,DDoS,0.9475076198577881,0.6971820592880249,1.0,2.6501853466033936,True,HIGH,DEEP_ANALYSIS,CNN-BiLSTM,BENIGN,1.0,DDoS,0.7185146808624268,DDoS,0.9475076198577881,True,False,ACTIVE,False,False
206,EXTERNAL_NPZ_SEQUENCE,ids_5_attacks_1000_sequences.npz,205,401,2026-09-29T07:33:40.435203+00:00,1,,,SEQ-A1F4FBF3BFF1,,1,DDoS,1,DDoS,0.9427010416984558,0.8416831493377686,1.0,0.9251332879066467,True,CRITICAL,DEEP_ANALYSIS,CNN-BiLSTM,DoS Hulk,0.6653764247894287,DDoS,0.7622084021568298,DDoS,0.9427010416984558,True,False,ACTIVE,False,False
207,EXTERNAL_NPZ_SEQUENCE,ids_5_attacks_1000_sequences.npz,206,407,2026-09-29T07:33:40.435203+00:00,2,,,SEQ-B17B8648A072,,1,DDoS,1,DDoS,1.0,,0.8864920735359192,0.5812568068504333,True,HIGH,FAST_ATTACK_PATH,Random Forest,DDoS,1.0,DoS Hulk,0.49105584621429443,DDoS,0.9705258011817932,True,False,ACTIVE,False,False
208,EXTERNAL_NPZ_SEQUENCE,ids_5_attacks_1000_sequences.npz,207,454,2026-09-29T07:33:40.435203+00:00,3,,,SEQ-6490C19AA555,,1,DDoS,1,DDoS,0.9672565460205078,0.789922833442688,1.0,0.6888993382453918,True,HIGH,DEEP_ANALYSIS,CNN-BiLSTM,BENIGN,0.7450820207595825,DDoS,0.8346648812294006,DDoS,0.9672565460205078,True,False,ACTIVE,False,False
209,EXTERNAL_NPZ_SEQUENCE,ids_5_attacks_1000_sequences.npz,208,468,2026-09-29T07:33:40.435203+00:00,4,,,SEQ-02ACE03759E9,,1,DDoS,1,DDoS,0.8750187754631042,0.6825555562973022,0.8548426628112793,0.7359573841094971,True,HIGH,DEEP_ANALYSIS,CNN-BiLSTM,BENIGN,0.9553000330924988,DDoS,0.7971086502075195,DDoS,0.8750187754631042,True,False,ACTIVE,False,False
210,EXTERNAL_NPZ_SEQUENCE,ids_5_attacks_1000_sequences.npz,209,475,2026-09-29T07:33:40.435203+00:00,5,,,SEQ-7CDECD4665B7,,1,DDoS,1,DDoS,0.9436885714530945,0.6972552537918091,1.0,1.9386180639266968,True,HIGH,DEEP_ANALYSIS,CNN-BiLSTM,BENIGN,0.9951396584510803,DDoS,0.7199738025665283,DDoS,0.9436885714530945,True,False,ACTIVE,False,False
211,EXTERNAL_NPZ_SEQUENCE,ids_5_attacks_1000_sequences.npz,210,476,2026-09-29T07:33:40.435203+00:00,1,,,SEQ-926A389FC2E0,,1,DDoS,1,DDoS,0.9146440029144287,0.8308329582214355,0.9998776316642761,0.9224103093147278,True,CRITICAL,DEEP_ANALYSIS,CNN-BiLSTM,DoS Hulk,0.6675940752029419,DDoS,0.7573570013046265,DDoS,0.9146440029144287,True,False,ACTIVE,False,False
212,EXTERNAL_NPZ_SEQUENCE,ids_5_attacks_1000_sequences.npz,211,481,2026-09-29T07:33:40.435203+00:00,2,,,SEQ-CCA730B26C56,,1,DDoS,1,DDoS,1.0,,0.28061312437057495,0.18399293720722198,False,HIGH,FAST_ATTACK_PATH,Random Forest,DDoS,1.0,DDoS,0.9248633980751038,DDoS,0.9795366525650024,True,False,ACTIVE,False,False
213,EXTERNAL_NPZ_SEQUENCE,ids_5_attacks_1000_sequences.npz,212,505,2026-09-29T07:33:40.435203+00:00,3,,,SEQ-F4C31C0D5026,,1,DDoS,1,DDoS,0.9504384994506836,0.7770253419876099,1.0,0.6519027948379517,True,HIGH,DEEP_ANALYSIS,CNN-BiLSTM,BENIGN,0.5836164951324463,DoS Hulk,0.7036504745483398,DDoS,0.9504384994506836,True,False,ACTIVE,False,False
214,EXTERNAL_NPZ_SEQUENCE,ids_5_attacks_1000_sequences.npz,213,532,2026-09-29T07:33:40.435203+00:00,4,,,SEQ-884F33924E8E,,1,DDoS,1,DDoS,0.965732216835022,0.6621119379997253,0.3753601014614105,0.32315775752067566,False,HIGH,DEEP_ANALYSIS,CNN-BiLSTM,BENIGN,0.9751198291778564,DDoS,0.8760853409767151,DDoS,0.965732216835022,True,False,ACTIVE,False,False
215,EXTERNAL_NPZ_SEQUENCE,ids_5_attacks_1000_sequences.npz,214,539,2026-09-29T07:33:40.435203+00:00,5,,,SEQ-E917CC66FA4D,,1,DDoS,1,DDoS,0.8922078609466553,0.6882747411727905,0.9209421277046204,1.0361698865890503,True,HIGH,DEEP_ANALYSIS,CNN-BiLSTM,BENIGN,1.0,DDoS,0.7928687930107117,DDoS,0.8922078609466553,True,False,ACTIVE,False,False
216,EXTERNAL_NPZ_SEQUENCE,ids_5_attacks_1000_sequences.npz,215,580,2026-09-29T07:33:40.435203+00:00,1,,,SEQ-99FE9534AA1B,,1,DDoS,1,DDoS,0.9461283683776855,0.7892128229141235,1.0,1.045995831489563,True,HIGH,DEEP_ANALYSIS,CNN-BiLSTM,DoS Hulk,0.7403386235237122,DDoS,0.5333340167999268,DDoS,0.9461283683776855,True,False,ACTIVE,False,False
217,EXTERNAL_NPZ_SEQUENCE,ids_5_attacks_1000_sequences.npz,216,595,2026-09-29T07:33:40.435203+00:00,2,,,SEQ-3F0081332013,,1,DDoS,1,DDoS,1.0,,1.0,0.8405134081840515,True,HIGH,FAST_ATTACK_PATH,Random Forest,DDoS,1.0,DDoS,0.7551591992378235,DDoS,0.9362462162971497,True,False,ACTIVE,False,False
218,EXTERNAL_NPZ_SEQUENCE,ids_5_attacks_1000_sequences.npz,217,597,2026-09-29T07:33:40.435203+00:00,3,,,SEQ-4DFD3CA48983,,1,DDoS,1,DDoS,0.9405426979064941,0.8537470102310181,1.0,0.6755263209342957,True,CRITICAL,DEEP_ANALYSIS,CNN-BiLSTM,PortScan,0.7049485445022583,DDoS,0.778558075428009,DDoS,0.9405426979064941,True,False,ACTIVE,False,False
219,EXTERNAL_NPZ_SEQUENCE,ids_5_attacks_1000_sequences.npz,218,600,2026-09-29T07:33:40.435203+00:00,4,,,SEQ-A184F8AA0385,,1,DDoS,1,DDoS,0.9743582606315613,0.6722797155380249,0.4008578062057495,0.3451094329357147,False,HIGH,DEEP_ANALYSIS,CNN-BiLSTM,BENIGN,0.9551190137863159,DDoS,0.8738313317298889,DDoS,0.9743582606315613,True,False,ACTIVE,False,False
220,EXTERNAL_NPZ_SEQUENCE,ids_5_attacks_1000_sequences.npz,219,602,2026-09-29T07:33:40.435203+00:00,5,,,SEQ-6404C5218B44,,1,DDoS,1,DDoS,0.9670666456222534,0.6864670515060425,1.0,1.731581449508667,True,HIGH,DEEP_ANALYSIS,CNN-BiLSTM,BENIGN,0.9951396584510803,DDoS,0.6567389369010925,DDoS,0.9670666456222534,True,False,ACTIVE,False,False
221,EXTERNAL_NPZ_SEQUENCE,ids_5_attacks_1000_sequences.npz,220,607,2026-09-29T07:33:40.435203+00:00,1,,,SEQ-618D7049BCA0,,1,DDoS,1,DDoS,0.9519384503364563,0.7720942497253418,0.4189704954624176,0.3865100145339966,False,HIGH,DEEP_ANALYSIS,CNN-BiLSTM,DoS Hulk,0.6447739005088806,DDoS,0.8237181305885315,DDoS,0.9519384503364563,True,False,ACTIVE,False,False
222,EXTERNAL_NPZ_SEQUENCE,ids_5_attacks_1000_sequences.npz,221,612,2026-09-29T07:33:40.435203+00:00,2,,,SEQ-60D2A8EB9E45,,1,DDoS,1,DDoS,1.0,,0.2469085156917572,0.16189344227313995,False,HIGH,FAST_ATTACK_PATH,Random Forest,DDoS,1.0,DDoS,0.8404309153556824,DDoS,0.9493385553359985,True,False,ACTIVE,False,False
223,EXTERNAL_NPZ_SEQUENCE,ids_5_attacks_1000_sequences.npz,222,620,2026-09-29T07:33:40.435203+00:00,3,,,SEQ-E72D20C51976,,1,DDoS,1,DDoS,0.9718114137649536,0.7927294969558716,1.0,1.5628368854522705,True,HIGH,DEEP_ANALYSIS,CNN-BiLSTM,BENIGN,0.5629318356513977,DDoS,0.717272937297821,DDoS,0.9718114137649536,True,False,ACTIVE,False,False
224,EXTERNAL_NPZ_SEQUENCE,ids_5_attacks_1000_sequences.npz,223,628,2026-09-29T07:33:40.435203+00:00,4,,,SEQ-65378FCB4062,,1,DDoS,1,DDoS,0.926303505897522,0.7164840698242188,1.0,0.8946121335029602,True,HIGH,DEEP_ANALYSIS,CNN-BiLSTM,BENIGN,0.9450611472129822,DDoS,0.7709667682647705,DDoS,0.926303505897522,True,False,ACTIVE,False,False
225,EXTERNAL_NPZ_SEQUENCE,ids_5_attacks_1000_sequences.npz,224,631,2026-09-29T07:33:40.435203+00:00,5,,,SEQ-282385606DE8,,1,DDoS,1,DDoS,0.9534406065940857,0.6813328266143799,0.622273862361908,0.7001323699951172,False,HIGH,DEEP_ANALYSIS,CNN-BiLSTM,BENIGN,1.0,DDoS,0.8476248979568481,DDoS,0.9534406065940857,True,False,ACTIVE,False,False
226,EXTERNAL_NPZ_SEQUENCE,ids_5_attacks_1000_sequences.npz,225,635,2026-09-29T07:33:40.435203+00:00,1,,,SEQ-111C28C8D19C,,1,DDoS,1,DDoS,0.9272754192352295,0.8426250219345093,1.0,0.9333556294441223,True,CRITICAL,DEEP_ANALYSIS,CNN-BiLSTM,DoS Hulk,0.730244517326355,DDoS,0.7400990724563599,DDoS,0.9272754192352295,True,False,ACTIVE,False,False
227,EXTERNAL_NPZ_SEQUENCE,ids_5_attacks_1000_sequences.npz,226,650,2026-09-29T07:33:40.435203+00:00,2,,,SEQ-6D2F68152207,,1,DDoS,1,DDoS,1.0,,0.34202873706817627,0.2242620587348938,False,HIGH,FAST_ATTACK_PATH,Random Forest,DDoS,1.0,DDoS,0.8775650262832642,DDoS,0.9510758519172668,True,False,ACTIVE,False,False
228,EXTERNAL_NPZ_SEQUENCE,ids_5_attacks_1000_sequences.npz,227,651,2026-09-29T07:33:40.435203+00:00,3,,,SEQ-C54B891D9E9F,,1,DDoS,1,DDoS,0.9631554484367371,0.778338611125946,0.23566624522209167,0.14040467143058777,False,HIGH,DEEP_ANALYSIS,CNN-BiLSTM,PortScan,0.6432560086250305,DDoS,0.9241100549697876,DDoS,0.9631554484367371,True,False,ACTIVE,False,False
229,EXTERNAL_NPZ_SEQUENCE,ids_5_attacks_1000_sequences.npz,228,654,2026-09-29T07:33:40.435203+00:00,4,,,SEQ-92C0BA950058,,1,DDoS,1,DDoS,0.9518005847930908,0.7048200368881226,1.0,2.2858381271362305,True,HIGH,DEEP_ANALYSIS,CNN-BiLSTM,BENIGN,0.9415575861930847,DDoS,0.7000043988227844,DDoS,0.9518005847930908,True,False,ACTIVE,False,False
230,EXTERNAL_NPZ_SEQUENCE,ids_5_attacks_1000_sequences.npz,229,675,2026-09-29T07:33:40.435203+00:00,5,,,SEQ-C3B549C76D22,,1,DDoS,1,DDoS,0.9542887806892395,0.7104430198669434,1.0,1.4377671480178833,True,HIGH,DEEP_ANALYSIS,CNN-BiLSTM,BENIGN,1.0,DDoS,0.754806637763977,DDoS,0.9542887806892395,True,False,ACTIVE,False,False
231,EXTERNAL_NPZ_SEQUENCE,ids_5_attacks_1000_sequences.npz,230,692,2026-09-29T07:33:40.435203+00:00,1,,,SEQ-6E9F58B8BC8A,,1,DDoS,1,DDoS,0.9581708908081055,0.8015352487564087,0.7431663870811462,0.6855882406234741,True,CRITICAL,DEEP_ANALYSIS,CNN-BiLSTM,DoS Hulk,0.7380825877189636,DoS Hulk,0.6902797818183899,DDoS,0.9581708908081055,True,False,ACTIVE,False,False
232,EXTERNAL_NPZ_SEQUENCE,ids_5_attacks_1000_sequences.npz,231,693,2026-09-29T07:33:40.435203+00:00,2,,,SEQ-876ECD578DD8,,1,DDoS,1,DDoS,1.0,,0.9249648451805115,0.6064826846122742,True,HIGH,FAST_ATTACK_PATH,Random Forest,DDoS,1.0,DoS Hulk,0.9127067923545837,DDoS,0.9489670991897583,True,False,ACTIVE,False,False
233,EXTERNAL_NPZ_SEQUENCE,ids_5_attacks_1000_sequences.npz,232,697,2026-09-29T07:33:40.435203+00:00,3,,,SEQ-72C1BFBA5425,,1,DDoS,3,DoS Hulk,0.9606955647468567,0.8122494220733643,1.0,0.6302971243858337,True,CRITICAL,DEEP_ANALYSIS,FedProx70 MLP,BENIGN,0.8042287826538086,DoS Hulk,0.9606955647468567,DDoS,0.9568187594413757,False,False,ACTIVE,False,False
234,EXTERNAL_NPZ_SEQUENCE,ids_5_attacks_1000_sequences.npz,233,716,2026-09-29T07:33:40.435203+00:00,4,,,SEQ-44F12E7641DB,,1,DDoS,1,DDoS,0.9686617851257324,0.671216607093811,0.5377376675605774,0.46295303106307983,False,HIGH,DEEP_ANALYSIS,CNN-BiLSTM,BENIGN,0.950180172920227,DDoS,0.8052012920379639,DDoS,0.9686617851257324,True,False,ACTIVE,False,False
235,EXTERNAL_NPZ_SEQUENCE,ids_5_attacks_1000_sequences.npz,234,721,2026-09-29T07:33:40.435203+00:00,5,,,SEQ-5239C0E8F5DC,,1,DDoS,1,DDoS,0.9020328521728516,0.6538464426994324,0.6109654307365417,0.6874090433120728,False,HIGH,DEEP_ANALYSIS,CNN-BiLSTM,BENIGN,1.0,DDoS,0.8216337561607361,DDoS,0.9020328521728516,True,False,ACTIVE,False,False
236,EXTERNAL_NPZ_SEQUENCE,ids_5_attacks_1000_sequences.npz,235,734,2026-09-29T07:33:40.435203+00:00,1,,,SEQ-AFA9E39C97EB,,1,DDoS,1,DDoS,0.908124566078186,0.7432911992073059,0.3368300795555115,0.3107335865497589,False,HIGH,DEEP_ANALYSIS,CNN-BiLSTM,DoS Hulk,0.6675940752029419,DDoS,0.8046809434890747,DDoS,0.908124566078186,True,False,ACTIVE,False,False
237,EXTERNAL_NPZ_SEQUENCE,ids_5_attacks_1000_sequences.npz,236,743,2026-09-29T07:33:40.435203+00:00,2,,,SEQ-95668E6DF599,,1,DDoS,1,DDoS,1.0,,0.22850072383880615,0.14982378482818604,False,HIGH,FAST_ATTACK_PATH,Random Forest,DDoS,1.0,DDoS,0.8959637880325317,DDoS,0.9144719839096069,True,False,ACTIVE,False,False
238,EXTERNAL_NPZ_SEQUENCE,ids_5_attacks_1000_sequences.npz,237,767,2026-09-29T07:33:40.435203+00:00,3,,,SEQ-643CED1C5133,,1,DDoS,1,DDoS,0.9420626163482666,0.7268495559692383,1.0,1.2311534881591797,True,HIGH,DEEP_ANALYSIS,CNN-BiLSTM,BENIGN,0.7450820207595825,DDoS,0.6538137197494507,DDoS,0.9420626163482666,True,False,ACTIVE,False,False
239,EXTERNAL_NPZ_SEQUENCE,ids_5_attacks_1000_sequences.npz,238,769,2026-09-29T07:33:40.435203+00:00,4,,,SEQ-9C5E7CD40F18,,1,DDoS,1,DDoS,0.9507884979248047,0.7105716466903687,1.0,2.0312414169311523,True,HIGH,DEEP_ANALYSIS,CNN-BiLSTM,BENIGN,0.9116774201393127,DDoS,0.7004372477531433,DDoS,0.9507884979248047,True,False,ACTIVE,False,False
240,EXTERNAL_NPZ_SEQUENCE,ids_5_attacks_1000_sequences.npz,239,786,2026-09-29T07:33:40.435203+00:00,5,,,SEQ-23BDE297185C,,1,DDoS,1,DDoS,0.9362549185752869,0.7062647342681885,1.0,1.4432594776153564,True,HIGH,DEEP_ANALYSIS,CNN-BiLSTM,BENIGN,1.0,DDoS,0.7619181275367737,DDoS,0.9362549185752869,True,False,ACTIVE,False,False
241,EXTERNAL_NPZ_SEQUENCE,ids_5_attacks_1000_sequences.npz,240,802,2026-09-29T07:33:40.435203+00:00,1,,,SEQ-9FEC528A01C9,,1,DDoS,1,DDoS,0.9271100163459778,0.7574496269226074,0.18076640367507935,0.16676120460033417,False,HIGH,DEEP_ANALYSIS,CNN-BiLSTM,DoS Hulk,0.6625940799713135,DDoS,0.9110909104347229,DDoS,0.9271100163459778,True,False,ACTIVE,False,False
242,EXTERNAL_NPZ_SEQUENCE,ids_5_attacks_1000_sequences.npz,241,804,2026-09-29T07:33:40.435203+00:00,2,,,SEQ-620EA538B76A,,1,DDoS,1,DDoS,1.0,,1.0,1.7905001640319824,True,HIGH,FAST_ATTACK_PATH,Random Forest,DDoS,1.0,DDoS,0.6723697185516357,DDoS,0.9035415649414062,True,False,ACTIVE,False,False
243,EXTERNAL_NPZ_SEQUENCE,ids_5_attacks_1000_sequences.npz,242,813,2026-09-29T07:33:40.435203+00:00,3,,,SEQ-7709D5AEDD64,,1,DDoS,1,DDoS,0.9555109143257141,0.7187469005584717,1.0,0.7069617509841919,True,HIGH,DEEP_ANALYSIS,CNN-BiLSTM,BENIGN,0.7049923539161682,DoS Hulk,0.5843886733055115,DDoS,0.9555109143257141,True,False,ACTIVE,False,False
244,EXTERNAL_NPZ_SEQUENCE,ids_5_attacks_1000_sequences.npz,243,865,2026-09-29T07:33:40.435203+00:00,4,,,SEQ-0D74F68E4111,,1,DDoS,1,DDoS,0.9178522825241089,0.6922438144683838,1.0,2.467994451522827,True,HIGH,DEEP_ANALYSIS,CNN-BiLSTM,BENIGN,0.9111028909683228,DDoS,0.6773871183395386,DDoS,0.9178522825241089,True,False,ACTIVE,False,False
245,EXTERNAL_NPZ_SEQUENCE,ids_5_attacks_1000_sequences.npz,244,888,2026-09-29T07:33:40.435203+00:00,5,,,SEQ-0A710F01E0C6,,1,DDoS,1,DDoS,0.9200677275657654,0.6776766777038574,1.0,3.260213851928711,True,HIGH,DEEP_ANALYSIS,CNN-BiLSTM,BENIGN,1.0,DDoS,0.6855100989341736,DDoS,0.9200677275657654,True,False,ACTIVE,False,False
246,EXTERNAL_NPZ_SEQUENCE,ids_5_attacks_1000_sequences.npz,245,896,2026-09-29T07:33:40.435203+00:00,1,,,SEQ-84C0D19BA0C4,,1,DDoS,1,DDoS,0.9597424864768982,0.8072987794876099,0.7284853458404541,0.6720446348190308,True,CRITICAL,DEEP_ANALYSIS,CNN-BiLSTM,DoS Hulk,0.6447739005088806,DDoS,0.777204155921936,DDoS,0.9597424864768982,True,False,ACTIVE,False,False
247,EXTERNAL_NPZ_SEQUENCE,ids_5_attacks_1000_sequences.npz,246,903,2026-09-29T07:33:40.435203+00:00,2,,,SEQ-44BE5581256B,,1,DDoS,1,DDoS,1.0,,1.0,1.9023452997207642,True,HIGH,FAST_ATTACK_PATH,Random Forest,DDoS,1.0,DDoS,0.6645591855049133,DDoS,0.9016410708427429,True,False,ACTIVE,False,False
248,EXTERNAL_NPZ_SEQUENCE,ids_5_attacks_1000_sequences.npz,247,917,2026-09-29T07:33:40.435203+00:00,3,,,SEQ-89ABD88D226A,,1,DDoS,1,DDoS,0.9695651531219482,0.7993971109390259,1.0,1.9851356744766235,True,HIGH,DEEP_ANALYSIS,CNN-BiLSTM,BENIGN,0.541824460029602,DDoS,0.728047251701355,DDoS,0.9695651531219482,True,False,ACTIVE,False,False
249,EXTERNAL_NPZ_SEQUENCE,ids_5_attacks_1000_sequences.npz,248,928,2026-09-29T07:33:40.435203+00:00,4,,,SEQ-78CBE1563168,,1,DDoS,1,DDoS,0.903317391872406,0.6683264374732971,0.6702895760536194,0.5770705938339233,False,HIGH,DEEP_ANALYSIS,CNN-BiLSTM,BENIGN,0.9550611972808838,DDoS,0.8087804913520813,DDoS,0.903317391872406,True,False,ACTIVE,False,False
250,EXTERNAL_NPZ_SEQUENCE,ids_5_attacks_1000_sequences.npz,249,930,2026-09-29T07:33:40.435203+00:00,5,,,SEQ-331AD63B7BD8,,1,DDoS,1,DDoS,0.954087495803833,0.6652280688285828,0.6080591678619385,0.6841391921043396,False,HIGH,DEEP_ANALYSIS,CNN-BiLSTM,BENIGN,1.0,DDoS,0.8002952933311462,DDoS,0.954087495803833,True,False,ACTIVE,False,False
251,EXTERNAL_NPZ_SEQUENCE,ids_5_attacks_1000_sequences.npz,250,947,2026-09-29T07:33:40.435203+00:00,1,,,SEQ-0442CAA83900,,1,DDoS,1,DDoS,0.9680072069168091,0.5605837106704712,0.033476561307907104,0.030882904306054115,False,MEDIUM,DEEP_ANALYSIS,CNN-BiLSTM,BENIGN,0.9669551253318787,DDoS,0.7005022764205933,DDoS,0.9680072069168091,True,False,ACTIVE,False,False
252,EXTERNAL_NPZ_SEQUENCE,ids_5_attacks_1000_sequences.npz,251,974,2026-09-29T07:33:40.435203+00:00,2,,,SEQ-8E1F1C1D1CD0,,1,DDoS,1,DDoS,0.9999987483024597,,0.035638317465782166,0.023367399349808693,False,HIGH,FAST_ATTACK_PATH,Random Forest,DDoS,0.9999987483024597,BENIGN,0.972429633140564,DDoS,0.9754778146743774,True,False,ACTIVE,False,False
253,EXTERNAL_NPZ_SEQUENCE,ids_5_attacks_1000_sequences.npz,252,976,2026-09-29T07:33:40.435203+00:00,3,,,SEQ-E1F6953E9A14,,1,DDoS,1,DDoS,0.953475832939148,0.34856313467025757,0.044228799641132355,0.02635052613914013,False,LOW,DEEP_ANALYSIS,CNN-BiLSTM,BENIGN,1.0,BENIGN,0.972625732421875,DDoS,0.953475832939148,True,False,ACTIVE,False,False
254,EXTERNAL_NPZ_SEQUENCE,ids_5_attacks_1000_sequences.npz,253,988,2026-09-29T07:33:40.435203+00:00,4,,,SEQ-8F52AA3576E8,,1,DDoS,1,DDoS,0.9735198020935059,0.6035733222961426,0.04523996636271477,0.03894831985235214,False,HIGH,DEEP_ANALYSIS,CNN-BiLSTM,BENIGN,0.9950610399246216,DDoS,0.8502253293991089,DDoS,0.9735198020935059,True,False,ACTIVE,False,False
255,EXTERNAL_NPZ_SEQUENCE,ids_5_attacks_1000_sequences.npz,254,1000,2026-09-29T07:33:40.435203+00:00,5,,,SEQ-42B8871D0AE0,,1,DDoS,1,DDoS,0.9313285946846008,0.6775178909301758,0.6248186230659485,0.7029955387115479,False,HIGH,DEEP_ANALYSIS,CNN-BiLSTM,BENIGN,1.0,DDoS,0.8594335913658142,DDoS,0.9313285946846008,True,False,ACTIVE,False,False
256,EXTERNAL_NPZ_SEQUENCE,ids_5_attacks_1000_sequences.npz,255,1013,2026-09-29T07:33:40.435203+00:00,1,,,SEQ-E232385881BE,,1,DDoS,1,DDoS,0.9713284373283386,0.37403005361557007,0.024576397612690926,0.022672297433018684,False,LOW,DEEP_ANALYSIS,CNN-BiLSTM,BENIGN,0.9280919432640076,BENIGN,0.9466765522956848,DDoS,0.9713284373283386,True,False,ACTIVE,False,False
257,EXTERNAL_NPZ_SEQUENCE,ids_5_attacks_1000_sequences.npz,256,1014,2026-09-29T07:33:40.435203+00:00,2,,,SEQ-5A30D9965728,,1,DDoS,1,DDoS,0.9999999403953552,,0.04582600295543671,0.030047278851270676,False,HIGH,FAST_ATTACK_PATH,Random Forest,DDoS,0.9999999403953552,BENIGN,0.9663630127906799,DDoS,0.9487970471382141,True,False,ACTIVE,False,False
258,EXTERNAL_NPZ_SEQUENCE,ids_5_attacks_1000_sequences.npz,257,1020,2026-09-29T07:33:40.435203+00:00,3,,,SEQ-C7A4A761FB99,,1,DDoS,1,DDoS,0.9719318747520447,0.3640483319759369,0.048711374402046204,0.029021145775914192,False,LOW,DEEP_ANALYSIS,CNN-BiLSTM,BENIGN,1.0,BENIGN,0.9447817206382751,DDoS,0.9719318747520447,True,False,ACTIVE,False,False
259,EXTERNAL_NPZ_SEQUENCE,ids_5_attacks_1000_sequences.npz,258,1021,2026-09-29T07:33:40.435203+00:00,4,,,SEQ-263DA81D5766,,1,DDoS,1,DDoS,0.9554333090782166,0.6638369560241699,0.37520790100097656,0.32302671670913696,False,HIGH,DEEP_ANALYSIS,CNN-BiLSTM,BENIGN,0.9451197981834412,DDoS,0.8739267587661743,DDoS,0.9554333090782166,True,False,ACTIVE,False,False
260,EXTERNAL_NPZ_SEQUENCE,ids_5_attacks_1000_sequences.npz,259,1026,2026-09-29T07:33:40.435203+00:00,5,,,SEQ-18920477566B,,1,DDoS,1,DDoS,0.9742087125778198,0.3606582581996918,0.02602563239634037,0.029281944036483765,False,LOW,DEEP_ANALYSIS,CNN-BiLSTM,BENIGN,1.0,BENIGN,0.9473954439163208,DDoS,0.9742087125778198,True,False,ACTIVE,False,False
261,EXTERNAL_NPZ_SEQUENCE,ids_5_attacks_1000_sequences.npz,260,1030,2026-09-29T07:33:40.435203+00:00,1,,,SEQ-96A13C91FB12,,1,DDoS,1,DDoS,0.9563075304031372,0.3708728849887848,0.022281326353549957,0.0205550417304039,False,LOW,DEEP_ANALYSIS,CNN-BiLSTM,BENIGN,0.8779888153076172,BENIGN,0.9719306230545044,DDoS,0.9563075304031372,True,False,ACTIVE,False,False
262,EXTERNAL_NPZ_SEQUENCE,ids_5_attacks_1000_sequences.npz,261,1038,2026-09-29T07:33:40.435203+00:00,2,,,SEQ-740555937DA4,,1,DDoS,1,DDoS,0.9999999403953552,,0.15823817253112793,0.10375390201807022,False,HIGH,FAST_ATTACK_PATH,Random Forest,DDoS,0.9999999403953552,BENIGN,0.48203936219215393,DDoS,0.929153323173523,True,False,ACTIVE,False,False
263,EXTERNAL_NPZ_SEQUENCE,ids_5_attacks_1000_sequences.npz,262,1060,2026-09-29T07:33:40.435203+00:00,3,,,SEQ-043F4E772E11,,1,DDoS,1,DDoS,0.9390852451324463,0.7831951379776001,0.2742614150047302,0.16339881718158722,False,HIGH,DEEP_ANALYSIS,CNN-BiLSTM,PortScan,0.692279040813446,DDoS,0.9164009690284729,DDoS,0.9390852451324463,True,False,ACTIVE,False,False
264,EXTERNAL_NPZ_SEQUENCE,ids_5_attacks_1000_sequences.npz,263,1061,2026-09-29T07:33:40.435203+00:00,4,,,SEQ-18CA4AE41FD7,,1,DDoS,1,DDoS,0.9487627148628235,0.6587644815444946,0.31421324610710144,0.27051475644111633,False,HIGH,DEEP_ANALYSIS,CNN-BiLSTM,BENIGN,0.9702391624450684,DDoS,0.9120444059371948,DDoS,0.9487627148628235,True,False,ACTIVE,False,False
265,EXTERNAL_NPZ_SEQUENCE,ids_5_attacks_1000_sequences.npz,264,1077,2026-09-29T07:33:40.435203+00:00,5,,,SEQ-6B3D148391F2,,1,DDoS,1,DDoS,0.9786282777786255,0.3623718321323395,0.02562391199171543,0.02882996015250683,False,LOW,DEEP_ANALYSIS,CNN-BiLSTM,BENIGN,1.0,BENIGN,0.9466387629508972,DDoS,0.9786282777786255,True,False,ACTIVE,False,False
266,EXTERNAL_NPZ_SEQUENCE,ids_5_attacks_1000_sequences.npz,265,1096,2026-09-29T07:33:40.435203+00:00,1,,,SEQ-33A1E8150FEA,,1,DDoS,1,DDoS,0.9762206077575684,0.7523082494735718,0.13675591349601746,0.12616050243377686,False,HIGH,DEEP_ANALYSIS,CNN-BiLSTM,DoS Hulk,0.6603764295578003,DDoS,0.8601410388946533,DDoS,0.9762206077575684,True,False,ACTIVE,False,False
267,EXTERNAL_NPZ_SEQUENCE,ids_5_attacks_1000_sequences.npz,266,1104,2026-09-29T07:33:40.435203+00:00,2,,,SEQ-CA50D30F62F3,,1,DDoS,1,DDoS,0.9999999403953552,,0.09566991031169891,0.06272902339696884,False,HIGH,FAST_ATTACK_PATH,Random Forest,DDoS,0.9999999403953552,DDoS,0.6630407571792603,DDoS,0.946389377117157,True,False,ACTIVE,False,False
268,EXTERNAL_NPZ_SEQUENCE,ids_5_attacks_1000_sequences.npz,267,1120,2026-09-29T07:33:40.435203+00:00,3,,,SEQ-0425FBE95462,,1,DDoS,1,DDoS,0.9036996960639954,0.5701638460159302,0.06195841729640961,0.0369134359061718,False,MEDIUM,DEEP_ANALYSIS,CNN-BiLSTM,BENIGN,0.9856324195861816,DDoS,0.8056724071502686,DDoS,0.9036996960639954,True,False,ACTIVE,False,False
269,EXTERNAL_NPZ_SEQUENCE,ids_5_attacks_1000_sequences.npz,268,1123,2026-09-29T07:33:40.435203+00:00,4,,,SEQ-0AE4DC978852,,1,DDoS,1,DDoS,0.8261464834213257,0.3044268488883972,0.029547208920121193,0.02543799951672554,False,LOW,DEEP_ANALYSIS,CNN-BiLSTM,BENIGN,1.0,BENIGN,0.963854968547821,DDoS,0.8261464834213257,True,False,ACTIVE,False,False
270,EXTERNAL_NPZ_SEQUENCE,ids_5_attacks_1000_sequences.npz,269,1185,2026-09-29T07:33:40.435203+00:00,5,,,SEQ-63A40357BC29,,1,DDoS,1,DDoS,0.9728399515151978,0.5522845983505249,0.04710598289966583,0.05299985408782959,False,MEDIUM,DEEP_ANALYSIS,CNN-BiLSTM,BENIGN,1.0,DDoS,0.682415783405304,DDoS,0.9728399515151978,True,False,ACTIVE,False,False
271,EXTERNAL_NPZ_SEQUENCE,ids_5_attacks_1000_sequences.npz,270,1331,2026-09-29T07:33:40.435203+00:00,1,,,SEQ-0F7B4C72041A,,1,DDoS,1,DDoS,0.9284535050392151,0.593683123588562,0.03378791734576225,0.031170140951871872,False,MEDIUM,DEEP_ANALYSIS,CNN-BiLSTM,BENIGN,0.9274921417236328,DDoS,0.8305153846740723,DDoS,0.9284535050392151,True,False,ACTIVE,False,False
272,EXTERNAL_NPZ_SEQUENCE,ids_5_attacks_1000_sequences.npz,271,1358,2026-09-29T07:33:40.435203+00:00,2,,,SEQ-8D4F427CA67B,,1,DDoS,1,DDoS,0.9999999403953552,,0.12087678909301758,0.07925672084093094,False,HIGH,FAST_ATTACK_PATH,Random Forest,DDoS,0.9999999403953552,DDoS,0.8471640944480896,DDoS,0.9438709616661072,True,False,ACTIVE,False,False
273,EXTERNAL_NPZ_SEQUENCE,ids_5_attacks_1000_sequences.npz,272,1361,2026-09-29T07:33:40.435203+00:00,3,,,SEQ-5DDB75BA207A,,1,DDoS,1,DDoS,0.9359476566314697,0.5300218462944031,0.09252224862575531,0.05512268468737602,False,MEDIUM,DEEP_ANALYSIS,CNN-BiLSTM,BENIGN,0.9950000047683716,DDoS,0.6252061128616333,DDoS,0.9359476566314697,True,False,ACTIVE,False,False
274,EXTERNAL_NPZ_SEQUENCE,ids_5_attacks_1000_sequences.npz,273,1396,2026-09-29T07:33:40.435203+00:00,4,,,SEQ-3282B627905E,,1,DDoS,1,DDoS,0.9699491262435913,0.6493094563484192,0.26274365186691284,0.22620318830013275,False,HIGH,DEEP_ANALYSIS,CNN-BiLSTM,BENIGN,0.9900000095367432,DDoS,0.8947190046310425,DDoS,0.9699491262435913,True,False,ACTIVE,False,False
275,EXTERNAL_NPZ_SEQUENCE,ids_5_attacks_1000_sequences.npz,274,1398,2026-09-29T07:33:40.435203+00:00,5,,,SEQ-21F9ACD6BC68,,1,DDoS,1,DDoS,0.8998187780380249,0.698244571685791,1.0,1.2752206325531006,True,HIGH,DEEP_ANALYSIS,CNN-BiLSTM,BENIGN,1.0,DDoS,0.7776932716369629,DDoS,0.8998187780380249,True,False,ACTIVE,False,False
276,EXTERNAL_NPZ_SEQUENCE,ids_5_attacks_1000_sequences.npz,275,1417,2026-09-29T07:33:40.435203+00:00,1,,,SEQ-DC7C363DFA38,,1,DDoS,1,DDoS,0.9767147898674011,0.7528606057167053,0.13703738152980804,0.12642017006874084,False,HIGH,DEEP_ANALYSIS,CNN-BiLSTM,DoS Hulk,0.6603764295578003,DDoS,0.8612651228904724,DDoS,0.9767147898674011,True,False,ACTIVE,False,False
277,EXTERNAL_NPZ_SEQUENCE,ids_5_attacks_1000_sequences.npz,276,1419,2026-09-29T07:33:40.435203+00:00,2,,,SEQ-E99B2186D5DA,,1,DDoS,1,DDoS,1.0,,0.1900377720594406,0.12460432201623917,False,HIGH,FAST_ATTACK_PATH,Random Forest,DDoS,1.0,DDoS,0.8621991276741028,DDoS,0.9714351892471313,True,False,ACTIVE,False,False
278,EXTERNAL_NPZ_SEQUENCE,ids_5_attacks_1000_sequences.npz,277,1513,2026-09-29T07:33:40.435203+00:00,3,,,SEQ-A374E658A550,,1,DDoS,1,DDoS,0.9196142554283142,0.5725541114807129,0.09887035936117172,0.0589047446846962,False,MEDIUM,DEEP_ANALYSIS,FedProx70 MLP,BENIGN,0.9965046048164368,DDoS,0.9196142554283142,DDoS,0.8032577633857727,True,False,ACTIVE,False,False
279,EXTERNAL_NPZ_SEQUENCE,ids_5_attacks_1000_sequences.npz,278,1520,2026-09-29T07:33:40.435203+00:00,4,,,SEQ-74A7248CB498,,1,DDoS,1,DDoS,0.915358304977417,0.5290083289146423,0.039673686027526855,0.034156158566474915,False,MEDIUM,DEEP_ANALYSIS,CNN-BiLSTM,BENIGN,0.9950000047683716,DDoS,0.6722729206085205,DDoS,0.915358304977417,True,False,ACTIVE,False,False
280,EXTERNAL_NPZ_SEQUENCE,ids_5_attacks_1000_sequences.npz,279,1525,2026-09-29T07:33:40.435203+00:00,5,,,SEQ-7F468E2AA815,,1,DDoS,1,DDoS,0.893562912940979,0.557306170463562,0.03601648285984993,0.040522847324609756,False,MEDIUM,DEEP_ANALYSIS,CNN-BiLSTM,BENIGN,1.0,DDoS,0.7971891164779663,DDoS,0.893562912940979,True,False,ACTIVE,False,False
281,EXTERNAL_NPZ_SEQUENCE,ids_5_attacks_1000_sequences.npz,280,1535,2026-09-29T07:33:40.435203+00:00,1,,,SEQ-2A2531F10D9A,,1,DDoS,1,DDoS,0.9316889047622681,0.603679358959198,0.04966764897108078,0.045819561928510666,False,HIGH,DEEP_ANALYSIS,CNN-BiLSTM,BENIGN,0.9274921417236328,DDoS,0.8521217107772827,DDoS,0.9316889047622681,True,False,ACTIVE,False,False
282,EXTERNAL_NPZ_SEQUENCE,ids_5_attacks_1000_sequences.npz,281,1538,2026-09-29T07:33:40.435203+00:00,2,,,SEQ-F2B5086B04B0,,1,DDoS,1,DDoS,0.9999999403953552,,0.10485659539699554,0.06875257194042206,False,HIGH,FAST_ATTACK_PATH,Random Forest,DDoS,0.9999999403953552,DDoS,0.8538892269134521,DDoS,0.928466260433197,True,False,ACTIVE,False,False
283,EXTERNAL_NPZ_SEQUENCE,ids_5_attacks_1000_sequences.npz,282,1543,2026-09-29T07:33:40.435203+00:00,3,,,SEQ-0918BA5111E3,,1,DDoS,1,DDoS,0.9144425988197327,0.5829993486404419,0.07167231291532516,0.04270075634121895,False,MEDIUM,DEEP_ANALYSIS,CNN-BiLSTM,BENIGN,0.9956324100494385,DDoS,0.8377336263656616,DDoS,0.9144425988197327,True,False,ACTIVE,False,False
284,EXTERNAL_NPZ_SEQUENCE,ids_5_attacks_1000_sequences.npz,283,1563,2026-09-29T07:33:40.435203+00:00,4,,,SEQ-FB1AFB0E1DC2,,1,DDoS,1,DDoS,0.9090622067451477,0.533530592918396,0.035613931715488434,0.030661003664135933,False,MEDIUM,DEEP_ANALYSIS,CNN-BiLSTM,BENIGN,0.9950207471847534,DDoS,0.6967363357543945,DDoS,0.9090622067451477,True,False,ACTIVE,False,False
285,EXTERNAL_NPZ_SEQUENCE,ids_5_attacks_1000_sequences.npz,284,1602,2026-09-29T07:33:40.435203+00:00,5,,,SEQ-ED76863750C4,,1,DDoS,1,DDoS,0.835349977016449,0.6527262926101685,1.0,3.197845220565796,True,HIGH,DEEP_ANALYSIS,CNN-BiLSTM,BENIGN,1.0,DDoS,0.7011792659759521,DDoS,0.835349977016449,True,False,ACTIVE,False,False
286,EXTERNAL_NPZ_SEQUENCE,ids_5_attacks_1000_sequences.npz,285,1613,2026-09-29T07:33:40.435203+00:00,1,,,SEQ-073BD9076B42,,1,DDoS,1,DDoS,0.9338255524635315,0.7910162210464478,0.6174987554550171,0.5696569681167603,False,HIGH,DEEP_ANALYSIS,CNN-BiLSTM,DoS Hulk,0.6675940752029419,DDoS,0.7934454083442688,DDoS,0.9338255524635315,True,False,ACTIVE,False,False
287,EXTERNAL_NPZ_SEQUENCE,ids_5_attacks_1000_sequences.npz,286,1618,2026-09-29T07:33:40.435203+00:00,2,,,SEQ-CADA56534D7E,,1,DDoS,1,DDoS,1.0,,1.0,0.9862998127937317,True,HIGH,FAST_ATTACK_PATH,Random Forest,DDoS,1.0,DoS Hulk,0.8860536813735962,DDoS,0.9403578639030457,True,False,ACTIVE,False,False
288,EXTERNAL_NPZ_SEQUENCE,ids_5_attacks_1000_sequences.npz,287,1620,2026-09-29T07:33:40.435203+00:00,3,,,SEQ-94D1D1E5B55B,,1,DDoS,1,DDoS,0.9244877696037292,0.7746119499206543,1.0,2.61362886428833,True,HIGH,DEEP_ANALYSIS,CNN-BiLSTM,BENIGN,0.5241006016731262,DDoS,0.6862043142318726,DDoS,0.9244877696037292,True,False,ACTIVE,False,False
289,EXTERNAL_NPZ_SEQUENCE,ids_5_attacks_1000_sequences.npz,288,1652,2026-09-29T07:33:40.435203+00:00,4,,,SEQ-BD65F203DC28,,1,DDoS,1,DDoS,0.8780310750007629,0.7220348119735718,1.0,1.0916738510131836,True,HIGH,DEEP_ANALYSIS,CNN-BiLSTM,BENIGN,0.926102876663208,DDoS,0.8331483006477356,DDoS,0.8780310750007629,True,False,ACTIVE,False,False
290,EXTERNAL_NPZ_SEQUENCE,ids_5_attacks_1000_sequences.npz,289,1656,2026-09-29T07:33:40.435203+00:00,5,,,SEQ-3B605F678930,,1,DDoS,1,DDoS,0.877295732498169,0.6579480171203613,1.0,2.6219828128814697,True,HIGH,DEEP_ANALYSIS,CNN-BiLSTM,BENIGN,1.0,DDoS,0.6696481704711914,DDoS,0.877295732498169,True,False,ACTIVE,False,False
291,EXTERNAL_NPZ_SEQUENCE,ids_5_attacks_1000_sequences.npz,290,1658,2026-09-29T07:33:40.435203+00:00,1,,,SEQ-6F2C217D3DFF,,1,DDoS,1,DDoS,0.9040941596031189,0.7975856065750122,1.0,1.9012848138809204,True,HIGH,DEEP_ANALYSIS,CNN-BiLSTM,DoS Hulk,0.6533086895942688,DDoS,0.6683029532432556,DDoS,0.9040941596031189,True,False,ACTIVE,False,False
292,EXTERNAL_NPZ_SEQUENCE,ids_5_attacks_1000_sequences.npz,291,1660,2026-09-29T07:33:40.435203+00:00,2,,,SEQ-19FFD850C6C3,,1,DDoS,1,DDoS,1.0,,1.0,0.8146713972091675,True,HIGH,FAST_ATTACK_PATH,Random Forest,DDoS,1.0,DoS Hulk,0.7885158658027649,DDoS,0.9585832357406616,True,False,ACTIVE,False,False
293,EXTERNAL_NPZ_SEQUENCE,ids_5_attacks_1000_sequences.npz,292,1679,2026-09-29T07:33:40.435203+00:00,3,,,SEQ-91EAF90DD3DA,,1,DDoS,1,DDoS,0.9743580222129822,0.7957207560539246,0.33547621965408325,0.19986921548843384,False,HIGH,DEEP_ANALYSIS,CNN-BiLSTM,PortScan,0.712418794631958,DDoS,0.8729674816131592,DDoS,0.9743580222129822,True,False,ACTIVE,False,False
294,EXTERNAL_NPZ_SEQUENCE,ids_5_attacks_1000_sequences.npz,293,1680,2026-09-29T07:33:40.435203+00:00,4,,,SEQ-A25B6006AC90,,1,DDoS,1,DDoS,0.8983772993087769,0.6920040845870972,0.8539804220199585,0.7352150678634644,True,HIGH,DEEP_ANALYSIS,CNN-BiLSTM,BENIGN,0.9403000473976135,DDoS,0.7917832136154175,DDoS,0.8983772993087769,True,False,ACTIVE,False,False
295,EXTERNAL_NPZ_SEQUENCE,ids_5_attacks_1000_sequences.npz,294,1696,2026-09-29T07:33:40.435203+00:00,5,,,SEQ-444970C92E2B,,1,DDoS,1,DDoS,0.9511282444000244,0.6750564575195312,1.0,1.814491629600525,True,HIGH,DEEP_ANALYSIS,CNN-BiLSTM,BENIGN,1.0,DDoS,0.6405386924743652,DDoS,0.9511282444000244,True,False,ACTIVE,False,False
296,EXTERNAL_NPZ_SEQUENCE,ids_5_attacks_1000_sequences.npz,295,1720,2026-09-29T07:33:40.435203+00:00,1,,,SEQ-8BA5A2D5B645,,1,DDoS,1,DDoS,0.9261701107025146,0.7609020471572876,0.31588175892829895,0.2914082705974579,False,HIGH,DEEP_ANALYSIS,CNN-BiLSTM,DoS Hulk,0.6625940799713135,DDoS,0.856138288974762,DDoS,0.9261701107025146,True,False,ACTIVE,False,False
297,EXTERNAL_NPZ_SEQUENCE,ids_5_attacks_1000_sequences.npz,296,1727,2026-09-29T07:33:40.435203+00:00,2,,,SEQ-587A4D3703C9,,1,DDoS,1,DDoS,0.9999999403953552,,0.06251811981201172,0.040991999208927155,False,HIGH,FAST_ATTACK_PATH,Random Forest,DDoS,0.9999999403953552,DDoS,0.8077589273452759,DDoS,0.9600120186805725,True,False,ACTIVE,False,False
298,EXTERNAL_NPZ_SEQUENCE,ids_5_attacks_1000_sequences.npz,297,1744,2026-09-29T07:33:40.435203+00:00,3,,,SEQ-9AD8F9A51D6F,,1,DDoS,1,DDoS,0.9457749724388123,0.35384365916252136,0.04584664851427078,0.027314405888319016,False,LOW,DEEP_ANALYSIS,CNN-BiLSTM,BENIGN,1.0,BENIGN,0.9468486905097961,DDoS,0.9457749724388123,True,False,ACTIVE,False,False
299,EXTERNAL_NPZ_SEQUENCE,ids_5_attacks_1000_sequences.npz,298,1767,2026-09-29T07:33:40.435203+00:00,4,,,SEQ-2819ACF34119,,1,DDoS,1,DDoS,0.9477968811988831,0.5957894921302795,0.04374850541353226,0.03766428306698799,False,MEDIUM,DEEP_ANALYSIS,CNN-BiLSTM,BENIGN,0.9950610399246216,DDoS,0.8550348281860352,DDoS,0.9477968811988831,True,False,ACTIVE,False,False
300,EXTERNAL_NPZ_SEQUENCE,ids_5_attacks_1000_sequences.npz,299,1769,2026-09-29T07:33:40.435203+00:00,5,,,SEQ-E1B68AD84361,,1,DDoS,1,DDoS,0.922406792640686,0.5880976915359497,0.055204372853040695,0.0621115118265152,False,MEDIUM,DEEP_ANALYSIS,CNN-BiLSTM,BENIGN,1.0,DDoS,0.8565822243690491,DDoS,0.922406792640686,True,False,ACTIVE,False,False
301,EXTERNAL_NPZ_SEQUENCE,ids_5_attacks_1000_sequences.npz,300,1780,2026-09-29T07:33:40.435203+00:00,1,,,SEQ-60ACD8579078,,1,DDoS,1,DDoS,0.928339958190918,0.765083372592926,0.3979242146015167,0.3670943081378937,False,HIGH,DEEP_ANALYSIS,CNN-BiLSTM,DoS Hulk,0.6675940752029419,DDoS,0.8231897354125977,DDoS,0.928339958190918,True,False,ACTIVE,False,False
302,EXTERNAL_NPZ_SEQUENCE,ids_5_attacks_1000_sequences.npz,301,1800,2026-09-29T07:33:40.435203+00:00,2,,,SEQ-AC34DBE2A469,,1,DDoS,1,DDoS,1.0,,0.03834348917007446,0.02514113113284111,False,HIGH,FAST_ATTACK_PATH,Random Forest,DDoS,1.0,BENIGN,0.9477752447128296,DDoS,0.969209611415863,True,False,ACTIVE,False,False
303,EXTERNAL_NPZ_SEQUENCE,ids_5_attacks_1000_sequences.npz,302,1807,2026-09-29T07:33:40.435203+00:00,3,,,SEQ-72D48A9A3C88,,1,DDoS,1,DDoS,0.9603176712989807,0.3509120047092438,0.044227682054042816,0.026349861174821854,False,LOW,DEEP_ANALYSIS,CNN-BiLSTM,BENIGN,1.0,BENIGN,0.972777783870697,DDoS,0.9603176712989807,True,False,ACTIVE,False,False
304,EXTERNAL_NPZ_SEQUENCE,ids_5_attacks_1000_sequences.npz,303,1818,2026-09-29T07:33:40.435203+00:00,4,,,SEQ-248B4BB0CEA3,,1,DDoS,1,DDoS,0.9711970686912537,0.5918198227882385,0.41451993584632874,0.35687151551246643,False,MEDIUM,DEEP_ANALYSIS,CNN-BiLSTM,BENIGN,0.9951201677322388,DDoS,0.629156231880188,DDoS,0.9711970686912537,True,False,ACTIVE,False,False
305,EXTERNAL_NPZ_SEQUENCE,ids_5_attacks_1000_sequences.npz,304,1821,2026-09-29T07:33:40.435203+00:00,5,,,SEQ-E940570830A0,,1,DDoS,1,DDoS,0.940717339515686,0.6584306359291077,0.4446016550064087,0.5002299547195435,False,HIGH,DEEP_ANALYSIS,CNN-BiLSTM,BENIGN,1.0,DDoS,0.8749642968177795,DDoS,0.940717339515686,True,False,ACTIVE,False,False
306,EXTERNAL_NPZ_SEQUENCE,ids_5_attacks_1000_sequences.npz,305,1823,2026-09-29T07:33:40.435203+00:00,1,,,SEQ-31B3C067825E,,1,DDoS,1,DDoS,0.9417310953140259,0.5156377553939819,0.05651932582259178,0.05214039236307144,False,MEDIUM,DEEP_ANALYSIS,CNN-BiLSTM,BENIGN,0.9601770639419556,DDoS,0.5652978420257568,DDoS,0.9417310953140259,True,False,ACTIVE,False,False
307,EXTERNAL_NPZ_SEQUENCE,ids_5_attacks_1000_sequences.npz,306,1846,2026-09-29T07:33:40.435203+00:00,2,,,SEQ-E47A85525E8B,,1,DDoS,1,DDoS,1.0,,0.34264326095581055,0.22466498613357544,False,HIGH,FAST_ATTACK_PATH,Random Forest,DDoS,1.0,DDoS,0.8802393674850464,DDoS,0.9536694288253784,True,False,ACTIVE,False,False
308,EXTERNAL_NPZ_SEQUENCE,ids_5_attacks_1000_sequences.npz,307,1900,2026-09-29T07:33:40.435203+00:00,3,,,SEQ-D49D9F46FD93,,1,DDoS,1,DDoS,0.9690028429031372,0.35418814420700073,0.05396163463592529,0.03214913234114647,False,LOW,DEEP_ANALYSIS,CNN-BiLSTM,BENIGN,1.0,BENIGN,0.9768570065498352,DDoS,0.9690028429031372,True,False,ACTIVE,False,False
309,EXTERNAL_NPZ_SEQUENCE,ids_5_attacks_1000_sequences.npz,308,1902,2026-09-29T07:33:40.435203+00:00,4,,,SEQ-A3A20DB42E54,,1,DDoS,1,DDoS,0.9649161696434021,0.34930935502052307,0.030786262825131416,0.02650473266839981,False,LOW,DEEP_ANALYSIS,CNN-BiLSTM,BENIGN,1.0,BENIGN,0.9767640829086304,DDoS,0.9649161696434021,True,False,ACTIVE,False,False
310,EXTERNAL_NPZ_SEQUENCE,ids_5_attacks_1000_sequences.npz,309,1906,2026-09-29T07:33:40.435203+00:00,5,,,SEQ-6330340C346F,,1,DDoS,1,DDoS,0.9808603525161743,0.5945874452590942,0.2606821060180664,0.29329851269721985,False,MEDIUM,DEEP_ANALYSIS,CNN-BiLSTM,BENIGN,1.0,DDoS,0.7072799205780029,DDoS,0.9808603525161743,True,False,ACTIVE,False,False
311,EXTERNAL_NPZ_SEQUENCE,ids_5_attacks_1000_sequences.npz,310,1908,2026-09-29T07:33:40.435203+00:00,1,,,SEQ-D1D820C31F81,,1,DDoS,1,DDoS,0.8748263120651245,0.8179469108581543,1.0,0.9251636862754822,True,CRITICAL,DEEP_ANALYSIS,CNN-BiLSTM,DoS Hulk,0.6653764247894287,DDoS,0.7622746229171753,DDoS,0.8748263120651245,True,False,ACTIVE,False,False
312,EXTERNAL_NPZ_SEQUENCE,ids_5_attacks_1000_sequences.npz,311,1933,2026-09-29T07:33:40.435203+00:00,2,,,SEQ-CF7C25EAE328,,1,DDoS,1,DDoS,1.0,,0.2429189831018448,0.15927757322788239,False,HIGH,FAST_ATTACK_PATH,Random Forest,DDoS,1.0,DDoS,0.8285664319992065,DDoS,0.9714320302009583,True,False,ACTIVE,False,False
313,EXTERNAL_NPZ_SEQUENCE,ids_5_attacks_1000_sequences.npz,312,1937,2026-09-29T07:33:40.435203+00:00,3,,,SEQ-B05B3E544624,,1,DDoS,1,DDoS,0.9122992753982544,0.767585039138794,0.22636491060256958,0.13486313819885254,False,HIGH,DEEP_ANALYSIS,FedProx70 MLP,PortScan,0.7415158152580261,DDoS,0.9122992753982544,DDoS,0.8903924226760864,True,False,ACTIVE,False,False
314,EXTERNAL_NPZ_SEQUENCE,ids_5_attacks_1000_sequences.npz,313,1941,2026-09-29T07:33:40.435203+00:00,4,,,SEQ-9F05075B41FA,,1,DDoS,1,DDoS,0.9500513076782227,0.6805371046066284,0.6179053783416748,0.5319715738296509,False,HIGH,DEEP_ANALYSIS,CNN-BiLSTM,BENIGN,0.9553000330924988,DDoS,0.8213111162185669,DDoS,0.9500513076782227,True,False,ACTIVE,False,False
315,EXTERNAL_NPZ_SEQUENCE,ids_5_attacks_1000_sequences.npz,314,1942,2026-09-29T07:33:40.435203+00:00,5,,,SEQ-9B97411D63B0,,1,DDoS,1,DDoS,0.8758063316345215,0.6826280951499939,0.9065185785293579,1.0199416875839233,True,HIGH,DEEP_ANALYSIS,CNN-BiLSTM,BENIGN,1.0,DDoS,0.8003937005996704,DDoS,0.8758063316345215,True,False,ACTIVE,False,False
316,EXTERNAL_NPZ_SEQUENCE,ids_5_attacks_1000_sequences.npz,315,1943,2026-09-29T07:33:40.435203+00:00,1,,,SEQ-6EBF4E0DB393,,1,DDoS,1,DDoS,0.9504744410514832,0.7712960243225098,0.31651774048805237,0.29199498891830444,False,HIGH,DEEP_ANALYSIS,CNN-BiLSTM,DoS Hulk,0.6653764247894287,DDoS,0.8602567911148071,DDoS,0.9504744410514832,True,False,ACTIVE,False,False
317,EXTERNAL_NPZ_SEQUENCE,ids_5_attacks_1000_sequences.npz,316,1949,2026-09-29T07:33:40.435203+00:00,2,,,SEQ-0450C7982E0C,,1,DDoS,1,DDoS,1.0,,1.0,0.7159386277198792,True,HIGH,FAST_ATTACK_PATH,Random Forest,DDoS,1.0,DDoS,0.7697761058807373,DDoS,0.875720739364624,True,False,ACTIVE,False,False
318,EXTERNAL_NPZ_SEQUENCE,ids_5_attacks_1000_sequences.npz,317,1985,2026-09-29T07:33:40.435203+00:00,3,,,SEQ-4FCA7057DBE4,,1,DDoS,1,DDoS,0.9488597512245178,0.8144695162773132,0.633395254611969,0.3773627281188965,False,CRITICAL,DEEP_ANALYSIS,CNN-BiLSTM,PortScan,0.707288384437561,DDoS,0.8196720480918884,DDoS,0.9488597512245178,True,False,ACTIVE,False,False
319,EXTERNAL_NPZ_SEQUENCE,ids_5_attacks_1000_sequences.npz,318,1996,2026-09-29T07:33:40.435203+00:00,4,,,SEQ-222917476D43,,1,DDoS,3,DoS Hulk,0.9573569893836975,0.7812753319740295,0.9845988750457764,0.8476680517196655,True,HIGH,DEEP_ANALYSIS,FedProx70 MLP,BENIGN,0.926215410232544,DoS Hulk,0.9573569893836975,DDoS,0.9474899768829346,False,False,ACTIVE,False,False
320,EXTERNAL_NPZ_SEQUENCE,ids_5_attacks_1000_sequences.npz,319,2042,2026-09-29T07:33:40.435203+00:00,5,,,SEQ-6BCC04E7989E,,1,DDoS,1,DDoS,0.9130147695541382,0.6946973204612732,0.9198763370513916,1.034970760345459,True,HIGH,DEEP_ANALYSIS,CNN-BiLSTM,BENIGN,1.0,DDoS,0.7905356884002686,DDoS,0.9130147695541382,True,False,ACTIVE,False,False
321,EXTERNAL_NPZ_SEQUENCE,ids_5_attacks_1000_sequences.npz,320,2054,2026-09-29T07:33:40.435203+00:00,1,,,SEQ-96EAA79BB4D6,,1,DDoS,1,DDoS,0.9684303998947144,0.7766067981719971,0.31620246171951294,0.29170411825180054,False,HIGH,DEEP_ANALYSIS,CNN-BiLSTM,DoS Hulk,0.6653764247894287,DDoS,0.8571682572364807,DDoS,0.9684303998947144,True,False,ACTIVE,False,False
322,EXTERNAL_NPZ_SEQUENCE,ids_5_attacks_1000_sequences.npz,321,2059,2026-09-29T07:33:40.435203+00:00,2,,,SEQ-CF3D64F364E9,,1,DDoS,1,DDoS,1.0,,1.0,2.8434906005859375,True,HIGH,FAST_ATTACK_PATH,Random Forest,DDoS,1.0,DDoS,0.7167003750801086,DDoS,0.971206545829773,True,False,ACTIVE,False,False
323,EXTERNAL_NPZ_SEQUENCE,ids_5_attacks_1000_sequences.npz,322,2065,2026-09-29T07:33:40.435203+00:00,3,,,SEQ-EDA26E2E293B,,1,DDoS,1,DDoS,0.9509702920913696,0.7992169857025146,1.0,4.001747131347656,True,HIGH,DEEP_ANALYSIS,CNN-BiLSTM,BENIGN,0.5227199792861938,DDoS,0.7364046573638916,DDoS,0.9509702920913696,True,False,ACTIVE,False,False
324,EXTERNAL_NPZ_SEQUENCE,ids_5_attacks_1000_sequences.npz,323,2075,2026-09-29T07:33:40.435203+00:00,4,,,SEQ-51D74F6EB825,,1,DDoS,1,DDoS,0.9478740096092224,0.721430778503418,1.0,4.173319339752197,True,HIGH,DEEP_ANALYSIS,CNN-BiLSTM,BENIGN,0.9166774153709412,DDoS,0.7433679699897766,DDoS,0.9478740096092224,True,False,ACTIVE,False,False
325,EXTERNAL_NPZ_SEQUENCE,ids_5_attacks_1000_sequences.npz,324,2095,2026-09-29T07:33:40.435203+00:00,5,,,SEQ-24DC170CDA63,,1,DDoS,1,DDoS,0.8195863366127014,0.6379964351654053,1.0,2.62261962890625,True,HIGH,DEEP_ANALYSIS,CNN-BiLSTM,BENIGN,1.0,DDoS,0.670470654964447,DDoS,0.8195863366127014,True,False,ACTIVE,False,False
326,EXTERNAL_NPZ_SEQUENCE,ids_5_attacks_1000_sequences.npz,325,2210,2026-09-29T07:33:40.435203+00:00,1,,,SEQ-6B16E5F31143,,1,DDoS,1,DDoS,0.9076697826385498,0.5926923751831055,0.04085666686296463,0.03769122436642647,False,MEDIUM,DEEP_ANALYSIS,CNN-BiLSTM,BENIGN,0.9316346049308777,DDoS,0.8506879806518555,DDoS,0.9076697826385498,True,False,ACTIVE,False,False
327,EXTERNAL_NPZ_SEQUENCE,ids_5_attacks_1000_sequences.npz,326,2214,2026-09-29T07:33:40.435203+00:00,2,,,SEQ-A1775B8AF12B,,1,DDoS,1,DDoS,0.9999999403953552,,0.08409921824932098,0.05514233186841011,False,HIGH,FAST_ATTACK_PATH,Random Forest,DDoS,0.9999999403953552,DDoS,0.847037136554718,DDoS,0.9200401902198792,True,False,ACTIVE,False,False
328,EXTERNAL_NPZ_SEQUENCE,ids_5_attacks_1000_sequences.npz,327,2250,2026-09-29T07:33:40.435203+00:00,3,,,SEQ-5E2524ACBAED,,1,DDoS,1,DDoS,0.6611869931221008,0.24732573330402374,0.044147662818431854,0.026302188634872437,False,LOW,DEEP_ANALYSIS,CNN-BiLSTM,BENIGN,1.0,BENIGN,0.9690395593643188,DDoS,0.6611869931221008,True,False,ACTIVE,False,False
329,EXTERNAL_NPZ_SEQUENCE,ids_5_attacks_1000_sequences.npz,328,2260,2026-09-29T07:33:40.435203+00:00,4,,,SEQ-278FD6C1BDF0,,1,DDoS,1,DDoS,0.9100525975227356,0.5341064929962158,0.03636046499013901,0.03130371496081352,False,MEDIUM,DEEP_ANALYSIS,CNN-BiLSTM,BENIGN,0.990020751953125,DDoS,0.6937938928604126,DDoS,0.9100525975227356,True,False,ACTIVE,False,False
330,EXTERNAL_NPZ_SEQUENCE,ids_5_attacks_1000_sequences.npz,329,2263,2026-09-29T07:33:40.435203+00:00,5,,,SEQ-A6C5A9DDDE53,,1,DDoS,1,DDoS,0.8700146079063416,0.3228651285171509,0.02985932119190693,0.03359530121088028,False,LOW,DEEP_ANALYSIS,CNN-BiLSTM,BENIGN,1.0,BENIGN,0.9537296295166016,DDoS,0.8700146079063416,True,False,ACTIVE,False,False
331,EXTERNAL_NPZ_SEQUENCE,ids_5_attacks_1000_sequences.npz,330,2274,2026-09-29T07:33:40.435203+00:00,1,,,SEQ-999EFCE19554,,1,DDoS,1,DDoS,0.8236222863197327,0.539415180683136,0.06286424398422241,0.05799372121691704,False,MEDIUM,DEEP_ANALYSIS,FedProx70 MLP,BENIGN,0.9274921417236328,DDoS,0.8236222863197327,DDoS,0.7668493986129761,True,False,ACTIVE,False,False
332,EXTERNAL_NPZ_SEQUENCE,ids_5_attacks_1000_sequences.npz,331,2291,2026-09-29T07:33:40.435203+00:00,2,,,SEQ-51F245564FF4,,1,DDoS,1,DDoS,0.9999999403953552,,0.07343984395265579,0.04815317690372467,False,HIGH,FAST_ATTACK_PATH,Random Forest,DDoS,0.9999999403953552,DDoS,0.6979364156723022,DDoS,0.9488874077796936,True,False,ACTIVE,False,False
333,EXTERNAL_NPZ_SEQUENCE,ids_5_attacks_1000_sequences.npz,332,2308,2026-09-29T07:33:40.435203+00:00,3,,,SEQ-D088C43D6E38,,1,DDoS,1,DDoS,0.94284987449646,0.7897289395332336,0.31894975900650024,0.19002312421798706,False,HIGH,DEEP_ANALYSIS,CNN-BiLSTM,PortScan,0.7436307668685913,DDoS,0.8772096037864685,DDoS,0.94284987449646,True,False,ACTIVE,False,False
334,EXTERNAL_NPZ_SEQUENCE,ids_5_attacks_1000_sequences.npz,333,2317,2026-09-29T07:33:40.435203+00:00,4,,,SEQ-F30BAEB5DE42,,1,DDoS,1,DDoS,0.8987126350402832,0.7066382169723511,1.0,0.8945899605751038,True,HIGH,DEEP_ANALYSIS,CNN-BiLSTM,BENIGN,0.9450611472129822,DDoS,0.7703368067741394,DDoS,0.8987126350402832,True,False,ACTIVE,False,False
335,EXTERNAL_NPZ_SEQUENCE,ids_5_attacks_1000_sequences.npz,334,2325,2026-09-29T07:33:40.435203+00:00,5,,,SEQ-AD6D15039B76,,1,DDoS,1,DDoS,0.8590733408927917,0.6527820825576782,1.0,2.6254615783691406,True,HIGH,DEEP_ANALYSIS,CNN-BiLSTM,BENIGN,1.0,DDoS,0.6736880540847778,DDoS,0.8590733408927917,True,False,ACTIVE,False,False
336,EXTERNAL_NPZ_SEQUENCE,ids_5_attacks_1000_sequences.npz,335,2339,2026-09-29T07:33:40.435203+00:00,1,,,SEQ-451572637DEF,,1,DDoS,1,DDoS,0.9595428109169006,0.6032218337059021,0.03295854106545448,0.030405018478631973,False,HIGH,DEEP_ANALYSIS,CNN-BiLSTM,BENIGN,0.9274921417236328,DDoS,0.8264548778533936,DDoS,0.9595428109169006,True,False,ACTIVE,False,False
337,EXTERNAL_NPZ_SEQUENCE,ids_5_attacks_1000_sequences.npz,336,2341,2026-09-29T07:33:40.435203+00:00,2,,,SEQ-F99A0C5BA79F,,1,DDoS,1,DDoS,0.9999999403953552,,0.06833454221487045,0.04480572044849396,False,HIGH,FAST_ATTACK_PATH,Random Forest,DDoS,0.9999999403953552,DDoS,0.7011899948120117,DDoS,0.9526332020759583,True,False,ACTIVE,False,False
338,EXTERNAL_NPZ_SEQUENCE,ids_5_attacks_1000_sequences.npz,337,2349,2026-09-29T07:33:40.435203+00:00,3,,,SEQ-B1D4287D367D,,1,DDoS,1,DDoS,0.9450722932815552,0.7914999723434448,0.31713026762008667,0.18893910944461823,False,HIGH,DEEP_ANALYSIS,CNN-BiLSTM,PortScan,0.7510267496109009,DDoS,0.8764994144439697,DDoS,0.9450722932815552,True,False,ACTIVE,False,False
339,EXTERNAL_NPZ_SEQUENCE,ids_5_attacks_1000_sequences.npz,338,2365,2026-09-29T07:33:40.435203+00:00,4,,,SEQ-EE456ECF723D,,1,DDoS,1,DDoS,0.9470975995063782,0.34521034359931946,0.02668997272849083,0.022978127002716064,False,LOW,DEEP_ANALYSIS,CNN-BiLSTM,BENIGN,1.0,BENIGN,0.9675910472869873,DDoS,0.9470975995063782,True,False,ACTIVE,False,False
340,EXTERNAL_NPZ_SEQUENCE,ids_5_attacks_1000_sequences.npz,339,2475,2026-09-29T07:33:40.435203+00:00,5,,,SEQ-E2A9D82322B0,,1,DDoS,1,DDoS,0.9768348336219788,0.36457163095474243,0.02671431005001068,0.03005678951740265,False,LOW,DEEP_ANALYSIS,CNN-BiLSTM,BENIGN,1.0,BENIGN,0.9377590417861938,DDoS,0.9768348336219788,True,False,ACTIVE,False,False
341,EXTERNAL_NPZ_SEQUENCE,ids_5_attacks_1000_sequences.npz,340,2481,2026-09-29T07:33:40.435203+00:00,1,,,SEQ-1A5A75B8ED50,,1,DDoS,1,DDoS,0.9694578051567078,0.37255164980888367,0.022323239594697952,0.020593706518411636,False,LOW,DEEP_ANALYSIS,CNN-BiLSTM,BENIGN,0.9274921417236328,BENIGN,0.9486955404281616,DDoS,0.9694578051567078,True,False,ACTIVE,False,False
342,EXTERNAL_NPZ_SEQUENCE,ids_5_attacks_1000_sequences.npz,341,2509,2026-09-29T07:33:40.435203+00:00,2,,,SEQ-C8ED92043532,,1,DDoS,1,DDoS,1.0,,0.03769752010703087,0.024717580527067184,False,HIGH,FAST_ATTACK_PATH,Random Forest,DDoS,1.0,BENIGN,0.9462608098983765,DDoS,0.7283933758735657,True,False,ACTIVE,False,False
343,EXTERNAL_NPZ_SEQUENCE,ids_5_attacks_1000_sequences.npz,342,2517,2026-09-29T07:33:40.435203+00:00,3,,,SEQ-7098A407C036,,1,DDoS,1,DDoS,0.9270075559616089,0.523388147354126,0.095067098736763,0.056638848036527634,False,MEDIUM,DEEP_ANALYSIS,CNN-BiLSTM,BENIGN,0.9950000047683716,DDoS,0.6122514009475708,DDoS,0.9270075559616089,True,False,ACTIVE,False,False
344,EXTERNAL_NPZ_SEQUENCE,ids_5_attacks_1000_sequences.npz,343,2533,2026-09-29T07:33:40.435203+00:00,4,,,SEQ-C48A55B50884,,1,DDoS,1,DDoS,0.7112295627593994,0.2651984691619873,0.026709020137786865,0.022994523867964745,False,LOW,DEEP_ANALYSIS,CNN-BiLSTM,BENIGN,1.0,BENIGN,0.9591274261474609,DDoS,0.7112295627593994,True,False,ACTIVE,False,False
345,EXTERNAL_NPZ_SEQUENCE,ids_5_attacks_1000_sequences.npz,344,2559,2026-09-29T07:33:40.435203+00:00,5,,,SEQ-41FE1DF2F008,,1,DDoS,1,DDoS,0.8375199437141418,0.5468825101852417,0.06371723115444183,0.07168949395418167,False,MEDIUM,DEEP_ANALYSIS,FedProx70 MLP,BENIGN,1.0,DDoS,0.8375199437141418,DDoS,0.8173398375511169,True,False,ACTIVE,False,False
346,EXTERNAL_NPZ_SEQUENCE,ids_5_attacks_1000_sequences.npz,345,2577,2026-09-29T07:33:40.435203+00:00,1,,,SEQ-35AE12CD77E3,,1,DDoS,1,DDoS,0.7212343811988831,0.28676965832710266,0.022371429949998856,0.02063816413283348,False,LOW,DEEP_ANALYSIS,CNN-BiLSTM,BENIGN,0.9239471554756165,BENIGN,0.947428822517395,DDoS,0.7212343811988831,True,False,ACTIVE,False,False
347,EXTERNAL_NPZ_SEQUENCE,ids_5_attacks_1000_sequences.npz,346,2578,2026-09-29T07:33:40.435203+00:00,2,,,SEQ-EA9E7919C7AD,,1,DDoS,1,DDoS,1.0,,0.036038730293512344,0.023629942908883095,False,HIGH,FAST_ATTACK_PATH,Random Forest,DDoS,1.0,BENIGN,0.9650211930274963,DDoS,0.7006930708885193,True,False,ACTIVE,False,False
348,EXTERNAL_NPZ_SEQUENCE,ids_5_attacks_1000_sequences.npz,347,2581,2026-09-29T07:33:40.435203+00:00,3,,,SEQ-717BBA9DFBE5,,1,DDoS,1,DDoS,0.8864040374755859,0.4825204014778137,0.11658944189548492,0.06946137547492981,False,MEDIUM,DEEP_ANALYSIS,CNN-BiLSTM,BENIGN,0.9886256456375122,BENIGN,0.49161434173583984,DDoS,0.8864040374755859,True,False,ACTIVE,False,False
349,EXTERNAL_NPZ_SEQUENCE,ids_5_attacks_1000_sequences.npz,348,2588,2026-09-29T07:33:40.435203+00:00,4,,,SEQ-758DB2456066,,1,DDoS,1,DDoS,0.9205301403999329,0.5834483504295349,0.03846487030386925,0.033115454018116,False,MEDIUM,DEEP_ANALYSIS,CNN-BiLSTM,BENIGN,0.9950000047683716,DDoS,0.8483102321624756,DDoS,0.9205301403999329,True,False,ACTIVE,False,False
350,EXTERNAL_NPZ_SEQUENCE,ids_5_attacks_1000_sequences.npz,349,2604,2026-09-29T07:33:40.435203+00:00,5,,,SEQ-6EC27E8D742E,,1,DDoS,1,DDoS,0.7205122113227844,0.2681455910205841,0.02523883804678917,0.02839670702815056,False,LOW,DEEP_ANALYSIS,CNN-BiLSTM,BENIGN,1.0,BENIGN,0.9593982696533203,DDoS,0.7205122113227844,True,False,ACTIVE,False,False
351,EXTERNAL_NPZ_SEQUENCE,ids_5_attacks_1000_sequences.npz,350,2605,2026-09-29T07:33:40.435203+00:00,1,,,SEQ-929CA2A59847,,1,DDoS,1,DDoS,0.6807171106338501,0.26357245445251465,0.022287236526608467,0.0205604936927557,False,LOW,DEEP_ANALYSIS,CNN-BiLSTM,BENIGN,0.9315311908721924,BENIGN,0.9723845720291138,DDoS,0.6807171106338501,True,False,ACTIVE,False,False
352,EXTERNAL_NPZ_SEQUENCE,ids_5_attacks_1000_sequences.npz,351,2611,2026-09-29T07:33:40.435203+00:00,2,,,SEQ-F16F80F762A9,,1,DDoS,1,DDoS,0.9999999403953552,,0.11247774213552475,0.0737496167421341,False,HIGH,FAST_ATTACK_PATH,Random Forest,DDoS,0.9999999403953552,DDoS,0.8531389236450195,DDoS,0.9325984120368958,True,False,ACTIVE,False,False
353,EXTERNAL_NPZ_SEQUENCE,ids_5_attacks_1000_sequences.npz,352,2613,2026-09-29T07:33:40.435203+00:00,3,,,SEQ-832D964FF0FF,,1,DDoS,1,DDoS,0.9220572710037231,0.5912036895751953,0.07704907655715942,0.04590411111712456,False,MEDIUM,DEEP_ANALYSIS,CNN-BiLSTM,BENIGN,0.9906324148178101,DDoS,0.8501758575439453,DDoS,0.9220572710037231,True,False,ACTIVE,False,False
354,EXTERNAL_NPZ_SEQUENCE,ids_5_attacks_1000_sequences.npz,353,2617,2026-09-29T07:33:40.435203+00:00,4,,,SEQ-97C573CF9803,,1,DDoS,1,DDoS,0.9067407846450806,0.5339629054069519,0.03435106202960014,0.02957376465201378,False,MEDIUM,DEEP_ANALYSIS,CNN-BiLSTM,BENIGN,0.9950207471847534,DDoS,0.7015171051025391,DDoS,0.9067407846450806,True,False,ACTIVE,False,False
355,EXTERNAL_NPZ_SEQUENCE,ids_5_attacks_1000_sequences.npz,354,2633,2026-09-29T07:33:40.435203+00:00,5,,,SEQ-0F3A1431AD08,,1,DDoS,1,DDoS,0.976464569568634,0.7238292694091797,1.0,3.356963872909546,True,HIGH,DEEP_ANALYSIS,CNN-BiLSTM,BENIGN,1.0,DDoS,0.7735555171966553,DDoS,0.976464569568634,True,False,ACTIVE,False,False
356,EXTERNAL_NPZ_SEQUENCE,ids_5_attacks_1000_sequences.npz,355,2637,2026-09-29T07:33:40.435203+00:00,1,,,SEQ-30DA375B9F7D,,1,DDoS,1,DDoS,0.9345492124557495,0.8092576265335083,1.0,1.9034281969070435,True,CRITICAL,DEEP_ANALYSIS,CNN-BiLSTM,DoS Hulk,0.6525081396102905,DDoS,0.6722123622894287,DDoS,0.9345492124557495,True,False,ACTIVE,False,False
357,EXTERNAL_NPZ_SEQUENCE,ids_5_attacks_1000_sequences.npz,356,2638,2026-09-29T07:33:40.435203+00:00,2,,,SEQ-027A54E57816,,1,DDoS,1,DDoS,1.0,,1.0,2.750443935394287,True,HIGH,FAST_ATTACK_PATH,Random Forest,DDoS,1.0,DDoS,0.8187333345413208,DDoS,0.9584209322929382,True,False,ACTIVE,False,False
358,EXTERNAL_NPZ_SEQUENCE,ids_5_attacks_1000_sequences.npz,357,2674,2026-09-29T07:33:40.435203+00:00,3,,,SEQ-08DCFED06F5D,,1,DDoS,1,DDoS,0.8283302187919617,0.7807955741882324,1.0,1.8497123718261719,True,HIGH,DEEP_ANALYSIS,CNN-BiLSTM,PortScan,0.696399450302124,DDoS,0.6720003485679626,DDoS,0.8283302187919617,True,False,ACTIVE,False,False
359,EXTERNAL_NPZ_SEQUENCE,ids_5_attacks_1000_sequences.npz,358,2677,2026-09-29T07:33:40.435203+00:00,4,,,SEQ-6BE4EDE88609,,1,DDoS,1,DDoS,0.9619743824005127,0.3573457896709442,0.028620963916182518,0.02464056760072708,False,LOW,DEEP_ANALYSIS,CNN-BiLSTM,BENIGN,1.0,BENIGN,0.9454612731933594,DDoS,0.9619743824005127,True,False,ACTIVE,False,False
360,EXTERNAL_NPZ_SEQUENCE,ids_5_attacks_1000_sequences.npz,359,2687,2026-09-29T07:33:40.435203+00:00,5,,,SEQ-2D6082599B52,,1,DDoS,1,DDoS,0.9586459994316101,0.6649696826934814,0.44512489438056946,0.50081866979599,False,HIGH,DEEP_ANALYSIS,CNN-BiLSTM,BENIGN,1.0,DDoS,0.8755828142166138,DDoS,0.9586459994316101,True,False,ACTIVE,False,False
361,EXTERNAL_NPZ_SEQUENCE,ids_5_attacks_1000_sequences.npz,360,2689,2026-09-29T07:33:40.435203+00:00,1,,,SEQ-E91CBCDAB284,,1,DDoS,1,DDoS,0.9631465673446655,0.3611392676830292,0.02221972681581974,0.020498214289546013,False,LOW,DEEP_ANALYSIS,CNN-BiLSTM,BENIGN,0.9601770639419556,BENIGN,0.9575319290161133,DDoS,0.9631465673446655,True,False,ACTIVE,False,False
362,EXTERNAL_NPZ_SEQUENCE,ids_5_attacks_1000_sequences.npz,361,2697,2026-09-29T07:33:40.435203+00:00,2,,,SEQ-E936697821DE,,1,DDoS,1,DDoS,1.0,,1.0,0.7190755009651184,True,HIGH,FAST_ATTACK_PATH,Random Forest,DDoS,1.0,DDoS,0.7767794132232666,DDoS,0.8700119256973267,True,False,ACTIVE,False,False
363,EXTERNAL_NPZ_SEQUENCE,ids_5_attacks_1000_sequences.npz,362,2705,2026-09-29T07:33:40.435203+00:00,3,,,SEQ-91FE84590E8A,,1,DDoS,1,DDoS,0.9188954830169678,0.780031681060791,0.3149397671222687,0.18763406574726105,False,HIGH,DEEP_ANALYSIS,CNN-BiLSTM,PortScan,0.7427374124526978,DDoS,0.8754326105117798,DDoS,0.9188954830169678,True,False,ACTIVE,False,False
364,EXTERNAL_NPZ_SEQUENCE,ids_5_attacks_1000_sequences.npz,363,2731,2026-09-29T07:33:40.435203+00:00,4,,,SEQ-595E58FFC951,,1,DDoS,1,DDoS,0.9692090749740601,0.36194488406181335,0.027690263465046883,0.023839304223656654,False,LOW,DEEP_ANALYSIS,CNN-BiLSTM,BENIGN,1.0,BENIGN,0.938106119632721,DDoS,0.9692090749740601,True,False,ACTIVE,False,False
365,EXTERNAL_NPZ_SEQUENCE,ids_5_attacks_1000_sequences.npz,364,2747,2026-09-29T07:33:40.435203+00:00,5,,,SEQ-74D7166A1B97,,1,DDoS,1,DDoS,0.9471175670623779,0.6363890767097473,0.36076268553733826,0.40590110421180725,False,HIGH,DEEP_ANALYSIS,CNN-BiLSTM,BENIGN,1.0,DDoS,0.8359451293945312,DDoS,0.9471175670623779,True,False,ACTIVE,False,False
366,EXTERNAL_NPZ_SEQUENCE,ids_5_attacks_1000_sequences.npz,365,2751,2026-09-29T07:33:40.435203+00:00,1,,,SEQ-616AB796160A,,1,DDoS,1,DDoS,0.9517509341239929,0.7442045211791992,0.1783357560634613,0.16451887786388397,False,HIGH,DEEP_ANALYSIS,CNN-BiLSTM,DoS Hulk,0.6625940799713135,DDoS,0.8394081592559814,DDoS,0.9517509341239929,True,False,ACTIVE,False,False
367,EXTERNAL_NPZ_SEQUENCE,ids_5_attacks_1000_sequences.npz,366,2763,2026-09-29T07:33:40.435203+00:00,2,,,SEQ-68B804DFCD19,,1,DDoS,1,DDoS,1.0,,0.24488861858844757,0.16056902706623077,False,HIGH,FAST_ATTACK_PATH,Random Forest,DDoS,1.0,DDoS,0.8349286317825317,DDoS,0.9639133214950562,True,False,ACTIVE,False,False
368,EXTERNAL_NPZ_SEQUENCE,ids_5_attacks_1000_sequences.npz,367,2770,2026-09-29T07:33:40.435203+00:00,3,,,SEQ-F07F7C7A1954,,1,DDoS,1,DDoS,0.9707377552986145,0.7533841133117676,0.15199658274650574,0.09055615216493607,False,HIGH,DEEP_ANALYSIS,CNN-BiLSTM,PortScan,0.6612585186958313,DDoS,0.861915647983551,DDoS,0.9707377552986145,True,False,ACTIVE,False,False
369,EXTERNAL_NPZ_SEQUENCE,ids_5_attacks_1000_sequences.npz,368,2791,2026-09-29T07:33:40.435203+00:00,4,,,SEQ-B15B3A98C0EC,,1,DDoS,1,DDoS,0.9203253388404846,0.6973305344581604,0.8547893762588501,0.73591148853302,True,HIGH,DEEP_ANALYSIS,CNN-BiLSTM,BENIGN,0.9601802229881287,DDoS,0.7967809438705444,DDoS,0.9203253388404846,True,False,ACTIVE,False,False
370,EXTERNAL_NPZ_SEQUENCE,ids_5_attacks_1000_sequences.npz,369,2805,2026-09-29T07:33:40.435203+00:00,5,,,SEQ-BB7F84C659DB,,1,DDoS,1,DDoS,0.9411719441413879,0.6359598636627197,0.3188360631465912,0.35872864723205566,False,HIGH,DEEP_ANALYSIS,CNN-BiLSTM,BENIGN,1.0,DDoS,0.8624143004417419,DDoS,0.9411719441413879,True,False,ACTIVE,False,False
371,EXTERNAL_NPZ_SEQUENCE,ids_5_attacks_1000_sequences.npz,370,2814,2026-09-29T07:33:40.435203+00:00,1,,,SEQ-7024DA558D5D,,1,DDoS,1,DDoS,0.9749817252159119,0.6116477847099304,0.03471938520669937,0.03202943876385689,False,HIGH,DEEP_ANALYSIS,CNN-BiLSTM,BENIGN,0.9224921464920044,DDoS,0.8323157429695129,DDoS,0.9749817252159119,True,False,ACTIVE,False,False
372,EXTERNAL_NPZ_SEQUENCE,ids_5_attacks_1000_sequences.npz,371,2817,2026-09-29T07:33:40.435203+00:00,2,,,SEQ-B418F95DFC07,,1,DDoS,1,DDoS,1.0,,1.0,1.9084742069244385,True,HIGH,FAST_ATTACK_PATH,Random Forest,DDoS,1.0,DDoS,0.6693378686904907,DDoS,0.8564769625663757,True,False,ACTIVE,False,False
373,EXTERNAL_NPZ_SEQUENCE,ids_5_attacks_1000_sequences.npz,372,2819,2026-09-29T07:33:40.435203+00:00,3,,,SEQ-BF3D34E9C6CF,,1,DDoS,1,DDoS,0.8753694891929626,0.826655387878418,1.0,0.929848313331604,True,CRITICAL,DEEP_ANALYSIS,CNN-BiLSTM,PortScan,0.7137953639030457,DDoS,0.7583900094032288,DDoS,0.8753694891929626,True,False,ACTIVE,False,False
374,EXTERNAL_NPZ_SEQUENCE,ids_5_attacks_1000_sequences.npz,373,2825,2026-09-29T07:33:40.435203+00:00,4,,,SEQ-C210038F39FE,,1,DDoS,1,DDoS,0.923576295375824,0.3370433449745178,0.029921934008598328,0.025760607793927193,False,LOW,DEEP_ANALYSIS,CNN-BiLSTM,BENIGN,1.0,BENIGN,0.968988835811615,DDoS,0.923576295375824,True,False,ACTIVE,False,False
375,EXTERNAL_NPZ_SEQUENCE,ids_5_attacks_1000_sequences.npz,374,2829,2026-09-29T07:33:40.435203+00:00,5,,,SEQ-E2B141B1E3B3,,1,DDoS,1,DDoS,0.9807985424995422,0.36357617378234863,0.028698107227683067,0.032288797199726105,False,LOW,DEEP_ANALYSIS,CNN-BiLSTM,BENIGN,1.0,BENIGN,0.9466934204101562,DDoS,0.9807985424995422,True,False,ACTIVE,False,False
376,EXTERNAL_NPZ_SEQUENCE,ids_5_attacks_1000_sequences.npz,375,2833,2026-09-29T07:33:40.435203+00:00,1,,,SEQ-5825F27C2777,,1,DDoS,1,DDoS,0.9763897657394409,0.3671877980232239,0.023759940639138222,0.021919097751379013,False,LOW,DEEP_ANALYSIS,CNN-BiLSTM,BENIGN,0.965177059173584,BENIGN,0.9502573609352112,DDoS,0.9763897657394409,True,False,ACTIVE,False,False
377,EXTERNAL_NPZ_SEQUENCE,ids_5_attacks_1000_sequences.npz,376,2835,2026-09-29T07:33:40.435203+00:00,2,,,SEQ-5B63549272C9,,1,DDoS,1,DDoS,1.0,,0.24295230209827423,0.15929941833019257,False,HIGH,FAST_ATTACK_PATH,Random Forest,DDoS,1.0,DDoS,0.828679621219635,DDoS,0.9474295973777771,True,False,ACTIVE,False,False
378,EXTERNAL_NPZ_SEQUENCE,ids_5_attacks_1000_sequences.npz,377,2836,2026-09-29T07:33:40.435203+00:00,3,,,SEQ-62C0437AFB69,,1,DDoS,1,DDoS,0.9600340723991394,0.3588634133338928,0.04570716246962547,0.027231303974986076,False,LOW,DEEP_ANALYSIS,CNN-BiLSTM,BENIGN,1.0,BENIGN,0.9466819167137146,DDoS,0.9600340723991394,True,False,ACTIVE,False,False
379,EXTERNAL_NPZ_SEQUENCE,ids_5_attacks_1000_sequences.npz,378,2847,2026-09-29T07:33:40.435203+00:00,4,,,SEQ-A826AABFFB43,,1,DDoS,1,DDoS,0.8973022699356079,0.663173258304596,0.6279370188713074,0.5406081080436707,False,HIGH,DEEP_ANALYSIS,CNN-BiLSTM,BENIGN,0.970300018787384,DDoS,0.8299564719200134,DDoS,0.8973022699356079,True,False,ACTIVE,False,False
380,EXTERNAL_NPZ_SEQUENCE,ids_5_attacks_1000_sequences.npz,379,2849,2026-09-29T07:33:40.435203+00:00,5,,,SEQ-A42B9453B737,,1,DDoS,1,DDoS,0.9749805927276611,0.4855395257472992,0.23557288944721222,0.2650476396083832,False,MEDIUM,DEEP_ANALYSIS,CNN-BiLSTM,BENIGN,1.0,DDoS,0.36320123076438904,DDoS,0.9749805927276611,True,False,ACTIVE,False,False
381,EXTERNAL_NPZ_SEQUENCE,ids_5_attacks_1000_sequences.npz,380,2868,2026-09-29T07:33:40.435203+00:00,1,,,SEQ-D8018E2478B4,,1,DDoS,1,DDoS,0.9221939444541931,0.7556906342506409,0.1786690652370453,0.16482636332511902,False,HIGH,DEEP_ANALYSIS,CNN-BiLSTM,DoS Hulk,0.6581201553344727,DDoS,0.914994478225708,DDoS,0.9221939444541931,True,False,ACTIVE,False,False
382,EXTERNAL_NPZ_SEQUENCE,ids_5_attacks_1000_sequences.npz,381,2980,2026-09-29T07:33:40.435203+00:00,2,,,SEQ-EEBF5ECA9E4D,,1,DDoS,1,DDoS,1.0,,0.03744075074791908,0.024549221619963646,False,HIGH,FAST_ATTACK_PATH,Random Forest,DDoS,1.0,BENIGN,0.9480254650115967,DDoS,0.7175022959709167,True,False,ACTIVE,False,False
383,EXTERNAL_NPZ_SEQUENCE,ids_5_attacks_1000_sequences.npz,382,2987,2026-09-29T07:33:40.435203+00:00,3,,,SEQ-C82C2F3B153D,,1,DDoS,1,DDoS,0.9299128651618958,0.5110169649124146,0.10209827125072479,0.06082786247134209,False,MEDIUM,DEEP_ANALYSIS,CNN-BiLSTM,BENIGN,0.995887815952301,DDoS,0.5647009611129761,DDoS,0.9299128651618958,True,False,ACTIVE,False,False
384,EXTERNAL_NPZ_SEQUENCE,ids_5_attacks_1000_sequences.npz,383,2992,2026-09-29T07:33:40.435203+00:00,4,,,SEQ-EB3B11C0E2D5,,1,DDoS,1,DDoS,0.9254522323608398,0.5297601819038391,0.04115675762295723,0.035432975739240646,False,MEDIUM,DEEP_ANALYSIS,CNN-BiLSTM,BENIGN,0.9950000047683716,DDoS,0.6622613072395325,DDoS,0.9254522323608398,True,False,ACTIVE,False,False
385,EXTERNAL_NPZ_SEQUENCE,ids_5_attacks_1000_sequences.npz,384,2998,2026-09-29T07:33:40.435203+00:00,5,,,SEQ-6393F491FD3F,,1,DDoS,1,DDoS,0.8741734623908997,0.32492950558662415,0.029600175097584724,0.03330373018980026,False,LOW,DEEP_ANALYSIS,CNN-BiLSTM,BENIGN,1.0,BENIGN,0.9515708684921265,DDoS,0.8741734623908997,True,False,ACTIVE,False,False
386,EXTERNAL_NPZ_SEQUENCE,ids_5_attacks_1000_sequences.npz,385,3008,2026-09-29T07:33:40.435203+00:00,1,,,SEQ-AE7FFD2C0E38,,1,DDoS,1,DDoS,0.8278718590736389,0.4969117045402527,0.06209244206547737,0.05728171765804291,False,MEDIUM,DEEP_ANALYSIS,FedProx70 MLP,BENIGN,0.9366346001625061,DDoS,0.8278718590736389,DDoS,0.6473232507705688,True,False,ACTIVE,False,False
387,EXTERNAL_NPZ_SEQUENCE,ids_5_attacks_1000_sequences.npz,386,3011,2026-09-29T07:33:40.435203+00:00,2,,,SEQ-292BF54F8853,,1,DDoS,1,DDoS,0.9999999403953552,,0.11402001231908798,0.07476085424423218,False,HIGH,FAST_ATTACK_PATH,Random Forest,DDoS,0.9999999403953552,DDoS,0.8498717546463013,DDoS,0.9253913760185242,True,False,ACTIVE,False,False
388,EXTERNAL_NPZ_SEQUENCE,ids_5_attacks_1000_sequences.npz,387,3041,2026-09-29T07:33:40.435203+00:00,3,,,SEQ-65AB90067D61,,1,DDoS,1,DDoS,0.9236739277839661,0.5912531018257141,0.07621020078659058,0.045404329895973206,False,MEDIUM,DEEP_ANALYSIS,CNN-BiLSTM,BENIGN,0.9906324148178101,DDoS,0.848874032497406,DDoS,0.9236739277839661,True,False,ACTIVE,False,False
389,EXTERNAL_NPZ_SEQUENCE,ids_5_attacks_1000_sequences.npz,388,3044,2026-09-29T07:33:40.435203+00:00,4,,,SEQ-43298ABD1F91,,1,DDoS,1,DDoS,0.9087077975273132,0.5658389329910278,0.0322805717587471,0.027791224420070648,False,MEDIUM,DEEP_ANALYSIS,CNN-BiLSTM,BENIGN,0.9950207471847534,DDoS,0.806510865688324,DDoS,0.9087077975273132,True,False,ACTIVE,False,False
390,EXTERNAL_NPZ_SEQUENCE,ids_5_attacks_1000_sequences.npz,389,3052,2026-09-29T07:33:40.435203+00:00,5,,,SEQ-807B2AB48C02,,1,DDoS,1,DDoS,0.7007573843002319,0.2584794759750366,0.024870580062270164,0.027982370927929878,False,LOW,DEEP_ANALYSIS,CNN-BiLSTM,BENIGN,1.0,BENIGN,0.9683873653411865,DDoS,0.7007573843002319,True,False,ACTIVE,False,False
391,EXTERNAL_NPZ_SEQUENCE,ids_5_attacks_1000_sequences.npz,390,3104,2026-09-29T07:33:40.435203+00:00,1,,,SEQ-6251E0AB7CDE,,1,DDoS,1,DDoS,0.8561484813690186,0.7706719040870667,0.7283491492271423,0.6719189882278442,True,HIGH,DEEP_ANALYSIS,CNN-BiLSTM,DoS Hulk,0.6447739005088806,DDoS,0.7760425806045532,DDoS,0.8561484813690186,True,False,ACTIVE,False,False
392,EXTERNAL_NPZ_SEQUENCE,ids_5_attacks_1000_sequences.npz,391,3107,2026-09-29T07:33:40.435203+00:00,2,,,SEQ-11A0DDDBC814,,1,DDoS,1,DDoS,0.9406088590621948,0.19191746413707733,0.024237707257270813,0.01589222624897957,False,NORMAL,DEEP_ANALYSIS,Random Forest,DDoS,0.9406088590621948,BENIGN,0.9997215867042542,BENIGN,0.9997814297676086,True,False,ACTIVE,False,False
393,EXTERNAL_NPZ_SEQUENCE,ids_5_attacks_1000_sequences.npz,392,3113,2026-09-29T07:33:40.435203+00:00,3,,,SEQ-547B018145E3,,1,DDoS,1,DDoS,0.7971338033676147,0.30340081453323364,0.048156093806028366,0.028690321370959282,False,LOW,DEEP_ANALYSIS,CNN-BiLSTM,BENIGN,1.0,BENIGN,0.9427314400672913,DDoS,0.7971338033676147,True,False,ACTIVE,False,False
394,EXTERNAL_NPZ_SEQUENCE,ids_5_attacks_1000_sequences.npz,393,3124,2026-09-29T07:33:40.435203+00:00,4,,,SEQ-ECF31ED1E9C2,,1,DDoS,1,DDoS,0.7134640216827393,0.26869094371795654,0.026797743514180183,0.023070909082889557,False,LOW,DEEP_ANALYSIS,CNN-BiLSTM,BENIGN,1.0,BENIGN,0.9501370787620544,DDoS,0.7134640216827393,True,False,ACTIVE,False,False
395,EXTERNAL_NPZ_SEQUENCE,ids_5_attacks_1000_sequences.npz,394,3132,2026-09-29T07:33:40.435203+00:00,5,,,SEQ-4EA94C6E4F4F,,1,DDoS,1,DDoS,0.6138819456100464,0.22687451541423798,0.024802790954709053,0.027906101197004318,False,LOW,DEEP_ANALYSIS,CNN-BiLSTM,BENIGN,1.0,BENIGN,0.9723486304283142,DDoS,0.6138819456100464,True,False,ACTIVE,False,False
396,EXTERNAL_NPZ_SEQUENCE,ids_5_attacks_1000_sequences.npz,395,3137,2026-09-29T07:33:40.435203+00:00,1,,,SEQ-74243EF08D5E,,1,DDoS,1,DDoS,0.7104130387306213,0.2791791260242462,0.02226567454636097,0.020540602505207062,False,LOW,DEEP_ANALYSIS,CNN-BiLSTM,BENIGN,0.9366346001625061,BENIGN,0.9515945911407471,DDoS,0.7104130387306213,True,False,ACTIVE,False,False
397,EXTERNAL_NPZ_SEQUENCE,ids_5_attacks_1000_sequences.npz,396,3143,2026-09-29T07:33:40.435203+00:00,2,,,SEQ-C60959594A1C,,1,DDoS,1,DDoS,1.0,,0.03746313229203224,0.024563895538449287,False,HIGH,FAST_ATTACK_PATH,Random Forest,DDoS,1.0,BENIGN,0.9518585801124573,DDoS,0.7126764059066772,True,False,ACTIVE,False,False
398,EXTERNAL_NPZ_SEQUENCE,ids_5_attacks_1000_sequences.npz,397,3151,2026-09-29T07:33:40.435203+00:00,3,,,SEQ-2DEDCF7339D9,,1,DDoS,0,BENIGN,1.0,0.06900133937597275,0.43167826533317566,0.257184237241745,False,NORMAL,DEEP_ANALYSIS,Random Forest,BENIGN,1.0,BENIGN,0.9984361529350281,BENIGN,0.9891987442970276,False,False,ACTIVE,False,False
399,EXTERNAL_NPZ_SEQUENCE,ids_5_attacks_1000_sequences.npz,398,3163,2026-09-29T07:33:40.435203+00:00,4,,,SEQ-064DC73575F1,,1,DDoS,1,DDoS,0.9798998236656189,0.6028530597686768,0.03775374963879585,0.03250323235988617,False,HIGH,DEEP_ANALYSIS,CNN-BiLSTM,BENIGN,0.9950000047683716,DDoS,0.8440836668014526,DDoS,0.9798998236656189,True,False,ACTIVE,False,False
400,EXTERNAL_NPZ_SEQUENCE,ids_5_attacks_1000_sequences.npz,399,3203,2026-09-29T07:33:40.435203+00:00,5,,,SEQ-74EAF984683E,,1,DDoS,1,DDoS,0.9681400060653687,0.3509710431098938,0.0248021949082613,0.027905430644750595,False,LOW,DEEP_ANALYSIS,CNN-BiLSTM,BENIGN,1.0,BENIGN,0.9719944000244141,DDoS,0.9681400060653687,True,False,ACTIVE,False,False
401,EXTERNAL_NPZ_SEQUENCE,ids_5_attacks_1000_sequences.npz,400,5496,2026-09-29T07:33:40.435203+00:00,1,,,SEQ-B208280CEE93,,5,PortScan,0,BENIGN,0.9997889399528503,0.06017697602510452,0.04757517948746681,0.043889209628105164,False,NORMAL,DEEP_ANALYSIS,Random Forest,BENIGN,0.9997889399528503,BENIGN,0.8851560354232788,BENIGN,0.9470134377479553,False,False,ACTIVE,False,False
402,EXTERNAL_NPZ_SEQUENCE,ids_5_attacks_1000_sequences.npz,401,5500,2026-09-29T07:33:40.435203+00:00,2,,,SEQ-6200A96FB359,,5,PortScan,0,BENIGN,1.0,0.022277846932411194,0.047962892800569534,0.031448401510715485,False,NORMAL,DEEP_ANALYSIS,Random Forest,BENIGN,1.0,BENIGN,0.9528501629829407,BENIGN,0.997318685054779,False,False,ACTIVE,False,False
403,EXTERNAL_NPZ_SEQUENCE,ids_5_attacks_1000_sequences.npz,402,5522,2026-09-29T07:33:40.435203+00:00,3,,,SEQ-569601947CFE,,5,PortScan,5,PortScan,0.9997110962867737,,0.055067166686058044,0.03280778229236603,False,HIGH,FAST_ATTACK_PATH,Random Forest,PortScan,0.9997110962867737,BENIGN,0.9523885846138,BENIGN,0.9358425140380859,True,False,ACTIVE,False,False
404,EXTERNAL_NPZ_SEQUENCE,ids_5_attacks_1000_sequences.npz,403,5530,2026-09-29T07:33:40.435203+00:00,4,,,SEQ-B797B1ECF389,,5,PortScan,0,BENIGN,1.0,0.02052503637969494,0.029476279392838478,0.025376932695508003,False,NORMAL,DEEP_ANALYSIS,Random Forest,BENIGN,1.0,BENIGN,0.9489128589630127,BENIGN,0.9977787137031555,False,False,ACTIVE,False,False
405,EXTERNAL_NPZ_SEQUENCE,ids_5_attacks_1000_sequences.npz,404,5535,2026-09-29T07:33:40.435203+00:00,5,,,SEQ-91C340BEF2E0,,5,PortScan,0,BENIGN,1.0,0.09610708057880402,0.03986604884266853,0.044854067265987396,False,NORMAL,DEEP_ANALYSIS,Random Forest,BENIGN,1.0,BENIGN,0.754643976688385,BENIGN,0.9527989625930786,False,False,ACTIVE,False,False
406,EXTERNAL_NPZ_SEQUENCE,ids_5_attacks_1000_sequences.npz,405,5562,2026-09-29T07:33:40.435203+00:00,1,,,SEQ-946D580397EE,,5,PortScan,0,BENIGN,0.9997889399528503,0.03759705647826195,0.05086205527186394,0.04692142829298973,False,NORMAL,DEEP_ANALYSIS,Random Forest,BENIGN,0.9997889399528503,BENIGN,0.9623054265975952,BENIGN,0.9468080997467041,False,False,ACTIVE,False,False
407,EXTERNAL_NPZ_SEQUENCE,ids_5_attacks_1000_sequences.npz,406,5579,2026-09-29T07:33:40.435203+00:00,2,,,SEQ-D0460EE4EFA3,,5,PortScan,0,BENIGN,1.0,0.13918298482894897,0.061867207288742065,0.04056520760059357,False,NORMAL,DEEP_ANALYSIS,Random Forest,BENIGN,1.0,BENIGN,0.6464443206787109,BENIGN,0.9318966269493103,False,False,ACTIVE,False,False
408,EXTERNAL_NPZ_SEQUENCE,ids_5_attacks_1000_sequences.npz,407,5603,2026-09-29T07:33:40.435203+00:00,3,,,SEQ-4AF7BA6CE7BB,,5,PortScan,5,PortScan,0.999787449836731,,0.05749155953526497,0.03425218164920807,False,HIGH,FAST_ATTACK_PATH,Random Forest,PortScan,0.999787449836731,BENIGN,0.9237515330314636,BENIGN,0.9466858506202698,True,False,ACTIVE,False,False
409,EXTERNAL_NPZ_SEQUENCE,ids_5_attacks_1000_sequences.npz,408,5607,2026-09-29T07:33:40.435203+00:00,4,,,SEQ-F0F276FCBA7B,,5,PortScan,0,BENIGN,1.0,0.050850290805101395,0.03038185089826584,0.02615656517446041,False,NORMAL,DEEP_ANALYSIS,Random Forest,BENIGN,1.0,BENIGN,0.8987919092178345,BENIGN,0.9544840455055237,False,False,ACTIVE,False,False
410,EXTERNAL_NPZ_SEQUENCE,ids_5_attacks_1000_sequences.npz,409,5618,2026-09-29T07:33:40.435203+00:00,5,,,SEQ-3061248C713F,,5,PortScan,0,BENIGN,1.0,0.017616163939237595,0.05816643685102463,0.06544418632984161,False,NORMAL,DEEP_ANALYSIS,Random Forest,BENIGN,1.0,BENIGN,0.9965406060218811,BENIGN,0.9775617718696594,False,False,ACTIVE,False,False
411,EXTERNAL_NPZ_SEQUENCE,ids_5_attacks_1000_sequences.npz,410,5626,2026-09-29T07:33:40.435203+00:00,1,,,SEQ-0B3483A1B054,,5,PortScan,0,BENIGN,0.9997889399528503,0.053089119493961334,0.048044364899396896,0.044322043657302856,False,NORMAL,DEEP_ANALYSIS,Random Forest,BENIGN,0.9997889399528503,BENIGN,0.9064342975616455,BENIGN,0.9492270350456238,False,False,ACTIVE,False,False
412,EXTERNAL_NPZ_SEQUENCE,ids_5_attacks_1000_sequences.npz,411,5627,2026-09-29T07:33:40.435203+00:00,2,,,SEQ-2BC6B766F409,,5,PortScan,0,BENIGN,1.0,0.055018242448568344,0.034190841019153595,0.022418316453695297,False,NORMAL,DEEP_ANALYSIS,Random Forest,BENIGN,1.0,BENIGN,0.892737865447998,BENIGN,0.9493972063064575,False,False,ACTIVE,False,False
413,EXTERNAL_NPZ_SEQUENCE,ids_5_attacks_1000_sequences.npz,412,5629,2026-09-29T07:33:40.435203+00:00,3,,,SEQ-E65FC73E6904,,5,PortScan,5,PortScan,0.9997761249542236,,0.06137518584728241,0.036565959453582764,False,HIGH,FAST_ATTACK_PATH,Random Forest,PortScan,0.9997761249542236,BENIGN,0.9647661447525024,BENIGN,0.9544614553451538,True,False,ACTIVE,False,False
414,EXTERNAL_NPZ_SEQUENCE,ids_5_attacks_1000_sequences.npz,413,5656,2026-09-29T07:33:40.435203+00:00,4,,,SEQ-CDE735B0CD15,,5,PortScan,0,BENIGN,1.0,0.07705901563167572,0.03513067215681076,0.03024495393037796,False,NORMAL,DEEP_ANALYSIS,Random Forest,BENIGN,1.0,BENIGN,0.8113200664520264,BENIGN,0.9566130638122559,False,False,ACTIVE,False,False
415,EXTERNAL_NPZ_SEQUENCE,ids_5_attacks_1000_sequences.npz,414,5664,2026-09-29T07:33:40.435203+00:00,5,,,SEQ-F64C19911509,,5,PortScan,0,BENIGN,1.0,0.033003807067871094,0.023055793717503548,0.02594052255153656,False,NORMAL,DEEP_ANALYSIS,Random Forest,BENIGN,1.0,BENIGN,0.9015305042266846,BENIGN,0.9999868869781494,False,False,ACTIVE,False,False
416,EXTERNAL_NPZ_SEQUENCE,ids_5_attacks_1000_sequences.npz,415,5670,2026-09-29T07:33:40.435203+00:00,1,,,SEQ-A075E196CEF8,,5,PortScan,0,BENIGN,0.9997889399528503,0.054850757122039795,0.04783206805586815,0.04412619397044182,False,NORMAL,DEEP_ANALYSIS,Random Forest,BENIGN,0.9997889399528503,BENIGN,0.8965515494346619,BENIGN,0.9525737166404724,False,False,ACTIVE,False,False
417,EXTERNAL_NPZ_SEQUENCE,ids_5_attacks_1000_sequences.npz,416,5677,2026-09-29T07:33:40.435203+00:00,2,,,SEQ-BF6498EA0418,,5,PortScan,0,BENIGN,1.0,0.0525512732565403,0.028716344386339188,0.01882878690958023,False,NORMAL,DEEP_ANALYSIS,Random Forest,BENIGN,1.0,BENIGN,0.9059302806854248,BENIGN,0.9427917003631592,False,False,ACTIVE,False,False
418,EXTERNAL_NPZ_SEQUENCE,ids_5_attacks_1000_sequences.npz,417,5724,2026-09-29T07:33:40.435203+00:00,3,,,SEQ-42A9DFA60726,,5,PortScan,5,PortScan,0.9994699358940125,,0.07254641503095627,0.04322152957320213,False,HIGH,FAST_ATTACK_PATH,Random Forest,PortScan,0.9994699358940125,BENIGN,0.8881635665893555,BENIGN,0.9578321576118469,True,False,ACTIVE,False,False
419,EXTERNAL_NPZ_SEQUENCE,ids_5_attacks_1000_sequences.npz,418,5777,2026-09-29T07:33:40.435203+00:00,4,,,SEQ-A9E4B636E047,,5,PortScan,0,BENIGN,1.0,0.03880877047777176,0.029111335054039955,0.025062741711735725,False,NORMAL,DEEP_ANALYSIS,Random Forest,BENIGN,1.0,BENIGN,0.9409959316253662,BENIGN,0.9521690011024475,False,False,ACTIVE,False,False
420,EXTERNAL_NPZ_SEQUENCE,ids_5_attacks_1000_sequences.npz,419,5787,2026-09-29T07:33:40.435203+00:00,5,,,SEQ-F03D91FB2876,,5,PortScan,0,BENIGN,1.0,0.14880190789699554,0.08717207610607147,0.09807899594306946,False,NORMAL,DEEP_ANALYSIS,Random Forest,BENIGN,1.0,BENIGN,0.6050843000411987,BENIGN,0.9507103562355042,False,False,ACTIVE,False,False
421,EXTERNAL_NPZ_SEQUENCE,ids_5_attacks_1000_sequences.npz,420,5800,2026-09-29T07:33:40.435203+00:00,1,,,SEQ-78F6E2E49F48,,5,PortScan,0,BENIGN,0.9997889399528503,0.06643172353506088,0.04756408929824829,0.04387897998094559,False,NORMAL,DEEP_ANALYSIS,Random Forest,BENIGN,0.9997889399528503,BENIGN,0.8754146099090576,BENIGN,0.937487781047821,False,False,ACTIVE,False,False
422,EXTERNAL_NPZ_SEQUENCE,ids_5_attacks_1000_sequences.npz,421,5810,2026-09-29T07:33:40.435203+00:00,2,,,SEQ-AF3A15059C80,,5,PortScan,0,BENIGN,1.0,0.18733900785446167,0.029155442491173744,0.01911669597029686,False,NORMAL,DEEP_ANALYSIS,Random Forest,BENIGN,1.0,BENIGN,0.8544921278953552,BENIGN,0.6019619107246399,False,False,ACTIVE,False,False
423,EXTERNAL_NPZ_SEQUENCE,ids_5_attacks_1000_sequences.npz,422,5819,2026-09-29T07:33:40.435203+00:00,3,,,SEQ-D04A0224D82C,,5,PortScan,5,PortScan,0.9994266033172607,,0.05785847455263138,0.034470781683921814,False,HIGH,FAST_ATTACK_PATH,Random Forest,PortScan,0.9994266033172607,BENIGN,0.9134856462478638,BENIGN,0.9173294305801392,True,False,ACTIVE,False,False
424,EXTERNAL_NPZ_SEQUENCE,ids_5_attacks_1000_sequences.npz,423,5827,2026-09-29T07:33:40.435203+00:00,4,,,SEQ-DB2EE6D3DBC5,,5,PortScan,0,BENIGN,1.0,0.047345664352178574,0.03153540939092636,0.02714969404041767,False,NORMAL,DEEP_ANALYSIS,Random Forest,BENIGN,1.0,BENIGN,0.9167323708534241,BENIGN,0.9496141076087952,False,False,ACTIVE,False,False
425,EXTERNAL_NPZ_SEQUENCE,ids_5_attacks_1000_sequences.npz,424,5841,2026-09-29T07:33:40.435203+00:00,5,,,SEQ-701E784104E8,,5,PortScan,0,BENIGN,1.0,0.03442788124084473,0.020881392061710358,0.023494059219956398,False,NORMAL,DEEP_ANALYSIS,Random Forest,BENIGN,1.0,BENIGN,0.9032925963401794,BENIGN,0.9934758543968201,False,False,ACTIVE,False,False
426,EXTERNAL_NPZ_SEQUENCE,ids_5_attacks_1000_sequences.npz,425,5854,2026-09-29T07:33:40.435203+00:00,1,,,SEQ-51C8B0913628,,5,PortScan,0,BENIGN,0.9997889399528503,0.04674002528190613,0.04979318380355835,0.04593537002801895,False,NORMAL,DEEP_ANALYSIS,Random Forest,BENIGN,0.9997889399528503,BENIGN,0.9192686676979065,BENIGN,0.957115888595581,False,False,ACTIVE,False,False
427,EXTERNAL_NPZ_SEQUENCE,ids_5_attacks_1000_sequences.npz,426,5873,2026-09-29T07:33:40.435203+00:00,2,,,SEQ-6DB46101A9DF,,5,PortScan,0,BENIGN,1.0,0.04862018674612045,0.035563766956329346,0.023318519815802574,False,NORMAL,DEEP_ANALYSIS,Random Forest,BENIGN,1.0,BENIGN,0.9252644777297974,BENIGN,0.9403858184814453,False,False,ACTIVE,False,False
428,EXTERNAL_NPZ_SEQUENCE,ids_5_attacks_1000_sequences.npz,427,5894,2026-09-29T07:33:40.435203+00:00,3,,,SEQ-2B0334460644,,5,PortScan,5,PortScan,0.9994609355926514,,0.14588943123817444,0.08691765367984772,False,HIGH,FAST_ATTACK_PATH,Random Forest,PortScan,0.9994609355926514,BENIGN,0.8118034601211548,BENIGN,0.959071159362793,True,False,ACTIVE,False,False
429,EXTERNAL_NPZ_SEQUENCE,ids_5_attacks_1000_sequences.npz,428,5900,2026-09-29T07:33:40.435203+00:00,4,,,SEQ-D3A32B0770A7,,5,PortScan,0,BENIGN,1.0,0.07893242686986923,0.033533550798892975,0.028869949281215668,False,NORMAL,DEEP_ANALYSIS,Random Forest,BENIGN,1.0,BENIGN,0.8270570635795593,BENIGN,0.9370871186256409,False,False,ACTIVE,False,False
430,EXTERNAL_NPZ_SEQUENCE,ids_5_attacks_1000_sequences.npz,429,5911,2026-09-29T07:33:40.435203+00:00,5,,,SEQ-192B0793FB92,,5,PortScan,0,BENIGN,1.0,0.027801744639873505,0.11277104169130325,0.12688088417053223,False,NORMAL,DEEP_ANALYSIS,Random Forest,BENIGN,1.0,BENIGN,0.998392641544342,BENIGN,0.9702746272087097,False,False,ACTIVE,False,False
431,EXTERNAL_NPZ_SEQUENCE,ids_5_attacks_1000_sequences.npz,430,5935,2026-09-29T07:33:40.435203+00:00,1,,,SEQ-F4D865A90109,,5,PortScan,0,BENIGN,0.9997889399528503,0.03290637582540512,0.049847621470689774,0.045985590666532516,False,NORMAL,DEEP_ANALYSIS,Random Forest,BENIGN,0.9997889399528503,BENIGN,0.9197817444801331,BENIGN,0.9962241649627686,False,False,ACTIVE,False,False
432,EXTERNAL_NPZ_SEQUENCE,ids_5_attacks_1000_sequences.npz,431,5943,2026-09-29T07:33:40.435203+00:00,2,,,SEQ-E5D4BDEF37F8,,5,PortScan,0,BENIGN,1.0,0.01882876083254814,0.09525333344936371,0.062455885112285614,False,NORMAL,DEEP_ANALYSIS,Random Forest,BENIGN,1.0,BENIGN,0.9867194294929504,BENIGN,0.9984097480773926,False,False,ACTIVE,False,False
433,EXTERNAL_NPZ_SEQUENCE,ids_5_attacks_1000_sequences.npz,432,5952,2026-09-29T07:33:40.435203+00:00,3,,,SEQ-AE18915C7E40,,5,PortScan,5,PortScan,0.9994798898696899,,0.06650218367576599,0.03962051123380661,False,HIGH,FAST_ATTACK_PATH,Random Forest,PortScan,0.9994798898696899,BENIGN,0.9073933959007263,BENIGN,0.9417843818664551,True,False,ACTIVE,False,False
434,EXTERNAL_NPZ_SEQUENCE,ids_5_attacks_1000_sequences.npz,433,5967,2026-09-29T07:33:40.435203+00:00,4,,,SEQ-97836C331F0D,,5,PortScan,0,BENIGN,1.0,0.022271722555160522,0.06880339235067368,0.05923471972346306,False,NORMAL,DEEP_ANALYSIS,Random Forest,BENIGN,1.0,BENIGN,0.9959546327590942,BENIGN,0.9693211317062378,False,False,ACTIVE,False,False
435,EXTERNAL_NPZ_SEQUENCE,ids_5_attacks_1000_sequences.npz,434,5987,2026-09-29T07:33:40.435203+00:00,5,,,SEQ-DD541E9E9BCA,,5,PortScan,0,BENIGN,1.0,0.04782902076840401,0.023263344541192055,0.026174042373895645,False,NORMAL,DEEP_ANALYSIS,Random Forest,BENIGN,1.0,BENIGN,0.8995139598846436,BENIGN,0.9594465494155884,False,False,ACTIVE,False,False
436,EXTERNAL_NPZ_SEQUENCE,ids_5_attacks_1000_sequences.npz,435,6000,2026-09-29T07:33:40.435203+00:00,1,,,SEQ-44EA9195D60F,,5,PortScan,0,BENIGN,0.9997889399528503,0.04877963289618492,0.049581605941057205,0.04574018716812134,False,NORMAL,DEEP_ANALYSIS,Random Forest,BENIGN,0.9997889399528503,BENIGN,0.9285094141960144,BENIGN,0.94327712059021,False,False,ACTIVE,False,False
437,EXTERNAL_NPZ_SEQUENCE,ids_5_attacks_1000_sequences.npz,436,6004,2026-09-29T07:33:40.435203+00:00,2,,,SEQ-2792A6FB83DC,,5,PortScan,0,BENIGN,1.0,0.055597029626369476,0.028325235471129417,0.01857234351336956,False,NORMAL,DEEP_ANALYSIS,Random Forest,BENIGN,1.0,BENIGN,0.8964441418647766,BENIGN,0.9420529007911682,False,False,ACTIVE,False,False
438,EXTERNAL_NPZ_SEQUENCE,ids_5_attacks_1000_sequences.npz,437,6013,2026-09-29T07:33:40.435203+00:00,3,,,SEQ-E1174A4F77C1,,5,PortScan,5,PortScan,0.9998080730438232,,0.06314418464899063,0.03761988878250122,False,HIGH,FAST_ATTACK_PATH,Random Forest,PortScan,0.9998080730438232,BENIGN,0.9554653167724609,BENIGN,0.9450600147247314,True,False,ACTIVE,False,False
439,EXTERNAL_NPZ_SEQUENCE,ids_5_attacks_1000_sequences.npz,438,6015,2026-09-29T07:33:40.435203+00:00,4,,,SEQ-35D39714A87C,,5,PortScan,0,BENIGN,1.0,0.05047658458352089,0.028931371867656708,0.024907806888222694,False,NORMAL,DEEP_ANALYSIS,Random Forest,BENIGN,1.0,BENIGN,0.9315053224563599,BENIGN,0.9268900752067566,False,False,ACTIVE,False,False
440,EXTERNAL_NPZ_SEQUENCE,ids_5_attacks_1000_sequences.npz,439,6021,2026-09-29T07:33:40.435203+00:00,5,,,SEQ-F3819F3664C8,,5,PortScan,0,BENIGN,1.0,0.042344335466623306,0.020751599222421646,0.02334802970290184,False,NORMAL,DEEP_ANALYSIS,Random Forest,BENIGN,1.0,BENIGN,0.9338272213935852,BENIGN,0.9446292519569397,False,False,ACTIVE,False,False
441,EXTERNAL_NPZ_SEQUENCE,ids_5_attacks_1000_sequences.npz,440,6033,2026-09-29T07:33:40.435203+00:00,1,,,SEQ-EC59DAE27526,,5,PortScan,0,BENIGN,0.9929043650627136,0.0421328991651535,0.049225129187107086,0.04541132599115372,False,NORMAL,DEEP_ANALYSIS,Random Forest,BENIGN,0.9929043650627136,BENIGN,0.9527794718742371,BENIGN,0.945246160030365,False,False,ACTIVE,False,False
442,EXTERNAL_NPZ_SEQUENCE,ids_5_attacks_1000_sequences.npz,441,6082,2026-09-29T07:33:40.435203+00:00,2,,,SEQ-3729DD39B6BE,,5,PortScan,0,BENIGN,1.0,0.04743706434965134,0.033559512346982956,0.02200436405837536,False,NORMAL,DEEP_ANALYSIS,Random Forest,BENIGN,1.0,BENIGN,0.9094372987747192,BENIGN,0.9564733505249023,False,False,ACTIVE,False,False
443,EXTERNAL_NPZ_SEQUENCE,ids_5_attacks_1000_sequences.npz,442,6119,2026-09-29T07:33:40.435203+00:00,3,,,SEQ-CBAF642AA765,,5,PortScan,5,PortScan,0.9997714161872864,,0.05687425285577774,0.033884406089782715,False,HIGH,FAST_ATTACK_PATH,Random Forest,PortScan,0.9997714161872864,BENIGN,0.9222418665885925,BENIGN,0.8889152407646179,True,False,ACTIVE,False,False
444,EXTERNAL_NPZ_SEQUENCE,ids_5_attacks_1000_sequences.npz,443,6147,2026-09-29T07:33:40.435203+00:00,4,,,SEQ-560FBC749FAA,,5,PortScan,0,BENIGN,1.0,0.022861821576952934,0.07055674493312836,0.06074422597885132,False,NORMAL,DEEP_ANALYSIS,Random Forest,BENIGN,1.0,BENIGN,0.9947414398193359,BENIGN,0.9694264531135559,False,False,ACTIVE,False,False
445,EXTERNAL_NPZ_SEQUENCE,ids_5_attacks_1000_sequences.npz,444,6155,2026-09-29T07:33:40.435203+00:00,5,,,SEQ-EB9BCCAA7A3E,,5,PortScan,0,BENIGN,1.0,0.04061690717935562,0.023619137704372406,0.026574350893497467,False,NORMAL,DEEP_ANALYSIS,Random Forest,BENIGN,1.0,BENIGN,0.9382054805755615,BENIGN,0.9470409154891968,False,False,ACTIVE,False,False
446,EXTERNAL_NPZ_SEQUENCE,ids_5_attacks_1000_sequences.npz,445,6174,2026-09-29T07:33:40.435203+00:00,1,,,SEQ-22ABA67F89FB,,5,PortScan,0,BENIGN,0.9997889399528503,0.05043699964880943,0.0507260300219059,0.04679594188928604,False,NORMAL,DEEP_ANALYSIS,Random Forest,BENIGN,0.9997889399528503,BENIGN,0.9265350103378296,BENIGN,0.9407246112823486,False,False,ACTIVE,False,False
447,EXTERNAL_NPZ_SEQUENCE,ids_5_attacks_1000_sequences.npz,446,6181,2026-09-29T07:33:40.435203+00:00,2,,,SEQ-DD0376F4AB2F,,5,PortScan,0,BENIGN,1.0,0.05554667115211487,0.032765455543994904,0.021483715623617172,False,NORMAL,DEEP_ANALYSIS,Random Forest,BENIGN,1.0,BENIGN,0.8991565108299255,BENIGN,0.941774845123291,False,False,ACTIVE,False,False
448,EXTERNAL_NPZ_SEQUENCE,ids_5_attacks_1000_sequences.npz,447,6239,2026-09-29T07:33:40.435203+00:00,3,,,SEQ-518A4302A161,,5,PortScan,5,PortScan,0.9992724657058716,,0.109842449426651,0.06544166803359985,False,HIGH,FAST_ATTACK_PATH,Random Forest,PortScan,0.9992724657058716,BENIGN,0.8309645652770996,BENIGN,0.9404537081718445,True,False,ACTIVE,False,False
449,EXTERNAL_NPZ_SEQUENCE,ids_5_attacks_1000_sequences.npz,448,6247,2026-09-29T07:33:40.435203+00:00,4,,,SEQ-8ADD9831E517,,5,PortScan,0,BENIGN,1.0,0.06212768703699112,0.02970333956182003,0.025572415441274643,False,NORMAL,DEEP_ANALYSIS,Random Forest,BENIGN,1.0,BENIGN,0.897391140460968,BENIGN,0.9231727719306946,False,False,ACTIVE,False,False
450,EXTERNAL_NPZ_SEQUENCE,ids_5_attacks_1000_sequences.npz,449,6281,2026-09-29T07:33:40.435203+00:00,5,,,SEQ-2DFBC605C9C8,,5,PortScan,0,BENIGN,1.0,0.04867259040474892,0.02050756849348545,0.023073464632034302,False,NORMAL,DEEP_ANALYSIS,Random Forest,BENIGN,1.0,BENIGN,0.9204565286636353,BENIGN,0.9379045367240906,False,False,ACTIVE,False,False
451,EXTERNAL_NPZ_SEQUENCE,ids_5_attacks_1000_sequences.npz,450,6297,2026-09-29T07:33:40.435203+00:00,1,,,SEQ-AA6EC42938A5,,5,PortScan,0,BENIGN,0.9997889399528503,0.04533330723643303,0.04754579812288284,0.043862104415893555,False,NORMAL,DEEP_ANALYSIS,Random Forest,BENIGN,0.9997889399528503,BENIGN,0.8765498995780945,BENIGN,0.9967880249023438,False,False,ACTIVE,False,False
452,EXTERNAL_NPZ_SEQUENCE,ids_5_attacks_1000_sequences.npz,451,6299,2026-09-29T07:33:40.435203+00:00,2,,,SEQ-6C753F8C81B6,,5,PortScan,0,BENIGN,1.0,0.040893103927373886,0.03219735249876976,0.021111221984028816,False,NORMAL,DEEP_ANALYSIS,Random Forest,BENIGN,1.0,BENIGN,0.9366346001625061,BENIGN,0.9512746334075928,False,False,ACTIVE,False,False
453,EXTERNAL_NPZ_SEQUENCE,ids_5_attacks_1000_sequences.npz,452,6317,2026-09-29T07:33:40.435203+00:00,3,,,SEQ-654EF0D4DABD,,5,PortScan,5,PortScan,0.9990031123161316,,0.06451211869716644,0.03843487799167633,False,HIGH,FAST_ATTACK_PATH,Random Forest,PortScan,0.9990031123161316,BENIGN,0.925996720790863,BENIGN,0.9834279417991638,True,False,ACTIVE,False,False
454,EXTERNAL_NPZ_SEQUENCE,ids_5_attacks_1000_sequences.npz,453,6320,2026-09-29T07:33:40.435203+00:00,4,,,SEQ-97FF18D715E8,,5,PortScan,0,BENIGN,1.0,0.05862000957131386,0.0294495839625597,0.02535395137965679,False,NORMAL,DEEP_ANALYSIS,Random Forest,BENIGN,1.0,BENIGN,0.8821617960929871,BENIGN,0.9461396932601929,False,False,ACTIVE,False,False
455,EXTERNAL_NPZ_SEQUENCE,ids_5_attacks_1000_sequences.npz,454,6349,2026-09-29T07:33:40.435203+00:00,5,,,SEQ-8B9B89BB0912,,5,PortScan,0,BENIGN,1.0,0.05986084043979645,0.022055083885788918,0.024814603850245476,False,NORMAL,DEEP_ANALYSIS,Random Forest,BENIGN,1.0,BENIGN,0.8784511089324951,BENIGN,0.9426059722900391,False,False,ACTIVE,False,False
456,EXTERNAL_NPZ_SEQUENCE,ids_5_attacks_1000_sequences.npz,455,6357,2026-09-29T07:33:40.435203+00:00,1,,,SEQ-3B79248BC38A,,5,PortScan,0,BENIGN,0.9997889399528503,0.04155290499329567,0.048322953283786774,0.044579047709703445,False,NORMAL,DEEP_ANALYSIS,Random Forest,BENIGN,0.9997889399528503,BENIGN,0.9130515456199646,BENIGN,0.9766350984573364,False,False,ACTIVE,False,False
457,EXTERNAL_NPZ_SEQUENCE,ids_5_attacks_1000_sequences.npz,456,6370,2026-09-29T07:33:40.435203+00:00,2,,,SEQ-B6A227BBE5D1,,5,PortScan,0,BENIGN,1.0,0.03585590049624443,0.031212372705340385,0.020465387031435966,False,NORMAL,DEEP_ANALYSIS,Random Forest,BENIGN,1.0,BENIGN,0.8991647958755493,BENIGN,0.9973614811897278,False,False,ACTIVE,False,False
458,EXTERNAL_NPZ_SEQUENCE,ids_5_attacks_1000_sequences.npz,457,6384,2026-09-29T07:33:40.435203+00:00,3,,,SEQ-92925F6E18C2,,5,PortScan,5,PortScan,0.9993415474891663,,0.05818180739879608,0.03466341644525528,False,HIGH,FAST_ATTACK_PATH,Random Forest,PortScan,0.9993415474891663,BENIGN,0.9156268835067749,BENIGN,0.9681469798088074,True,False,ACTIVE,False,False
459,EXTERNAL_NPZ_SEQUENCE,ids_5_attacks_1000_sequences.npz,458,6419,2026-09-29T07:33:40.435203+00:00,4,,,SEQ-A38D8813B4E6,,5,PortScan,0,BENIGN,1.0,0.04859717935323715,0.02903922088444233,0.02500065788626671,False,NORMAL,DEEP_ANALYSIS,Random Forest,BENIGN,1.0,BENIGN,0.8939140439033508,BENIGN,0.9645271301269531,False,False,ACTIVE,False,False
460,EXTERNAL_NPZ_SEQUENCE,ids_5_attacks_1000_sequences.npz,459,6443,2026-09-29T07:33:40.435203+00:00,5,,,SEQ-A226D1E2A0B3,,5,PortScan,0,BENIGN,1.0,0.042976103723049164,0.02304733358323574,0.02593100257217884,False,NORMAL,DEEP_ANALYSIS,Random Forest,BENIGN,1.0,BENIGN,0.8950650691986084,BENIGN,0.9770327806472778,False,False,ACTIVE,False,False
461,EXTERNAL_NPZ_SEQUENCE,ids_5_attacks_1000_sequences.npz,460,6461,2026-09-29T07:33:40.435203+00:00,1,,,SEQ-EF5D447D7E25,,5,PortScan,0,BENIGN,0.9997889399528503,0.06103644147515297,0.04788130149245262,0.044171612709760666,False,NORMAL,DEEP_ANALYSIS,Random Forest,BENIGN,0.9997889399528503,BENIGN,0.8995252251625061,BENIGN,0.9323725700378418,False,False,ACTIVE,False,False
462,EXTERNAL_NPZ_SEQUENCE,ids_5_attacks_1000_sequences.npz,461,6470,2026-09-29T07:33:40.435203+00:00,2,,,SEQ-594F8D3B5B8D,,5,PortScan,5,PortScan,0.9914018511772156,0.608048141002655,0.04131760820746422,0.02709120698273182,False,HIGH,DEEP_ANALYSIS,CNN-BiLSTM,BENIGN,1.0,PortScan,0.8495327234268188,PortScan,0.9914018511772156,True,False,ACTIVE,False,False
463,EXTERNAL_NPZ_SEQUENCE,ids_5_attacks_1000_sequences.npz,462,6471,2026-09-29T07:33:40.435203+00:00,3,,,SEQ-7F6D311A4DE5,,5,PortScan,5,PortScan,0.9999945759773254,,0.0740877166390419,0.0441398024559021,False,HIGH,FAST_ATTACK_PATH,Random Forest,PortScan,0.9999945759773254,PortScan,0.8981547355651855,PortScan,0.9907386302947998,True,False,ACTIVE,False,False
464,EXTERNAL_NPZ_SEQUENCE,ids_5_attacks_1000_sequences.npz,463,6502,2026-09-29T07:33:40.435203+00:00,4,,,SEQ-C7B869F14D03,,5,PortScan,5,PortScan,0.991821825504303,0.635665774345398,0.04760194569826126,0.04098181426525116,False,HIGH,DEEP_ANALYSIS,CNN-BiLSTM,BENIGN,1.0,PortScan,0.937959611415863,PortScan,0.991821825504303,True,False,ACTIVE,False,False
465,EXTERNAL_NPZ_SEQUENCE,ids_5_attacks_1000_sequences.npz,464,6538,2026-09-29T07:33:40.435203+00:00,5,,,SEQ-40E0C6041DA0,,5,PortScan,5,PortScan,0.8967723846435547,0.5668320655822754,0.0497029647231102,0.055921770632267,False,MEDIUM,DEEP_ANALYSIS,FedProx70 MLP,BENIGN,1.0,PortScan,0.8967723846435547,PortScan,0.8295567631721497,True,False,ACTIVE,False,False
466,EXTERNAL_NPZ_SEQUENCE,ids_5_attacks_1000_sequences.npz,465,6542,2026-09-29T07:33:40.435203+00:00,1,,,SEQ-322291A7FEAA,,5,PortScan,5,PortScan,0.7919133305549622,0.2982054650783539,0.13816162943840027,0.12745730578899384,False,LOW,DEEP_ANALYSIS,CNN-BiLSTM,BENIGN,1.0,BENIGN,0.9989614486694336,PortScan,0.7919133305549622,True,False,ACTIVE,False,False
467,EXTERNAL_NPZ_SEQUENCE,ids_5_attacks_1000_sequences.npz,466,6546,2026-09-29T07:33:40.435203+00:00,2,,,SEQ-D44F494378D2,,5,PortScan,5,PortScan,0.9831380844116211,0.6344504952430725,0.07165230065584183,0.04698111489415169,False,HIGH,DEEP_ANALYSIS,CNN-BiLSTM,BENIGN,0.9956619143486023,PortScan,0.9291224479675293,PortScan,0.9831380844116211,True,False,ACTIVE,False,False
468,EXTERNAL_NPZ_SEQUENCE,ids_5_attacks_1000_sequences.npz,467,6557,2026-09-29T07:33:40.435203+00:00,3,,,SEQ-C32077B56508,,5,PortScan,5,PortScan,0.9999945759773254,,0.09937474131584167,0.059205248951911926,False,HIGH,FAST_ATTACK_PATH,Random Forest,PortScan,0.9999945759773254,BENIGN,0.6017764806747437,PortScan,0.98466557264328,True,False,ACTIVE,False,False
469,EXTERNAL_NPZ_SEQUENCE,ids_5_attacks_1000_sequences.npz,468,6607,2026-09-29T07:33:40.435203+00:00,4,,,SEQ-6C4FA815CBD1,,5,PortScan,5,PortScan,0.9913862943649292,0.6246074438095093,0.046887144446372986,0.04036642238497734,False,HIGH,DEEP_ANALYSIS,CNN-BiLSTM,BENIGN,1.0,PortScan,0.901964008808136,PortScan,0.9913862943649292,True,False,ACTIVE,False,False
470,EXTERNAL_NPZ_SEQUENCE,ids_5_attacks_1000_sequences.npz,469,6611,2026-09-29T07:33:40.435203+00:00,5,,,SEQ-9CF235FA57A6,,5,PortScan,5,PortScan,0.9891096353530884,0.5949262380599976,0.04656600207090378,0.05239231139421463,False,MEDIUM,DEEP_ANALYSIS,CNN-BiLSTM,BENIGN,1.0,PortScan,0.8058432936668396,PortScan,0.9891096353530884,True,False,ACTIVE,False,False
471,EXTERNAL_NPZ_SEQUENCE,ids_5_attacks_1000_sequences.npz,470,6705,2026-09-29T07:33:40.435203+00:00,1,,,SEQ-F449700A6AD4,,5,PortScan,5,PortScan,0.9894071221351624,0.5855639576911926,0.03879547119140625,0.03578972443938255,False,MEDIUM,DEEP_ANALYSIS,CNN-BiLSTM,BENIGN,1.0,PortScan,0.7781737446784973,PortScan,0.9894071221351624,True,False,ACTIVE,False,False
472,EXTERNAL_NPZ_SEQUENCE,ids_5_attacks_1000_sequences.npz,471,6730,2026-09-29T07:33:40.435203+00:00,2,,,SEQ-D57512156547,,5,PortScan,5,PortScan,0.9898485541343689,0.6317853927612305,0.03629350662231445,0.023796996101737022,False,HIGH,DEEP_ANALYSIS,CNN-BiLSTM,BENIGN,1.0,PortScan,0.9329810738563538,PortScan,0.9898485541343689,True,False,ACTIVE,False,False
473,EXTERNAL_NPZ_SEQUENCE,ids_5_attacks_1000_sequences.npz,472,6771,2026-09-29T07:33:40.435203+00:00,3,,,SEQ-97710E71DE93,,5,PortScan,5,PortScan,0.9999945759773254,,0.06731369346380234,0.04010399058461189,False,HIGH,FAST_ATTACK_PATH,Random Forest,PortScan,0.9999945759773254,PortScan,0.8913248777389526,PortScan,0.9877443909645081,True,False,ACTIVE,False,False
474,EXTERNAL_NPZ_SEQUENCE,ids_5_attacks_1000_sequences.npz,473,6775,2026-09-29T07:33:40.435203+00:00,4,,,SEQ-754B285053A8,,5,PortScan,5,PortScan,0.9755586981773376,0.635573148727417,0.1228841170668602,0.10579428821802139,False,HIGH,DEEP_ANALYSIS,CNN-BiLSTM,BENIGN,1.0,PortScan,0.9189832806587219,PortScan,0.9755586981773376,True,False,ACTIVE,False,False
475,EXTERNAL_NPZ_SEQUENCE,ids_5_attacks_1000_sequences.npz,474,6795,2026-09-29T07:33:40.435203+00:00,5,,,SEQ-C66A40161809,,5,PortScan,5,PortScan,0.9901335835456848,0.5940749049186707,0.04572209715843201,0.05144282430410385,False,MEDIUM,DEEP_ANALYSIS,CNN-BiLSTM,BENIGN,1.0,PortScan,0.8022329807281494,PortScan,0.9901335835456848,True,False,ACTIVE,False,False
476,EXTERNAL_NPZ_SEQUENCE,ids_5_attacks_1000_sequences.npz,475,6804,2026-09-29T07:33:40.435203+00:00,1,,,SEQ-00476FE2055E,,5,PortScan,5,PortScan,0.9903399348258972,0.6183186769485474,0.03546319901943207,0.03271562606096268,False,HIGH,DEEP_ANALYSIS,CNN-BiLSTM,BENIGN,1.0,PortScan,0.8879340887069702,PortScan,0.9903399348258972,True,False,ACTIVE,False,False
477,EXTERNAL_NPZ_SEQUENCE,ids_5_attacks_1000_sequences.npz,476,6897,2026-09-29T07:33:40.435203+00:00,2,,,SEQ-6B550A29F2C9,,5,PortScan,5,PortScan,0.990200936794281,0.6334093809127808,0.039823755621910095,0.02611171454191208,False,HIGH,DEEP_ANALYSIS,CNN-BiLSTM,BENIGN,1.0,PortScan,0.9362182021141052,PortScan,0.990200936794281,True,False,ACTIVE,False,False
478,EXTERNAL_NPZ_SEQUENCE,ids_5_attacks_1000_sequences.npz,477,6902,2026-09-29T07:33:40.435203+00:00,3,,,SEQ-B938EE9A85AA,,5,PortScan,5,PortScan,0.9999958276748657,,0.08140257000923157,0.04849782586097717,False,HIGH,FAST_ATTACK_PATH,Random Forest,PortScan,0.9999958276748657,PortScan,0.930768609046936,PortScan,0.9910396933555603,True,False,ACTIVE,False,False
479,EXTERNAL_NPZ_SEQUENCE,ids_5_attacks_1000_sequences.npz,478,6914,2026-09-29T07:33:40.435203+00:00,4,,,SEQ-581EA4F616CA,,5,PortScan,5,PortScan,0.9882504940032959,0.6170113682746887,0.04880373179912567,0.042016465216875076,False,HIGH,DEEP_ANALYSIS,CNN-BiLSTM,BENIGN,1.0,PortScan,0.8793437480926514,PortScan,0.9882504940032959,True,False,ACTIVE,False,False
480,EXTERNAL_NPZ_SEQUENCE,ids_5_attacks_1000_sequences.npz,479,6928,2026-09-29T07:33:40.435203+00:00,5,,,SEQ-174B369AB1D9,,5,PortScan,5,PortScan,0.9886865615844727,0.6331414580345154,0.04481520131230354,0.05042245239019394,False,HIGH,DEEP_ANALYSIS,CNN-BiLSTM,BENIGN,1.0,PortScan,0.9345963597297668,PortScan,0.9886865615844727,True,False,ACTIVE,False,False
481,EXTERNAL_NPZ_SEQUENCE,ids_5_attacks_1000_sequences.npz,480,6938,2026-09-29T07:33:40.435203+00:00,1,,,SEQ-C589167C0A6B,,5,PortScan,5,PortScan,0.9751332402229309,0.48054593801498413,0.0448421984910965,0.041367970407009125,False,MEDIUM,DEEP_ANALYSIS,CNN-BiLSTM,BENIGN,1.0,BENIGN,0.5582567453384399,PortScan,0.9751332402229309,True,False,ACTIVE,False,False
482,EXTERNAL_NPZ_SEQUENCE,ids_5_attacks_1000_sequences.npz,481,6948,2026-09-29T07:33:40.435203+00:00,2,,,SEQ-18D804ACBA72,,5,PortScan,5,PortScan,0.9901198148727417,0.6318566799163818,0.03650418668985367,0.02393513359129429,False,HIGH,DEEP_ANALYSIS,CNN-BiLSTM,BENIGN,1.0,PortScan,0.9327968955039978,PortScan,0.9901198148727417,True,False,ACTIVE,False,False
483,EXTERNAL_NPZ_SEQUENCE,ids_5_attacks_1000_sequences.npz,482,6966,2026-09-29T07:33:40.435203+00:00,3,,,SEQ-2487E669650E,,5,PortScan,5,PortScan,0.9999905228614807,,0.09097824990749359,0.05420280247926712,False,HIGH,FAST_ATTACK_PATH,Random Forest,PortScan,0.9999905228614807,PortScan,0.8333005905151367,PortScan,0.9845988750457764,True,False,ACTIVE,False,False
484,EXTERNAL_NPZ_SEQUENCE,ids_5_attacks_1000_sequences.npz,483,6973,2026-09-29T07:33:40.435203+00:00,4,,,SEQ-8E2BCFFE667A,,5,PortScan,5,PortScan,0.9902907013893127,0.6345744132995605,0.04729175567626953,0.04071476310491562,False,HIGH,DEEP_ANALYSIS,CNN-BiLSTM,BENIGN,1.0,PortScan,0.936262845993042,PortScan,0.9902907013893127,True,False,ACTIVE,False,False
485,EXTERNAL_NPZ_SEQUENCE,ids_5_attacks_1000_sequences.npz,484,6991,2026-09-29T07:33:40.435203+00:00,5,,,SEQ-651A5B42C7D8,,5,PortScan,5,PortScan,0.981532633304596,0.6444717645645142,0.0943656712770462,0.10617265105247498,False,HIGH,DEEP_ANALYSIS,CNN-BiLSTM,BENIGN,1.0,PortScan,0.9559349417686462,PortScan,0.981532633304596,True,False,ACTIVE,False,False
486,EXTERNAL_NPZ_SEQUENCE,ids_5_attacks_1000_sequences.npz,485,7018,2026-09-29T07:33:40.435203+00:00,1,,,SEQ-4784F5A1DBD1,,5,PortScan,5,PortScan,0.8453394770622253,0.5539897084236145,0.030483821406960487,0.028122033923864365,False,MEDIUM,DEEP_ANALYSIS,FedProx70 MLP,BENIGN,1.0,PortScan,0.8453394770622253,PortScan,0.8451865911483765,True,False,ACTIVE,False,False
487,EXTERNAL_NPZ_SEQUENCE,ids_5_attacks_1000_sequences.npz,486,7021,2026-09-29T07:33:40.435203+00:00,2,,,SEQ-733222F63798,,5,PortScan,5,PortScan,0.9734646677970886,0.6213918924331665,0.04333584010601044,0.028414525091648102,False,HIGH,DEEP_ANALYSIS,CNN-BiLSTM,BENIGN,1.0,PortScan,0.9139295816421509,PortScan,0.9734646677970886,True,False,ACTIVE,False,False
488,EXTERNAL_NPZ_SEQUENCE,ids_5_attacks_1000_sequences.npz,487,7026,2026-09-29T07:33:40.435203+00:00,3,,,SEQ-1B445CFE9F65,,5,PortScan,5,PortScan,0.9999963045120239,,0.10793256014585495,0.06430380046367645,False,HIGH,FAST_ATTACK_PATH,Random Forest,PortScan,0.9999963045120239,PortScan,0.8629782199859619,PortScan,0.9884569644927979,True,False,ACTIVE,False,False
489,EXTERNAL_NPZ_SEQUENCE,ids_5_attacks_1000_sequences.npz,488,7033,2026-09-29T07:33:40.435203+00:00,4,,,SEQ-9EC083ED8C1E,,5,PortScan,5,PortScan,0.9875661134719849,0.6210892200469971,0.04452698305249214,0.038334496319293976,False,HIGH,DEEP_ANALYSIS,CNN-BiLSTM,BENIGN,1.0,PortScan,0.8958733677864075,PortScan,0.9875661134719849,True,False,ACTIVE,False,False
490,EXTERNAL_NPZ_SEQUENCE,ids_5_attacks_1000_sequences.npz,489,7035,2026-09-29T07:33:40.435203+00:00,5,,,SEQ-F49FA3376DE1,,5,PortScan,5,PortScan,0.9375676512718201,0.3455195724964142,0.08177945017814636,0.09201165288686752,False,LOW,DEEP_ANALYSIS,CNN-BiLSTM,BENIGN,1.0,BENIGN,0.9829866886138916,PortScan,0.9375676512718201,True,False,ACTIVE,False,False
491,EXTERNAL_NPZ_SEQUENCE,ids_5_attacks_1000_sequences.npz,490,7043,2026-09-29T07:33:40.435203+00:00,1,,,SEQ-48BF0A1E7066,,5,PortScan,5,PortScan,0.9908191561698914,0.6262400150299072,0.03420229256153107,0.03155240789055824,False,HIGH,DEEP_ANALYSIS,CNN-BiLSTM,BENIGN,1.0,PortScan,0.9144098162651062,PortScan,0.9908191561698914,True,False,ACTIVE,False,False
492,EXTERNAL_NPZ_SEQUENCE,ids_5_attacks_1000_sequences.npz,491,7053,2026-09-29T07:33:40.435203+00:00,2,,,SEQ-9BC9DA93A71F,,5,PortScan,5,PortScan,0.9847420454025269,0.6090145707130432,0.046322014182806015,0.030372504144906998,False,HIGH,DEEP_ANALYSIS,CNN-BiLSTM,BENIGN,1.0,PortScan,0.8580217957496643,PortScan,0.9847420454025269,True,False,ACTIVE,False,False
493,EXTERNAL_NPZ_SEQUENCE,ids_5_attacks_1000_sequences.npz,492,7078,2026-09-29T07:33:40.435203+00:00,3,,,SEQ-C9D56D8A55C9,,5,PortScan,5,PortScan,0.9999963045120239,,0.17490097880363464,0.10420208424329758,False,HIGH,FAST_ATTACK_PATH,Random Forest,PortScan,0.9999963045120239,BENIGN,0.9867545962333679,PortScan,0.8474801778793335,True,False,ACTIVE,False,False
494,EXTERNAL_NPZ_SEQUENCE,ids_5_attacks_1000_sequences.npz,493,7081,2026-09-29T07:33:40.435203+00:00,4,,,SEQ-0AB172BA3BD2,,5,PortScan,5,PortScan,0.9916480779647827,0.6345376372337341,0.0470411516726017,0.0404990091919899,False,HIGH,DEEP_ANALYSIS,CNN-BiLSTM,BENIGN,1.0,PortScan,0.9346819519996643,PortScan,0.9916480779647827,True,False,ACTIVE,False,False
495,EXTERNAL_NPZ_SEQUENCE,ids_5_attacks_1000_sequences.npz,494,7103,2026-09-29T07:33:40.435203+00:00,5,,,SEQ-0849DC99D91B,,5,PortScan,5,PortScan,0.984786331653595,0.6284576654434204,0.043743472546339035,0.049216631799936295,False,HIGH,DEEP_ANALYSIS,CNN-BiLSTM,BENIGN,1.0,PortScan,0.9240697026252747,PortScan,0.984786331653595,True,False,ACTIVE,False,False
496,EXTERNAL_NPZ_SEQUENCE,ids_5_attacks_1000_sequences.npz,495,7155,2026-09-29T07:33:40.435203+00:00,1,,,SEQ-9EB2798D0744,,5,PortScan,5,PortScan,0.989046037197113,0.6257872581481934,0.03621212765574455,0.03340652957558632,False,HIGH,DEEP_ANALYSIS,CNN-BiLSTM,BENIGN,1.0,PortScan,0.9139643311500549,PortScan,0.989046037197113,True,False,ACTIVE,False,False
497,EXTERNAL_NPZ_SEQUENCE,ids_5_attacks_1000_sequences.npz,496,7170,2026-09-29T07:33:40.435203+00:00,2,,,SEQ-4C6B9E2FDB39,,5,PortScan,5,PortScan,0.9881168603897095,0.6337127685546875,0.03853626549243927,0.025267532095313072,False,HIGH,DEEP_ANALYSIS,CNN-BiLSTM,BENIGN,1.0,PortScan,0.9403047561645508,PortScan,0.9881168603897095,True,False,ACTIVE,False,False
498,EXTERNAL_NPZ_SEQUENCE,ids_5_attacks_1000_sequences.npz,497,7181,2026-09-29T07:33:40.435203+00:00,3,,,SEQ-F8E6D8820621,,5,PortScan,5,PortScan,0.9999963045120239,,0.11533930897712708,0.06871657818555832,False,HIGH,FAST_ATTACK_PATH,Random Forest,PortScan,0.9999963045120239,PortScan,0.9462398290634155,PortScan,0.9741820693016052,True,False,ACTIVE,False,False
499,EXTERNAL_NPZ_SEQUENCE,ids_5_attacks_1000_sequences.npz,498,7228,2026-09-29T07:33:40.435203+00:00,4,,,SEQ-D9A849D02E21,,5,PortScan,5,PortScan,0.8693869709968567,0.5498216152191162,0.046825800091028214,0.040313608944416046,False,MEDIUM,DEEP_ANALYSIS,CNN-BiLSTM,BENIGN,1.0,PortScan,0.795041024684906,PortScan,0.8693869709968567,True,False,ACTIVE,False,False
500,EXTERNAL_NPZ_SEQUENCE,ids_5_attacks_1000_sequences.npz,499,7257,2026-09-29T07:33:40.435203+00:00,5,,,SEQ-5C2074FA5678,,5,PortScan,5,PortScan,0.9858396053314209,0.6288865804672241,0.044573936611413956,0.050151001662015915,False,HIGH,DEEP_ANALYSIS,CNN-BiLSTM,BENIGN,1.0,PortScan,0.9238553047180176,PortScan,0.9858396053314209,True,False,ACTIVE,False,False
501,EXTERNAL_NPZ_SEQUENCE,ids_5_attacks_1000_sequences.npz,500,7276,2026-09-29T07:33:40.435203+00:00,1,,,SEQ-7696304D46DD,,5,PortScan,5,PortScan,0.9824950098991394,0.6368866562843323,0.0634746104478836,0.05855680629611015,False,HIGH,DEEP_ANALYSIS,CNN-BiLSTM,BENIGN,1.0,PortScan,0.9449741244316101,PortScan,0.9824950098991394,True,False,ACTIVE,False,False
502,EXTERNAL_NPZ_SEQUENCE,ids_5_attacks_1000_sequences.npz,501,7302,2026-09-29T07:33:40.435203+00:00,2,,,SEQ-728D1A0CB64B,,5,PortScan,5,PortScan,0.924281895160675,0.595528781414032,0.038981929421424866,0.025559743866324425,False,MEDIUM,DEEP_ANALYSIS,FedProx70 MLP,BENIGN,1.0,PortScan,0.924281895160675,PortScan,0.8925625681877136,True,False,ACTIVE,False,False
503,EXTERNAL_NPZ_SEQUENCE,ids_5_attacks_1000_sequences.npz,502,7331,2026-09-29T07:33:40.435203+00:00,3,,,SEQ-D152272594F6,,5,PortScan,5,PortScan,0.9999945759773254,,0.070685014128685,0.042112547904253006,False,HIGH,FAST_ATTACK_PATH,Random Forest,PortScan,0.9999945759773254,PortScan,0.9084122776985168,BENIGN,0.6516491770744324,True,False,ACTIVE,False,False
504,EXTERNAL_NPZ_SEQUENCE,ids_5_attacks_1000_sequences.npz,503,7352,2026-09-29T07:33:40.435203+00:00,4,,,SEQ-F6F0982911DD,,5,PortScan,5,PortScan,0.9900290369987488,0.6156439781188965,0.044993672519922256,0.03873628005385399,False,HIGH,DEEP_ANALYSIS,CNN-BiLSTM,BENIGN,1.0,PortScan,0.8746157884597778,PortScan,0.9900290369987488,True,False,ACTIVE,False,False
505,EXTERNAL_NPZ_SEQUENCE,ids_5_attacks_1000_sequences.npz,504,7369,2026-09-29T07:33:40.435203+00:00,5,,,SEQ-F0577B6D21EE,,5,PortScan,0,BENIGN,1.0,0.13234767317771912,0.23293375968933105,0.26207831501960754,False,NORMAL,DEEP_ANALYSIS,Random Forest,BENIGN,1.0,BENIGN,0.9994481205940247,BENIGN,0.722165584564209,False,False,ACTIVE,False,False
506,EXTERNAL_NPZ_SEQUENCE,ids_5_attacks_1000_sequences.npz,505,7373,2026-09-29T07:33:40.435203+00:00,1,,,SEQ-43F06700C567,,5,PortScan,5,PortScan,0.9757869243621826,0.610020637512207,0.0350719690322876,0.03235470876097679,False,HIGH,DEEP_ANALYSIS,CNN-BiLSTM,BENIGN,1.0,PortScan,0.8774480819702148,PortScan,0.9757869243621826,True,False,ACTIVE,False,False
507,EXTERNAL_NPZ_SEQUENCE,ids_5_attacks_1000_sequences.npz,506,7380,2026-09-29T07:33:40.435203+00:00,2,,,SEQ-618581BAD656,,5,PortScan,0,BENIGN,1.0,0.03438904508948326,0.17583651840686798,0.11529281735420227,False,NORMAL,DEEP_ANALYSIS,Random Forest,BENIGN,1.0,BENIGN,0.9991557598114014,BENIGN,0.9778277277946472,False,False,ACTIVE,False,False
508,EXTERNAL_NPZ_SEQUENCE,ids_5_attacks_1000_sequences.npz,507,7382,2026-09-29T07:33:40.435203+00:00,3,,,SEQ-81482DF51A94,,5,PortScan,5,PortScan,0.9999937415122986,,0.06325892359018326,0.037688247859478,False,HIGH,FAST_ATTACK_PATH,Random Forest,PortScan,0.9999937415122986,PortScan,0.8141034841537476,PortScan,0.9883044958114624,True,False,ACTIVE,False,False
509,EXTERNAL_NPZ_SEQUENCE,ids_5_attacks_1000_sequences.npz,508,7384,2026-09-29T07:33:40.435203+00:00,4,,,SEQ-F507477D8EE4,,5,PortScan,5,PortScan,0.9859423041343689,0.6391392350196838,0.06738242506980896,0.05801137164235115,False,HIGH,DEEP_ANALYSIS,CNN-BiLSTM,BENIGN,1.0,PortScan,0.946506917476654,PortScan,0.9859423041343689,True,False,ACTIVE,False,False
510,EXTERNAL_NPZ_SEQUENCE,ids_5_attacks_1000_sequences.npz,509,7435,2026-09-29T07:33:40.435203+00:00,5,,,SEQ-E93CDEB2718E,,5,PortScan,5,PortScan,0.9857466220855713,0.633574366569519,0.0455029271543026,0.051196228712797165,False,HIGH,DEEP_ANALYSIS,CNN-BiLSTM,BENIGN,1.0,PortScan,0.9391254186630249,PortScan,0.9857466220855713,True,False,ACTIVE,False,False
511,EXTERNAL_NPZ_SEQUENCE,ids_5_attacks_1000_sequences.npz,510,7448,2026-09-29T07:33:40.435203+00:00,1,,,SEQ-C4CDD6BB9BD9,,5,PortScan,5,PortScan,0.7081462740898132,0.44410550594329834,0.08436554670333862,0.07782917469739914,False,MEDIUM,DEEP_ANALYSIS,FedProx70 MLP,BENIGN,0.9852314591407776,PortScan,0.7081462740898132,PortScan,0.617294430732727,True,False,ACTIVE,False,False
512,EXTERNAL_NPZ_SEQUENCE,ids_5_attacks_1000_sequences.npz,511,7493,2026-09-29T07:33:40.435203+00:00,2,,,SEQ-87173363D40F,,5,PortScan,5,PortScan,0.6168647408485413,0.23963810503482819,0.15467475354671478,0.1014174297451973,False,LOW,DEEP_ANALYSIS,CNN-BiLSTM,BENIGN,1.0,BENIGN,0.9982191920280457,PortScan,0.6168647408485413,True,False,ACTIVE,False,False
513,EXTERNAL_NPZ_SEQUENCE,ids_5_attacks_1000_sequences.npz,512,7505,2026-09-29T07:33:40.435203+00:00,3,,,SEQ-439A684D30B1,,5,PortScan,5,PortScan,0.9999935030937195,,0.08725698292255402,0.05198575556278229,False,HIGH,FAST_ATTACK_PATH,Random Forest,PortScan,0.9999935030937195,PortScan,0.9364752173423767,PortScan,0.8528858423233032,True,False,ACTIVE,False,False
514,EXTERNAL_NPZ_SEQUENCE,ids_5_attacks_1000_sequences.npz,513,7520,2026-09-29T07:33:40.435203+00:00,4,,,SEQ-F9273813830A,,5,PortScan,5,PortScan,0.954321026802063,0.5902661681175232,0.04425523430109024,0.03810053691267967,False,MEDIUM,DEEP_ANALYSIS,CNN-BiLSTM,BENIGN,1.0,PortScan,0.8320516347885132,PortScan,0.954321026802063,True,False,ACTIVE,False,False
515,EXTERNAL_NPZ_SEQUENCE,ids_5_attacks_1000_sequences.npz,514,7529,2026-09-29T07:33:40.435203+00:00,5,,,SEQ-5D4EE57E876D,,5,PortScan,5,PortScan,0.8183813095092773,0.3060876727104187,0.07419542968273163,0.08347871899604797,False,LOW,DEEP_ANALYSIS,CNN-BiLSTM,BENIGN,1.0,BENIGN,0.9715837240219116,PortScan,0.8183813095092773,True,False,ACTIVE,False,False
516,EXTERNAL_NPZ_SEQUENCE,ids_5_attacks_1000_sequences.npz,515,7562,2026-09-29T07:33:40.435203+00:00,1,,,SEQ-8CB0706A73F5,,5,PortScan,5,PortScan,0.9366744160652161,0.34338241815567017,0.09278585016727448,0.08559710532426834,False,LOW,DEEP_ANALYSIS,CNN-BiLSTM,BENIGN,1.0,BENIGN,0.9945716261863708,PortScan,0.9366744160652161,True,False,ACTIVE,False,False
517,EXTERNAL_NPZ_SEQUENCE,ids_5_attacks_1000_sequences.npz,516,7570,2026-09-29T07:33:40.435203+00:00,2,,,SEQ-7C8D14D969F8,,5,PortScan,5,PortScan,0.9843669533729553,0.6319881677627563,0.03828614205121994,0.025103529915213585,False,HIGH,DEEP_ANALYSIS,CNN-BiLSTM,BENIGN,1.0,PortScan,0.9390559196472168,PortScan,0.9843669533729553,True,False,ACTIVE,False,False
518,EXTERNAL_NPZ_SEQUENCE,ids_5_attacks_1000_sequences.npz,517,7579,2026-09-29T07:33:40.435203+00:00,3,,,SEQ-4C864009CA85,,5,PortScan,5,PortScan,0.9999963045120239,,0.09427384287118912,0.05616624280810356,False,HIGH,FAST_ATTACK_PATH,Random Forest,PortScan,0.9999963045120239,PortScan,0.925656259059906,PortScan,0.9878534078598022,True,False,ACTIVE,False,False
519,EXTERNAL_NPZ_SEQUENCE,ids_5_attacks_1000_sequences.npz,518,7587,2026-09-29T07:33:40.435203+00:00,4,,,SEQ-EAE504A8702B,,5,PortScan,5,PortScan,0.9809839725494385,0.6453999280929565,0.09435499459505081,0.08123278617858887,False,HIGH,DEEP_ANALYSIS,CNN-BiLSTM,BENIGN,1.0,PortScan,0.9596742987632751,PortScan,0.9809839725494385,True,False,ACTIVE,False,False
520,EXTERNAL_NPZ_SEQUENCE,ids_5_attacks_1000_sequences.npz,519,7594,2026-09-29T07:33:40.435203+00:00,5,,,SEQ-AFADFE89D40F,,5,PortScan,5,PortScan,0.9679931402206421,0.6402792930603027,0.09411728382110596,0.10589318722486496,False,HIGH,DEEP_ANALYSIS,CNN-BiLSTM,BENIGN,1.0,PortScan,0.9578801989555359,PortScan,0.9679931402206421,True,False,ACTIVE,False,False
521,EXTERNAL_NPZ_SEQUENCE,ids_5_attacks_1000_sequences.npz,520,7614,2026-09-29T07:33:40.435203+00:00,1,,,SEQ-26F9402313C5,,5,PortScan,5,PortScan,0.9900791645050049,0.6144610047340393,0.03718430921435356,0.034303389489650726,False,HIGH,DEEP_ANALYSIS,CNN-BiLSTM,BENIGN,1.0,PortScan,0.874518871307373,PortScan,0.9900791645050049,True,False,ACTIVE,False,False
522,EXTERNAL_NPZ_SEQUENCE,ids_5_attacks_1000_sequences.npz,521,7618,2026-09-29T07:33:40.435203+00:00,2,,,SEQ-B74535413044,,5,PortScan,5,PortScan,0.9911662936210632,0.6157775521278381,0.03665312007069588,0.02403278648853302,False,HIGH,DEEP_ANALYSIS,CNN-BiLSTM,BENIGN,1.0,PortScan,0.8779045343399048,PortScan,0.9911662936210632,True,False,ACTIVE,False,False
523,EXTERNAL_NPZ_SEQUENCE,ids_5_attacks_1000_sequences.npz,522,7627,2026-09-29T07:33:40.435203+00:00,3,,,SEQ-C0CF9ADBB9E2,,5,PortScan,5,PortScan,0.9999958276748657,,0.09044354408979416,0.05388423800468445,False,HIGH,FAST_ATTACK_PATH,Random Forest,PortScan,0.9999958276748657,PortScan,0.9386500716209412,PortScan,0.9901236891746521,True,False,ACTIVE,False,False
524,EXTERNAL_NPZ_SEQUENCE,ids_5_attacks_1000_sequences.npz,523,7637,2026-09-29T07:33:40.435203+00:00,4,,,SEQ-2D213077CE22,,5,PortScan,5,PortScan,0.9662639498710632,0.636394739151001,0.10846807807683945,0.09338313341140747,False,HIGH,DEEP_ANALYSIS,CNN-BiLSTM,BENIGN,1.0,PortScan,0.9397737979888916,PortScan,0.9662639498710632,True,False,ACTIVE,False,False
525,EXTERNAL_NPZ_SEQUENCE,ids_5_attacks_1000_sequences.npz,524,7653,2026-09-29T07:33:40.435203+00:00,5,,,SEQ-7DEAE470F7E2,,5,PortScan,5,PortScan,0.9881265163421631,0.630692183971405,0.044041067361831665,0.04955146089196205,False,HIGH,DEEP_ANALYSIS,CNN-BiLSTM,BENIGN,1.0,PortScan,0.9274723529815674,PortScan,0.9881265163421631,True,False,ACTIVE,False,False
526,EXTERNAL_NPZ_SEQUENCE,ids_5_attacks_1000_sequences.npz,525,7664,2026-09-29T07:33:40.435203+00:00,1,,,SEQ-8761D60280E0,,5,PortScan,5,PortScan,0.959695041179657,0.6173592209815979,0.03255968913435936,0.03003706969320774,False,HIGH,DEEP_ANALYSIS,CNN-BiLSTM,BENIGN,1.0,PortScan,0.9219399690628052,PortScan,0.959695041179657,True,False,ACTIVE,False,False
527,EXTERNAL_NPZ_SEQUENCE,ids_5_attacks_1000_sequences.npz,526,7672,2026-09-29T07:33:40.435203+00:00,2,,,SEQ-AAEC1A480BEE,,5,PortScan,5,PortScan,0.9835923910140991,0.6353669166564941,0.0454305000603199,0.029787957668304443,False,HIGH,DEEP_ANALYSIS,CNN-BiLSTM,BENIGN,0.9956619143486023,PortScan,0.9447579383850098,PortScan,0.9835923910140991,True,False,ACTIVE,False,False
528,EXTERNAL_NPZ_SEQUENCE,ids_5_attacks_1000_sequences.npz,527,7694,2026-09-29T07:33:40.435203+00:00,3,,,SEQ-1F0D50DBF8A8,,5,PortScan,5,PortScan,0.9999945759773254,,0.072328582406044,0.043091751635074615,False,HIGH,FAST_ATTACK_PATH,Random Forest,PortScan,0.9999945759773254,PortScan,0.9043224453926086,PortScan,0.9892579913139343,True,False,ACTIVE,False,False
529,EXTERNAL_NPZ_SEQUENCE,ids_5_attacks_1000_sequences.npz,528,7705,2026-09-29T07:33:40.435203+00:00,4,,,SEQ-2FBAC59BBFFC,,5,PortScan,5,PortScan,0.88387531042099,0.3309468924999237,0.09936683624982834,0.08554761856794357,False,LOW,DEEP_ANALYSIS,CNN-BiLSTM,BENIGN,1.0,BENIGN,0.977715015411377,PortScan,0.88387531042099,True,False,ACTIVE,False,False
530,EXTERNAL_NPZ_SEQUENCE,ids_5_attacks_1000_sequences.npz,529,7722,2026-09-29T07:33:40.435203+00:00,5,,,SEQ-054018FA89C1,,5,PortScan,5,PortScan,0.9870674014091492,0.6078358292579651,0.04899533838033676,0.055125609040260315,False,HIGH,DEEP_ANALYSIS,CNN-BiLSTM,BENIGN,1.0,PortScan,0.8500430583953857,PortScan,0.9870674014091492,True,False,ACTIVE,False,False
531,EXTERNAL_NPZ_SEQUENCE,ids_5_attacks_1000_sequences.npz,530,7733,2026-09-29T07:33:40.435203+00:00,1,,,SEQ-81206BDD9126,,5,PortScan,5,PortScan,0.9887868762016296,0.589218258857727,0.03912319242954254,0.03609205409884453,False,MEDIUM,DEEP_ANALYSIS,CNN-BiLSTM,BENIGN,1.0,PortScan,0.7909144759178162,PortScan,0.9887868762016296,True,False,ACTIVE,False,False
532,EXTERNAL_NPZ_SEQUENCE,ids_5_attacks_1000_sequences.npz,531,7739,2026-09-29T07:33:40.435203+00:00,2,,,SEQ-6551E9D3799A,,5,PortScan,5,PortScan,0.9890150427818298,0.633117139339447,0.036679670214653015,0.024050194770097733,False,HIGH,DEEP_ANALYSIS,CNN-BiLSTM,BENIGN,1.0,PortScan,0.9381999373435974,PortScan,0.9890150427818298,True,False,ACTIVE,False,False
533,EXTERNAL_NPZ_SEQUENCE,ids_5_attacks_1000_sequences.npz,532,7740,2026-09-29T07:33:40.435203+00:00,3,,,SEQ-16BBE93CABDC,,5,PortScan,5,PortScan,0.9990783333778381,,0.017688939347863197,0.010538673959672451,False,HIGH,FAST_ATTACK_PATH,Random Forest,PortScan,0.9990783333778381,BENIGN,0.9998317956924438,BENIGN,0.7287317514419556,True,False,ACTIVE,False,False
534,EXTERNAL_NPZ_SEQUENCE,ids_5_attacks_1000_sequences.npz,533,7755,2026-09-29T07:33:40.435203+00:00,4,,,SEQ-5554D9128EF3,,5,PortScan,5,PortScan,0.9260494709014893,0.34832626581192017,0.09367605298757553,0.0806482657790184,False,LOW,DEEP_ANALYSIS,CNN-BiLSTM,BENIGN,1.0,BENIGN,0.9661415219306946,PortScan,0.9260494709014893,True,False,ACTIVE,False,False
535,EXTERNAL_NPZ_SEQUENCE,ids_5_attacks_1000_sequences.npz,534,7757,2026-09-29T07:33:40.435203+00:00,5,,,SEQ-5787E94C9500,,5,PortScan,5,PortScan,0.9910635948181152,0.6355190873146057,0.04577375948429108,0.051500946283340454,False,HIGH,DEEP_ANALYSIS,CNN-BiLSTM,BENIGN,1.0,PortScan,0.9392692446708679,PortScan,0.9910635948181152,True,False,ACTIVE,False,False
536,EXTERNAL_NPZ_SEQUENCE,ids_5_attacks_1000_sequences.npz,535,7775,2026-09-29T07:33:40.435203+00:00,1,,,SEQ-B9408ED11207,,5,PortScan,5,PortScan,0.9911254048347473,0.6347337961196899,0.035676129162311554,0.032912060618400574,False,HIGH,DEEP_ANALYSIS,CNN-BiLSTM,BENIGN,1.0,PortScan,0.9416283369064331,PortScan,0.9911254048347473,True,False,ACTIVE,False,False
537,EXTERNAL_NPZ_SEQUENCE,ids_5_attacks_1000_sequences.npz,536,7793,2026-09-29T07:33:40.435203+00:00,2,,,SEQ-F0CFA5636DD3,,5,PortScan,5,PortScan,0.9916001558303833,0.5777841210365295,0.039309196174144745,0.025774328038096428,False,MEDIUM,DEEP_ANALYSIS,CNN-BiLSTM,BENIGN,1.0,PortScan,0.7494256496429443,PortScan,0.9916001558303833,True,False,ACTIVE,False,False
538,EXTERNAL_NPZ_SEQUENCE,ids_5_attacks_1000_sequences.npz,537,7803,2026-09-29T07:33:40.435203+00:00,3,,,SEQ-05823EAE3BF1,,5,PortScan,5,PortScan,0.9999958276748657,,0.08555463701486588,0.050971537828445435,False,HIGH,FAST_ATTACK_PATH,Random Forest,PortScan,0.9999958276748657,PortScan,0.8928267955780029,PortScan,0.9908668994903564,True,False,ACTIVE,False,False
539,EXTERNAL_NPZ_SEQUENCE,ids_5_attacks_1000_sequences.npz,538,7812,2026-09-29T07:33:40.435203+00:00,4,,,SEQ-8E2624CA600A,,5,PortScan,5,PortScan,0.9903774857521057,0.6067904233932495,0.04409629851579666,0.037963707000017166,False,HIGH,DEEP_ANALYSIS,CNN-BiLSTM,BENIGN,1.0,PortScan,0.8451462388038635,PortScan,0.9903774857521057,True,False,ACTIVE,False,False
540,EXTERNAL_NPZ_SEQUENCE,ids_5_attacks_1000_sequences.npz,539,7815,2026-09-29T07:33:40.435203+00:00,5,,,SEQ-96A5DFBF1EAD,,5,PortScan,5,PortScan,0.9906582832336426,0.6350023746490479,0.04581302031874657,0.051545120775699615,False,HIGH,DEEP_ANALYSIS,CNN-BiLSTM,BENIGN,1.0,PortScan,0.9380002021789551,PortScan,0.9906582832336426,True,False,ACTIVE,False,False
541,EXTERNAL_NPZ_SEQUENCE,ids_5_attacks_1000_sequences.npz,540,7821,2026-09-29T07:33:40.435203+00:00,1,,,SEQ-5E1BE4F96CD3,,5,PortScan,5,PortScan,0.9796035885810852,0.6181368231773376,0.03589208424091339,0.03311128169298172,False,HIGH,DEEP_ANALYSIS,CNN-BiLSTM,BENIGN,1.0,PortScan,0.8996391892433167,PortScan,0.9796035885810852,True,False,ACTIVE,False,False
542,EXTERNAL_NPZ_SEQUENCE,ids_5_attacks_1000_sequences.npz,541,7897,2026-09-29T07:33:40.435203+00:00,2,,,SEQ-40B334C1DE62,,5,PortScan,5,PortScan,0.7457098364830017,0.28887996077537537,0.18415029346942902,0.1207440197467804,False,LOW,DEEP_ANALYSIS,CNN-BiLSTM,BENIGN,1.0,BENIGN,0.999136745929718,PortScan,0.7457098364830017,True,False,ACTIVE,False,False
543,EXTERNAL_NPZ_SEQUENCE,ids_5_attacks_1000_sequences.npz,542,7901,2026-09-29T07:33:40.435203+00:00,3,,,SEQ-44A66BF95A15,,5,PortScan,5,PortScan,0.9999963045120239,,0.17909647524356842,0.10670167207717896,False,HIGH,FAST_ATTACK_PATH,Random Forest,PortScan,0.9999963045120239,PortScan,0.9257208108901978,PortScan,0.9785561561584473,True,False,ACTIVE,False,False
544,EXTERNAL_NPZ_SEQUENCE,ids_5_attacks_1000_sequences.npz,543,7925,2026-09-29T07:33:40.435203+00:00,4,,,SEQ-E623A810FD5F,,5,PortScan,5,PortScan,0.6620675325393677,0.26513782143592834,0.21162544190883636,0.18219411373138428,False,LOW,DEEP_ANALYSIS,CNN-BiLSTM,BENIGN,1.0,BENIGN,0.9944321513175964,PortScan,0.6620675325393677,True,False,ACTIVE,False,False
545,EXTERNAL_NPZ_SEQUENCE,ids_5_attacks_1000_sequences.npz,544,7949,2026-09-29T07:33:40.435203+00:00,5,,,SEQ-82B634BCF1B1,,5,PortScan,5,PortScan,0.9909017086029053,0.6366099715232849,0.04613731428980827,0.05190999060869217,False,HIGH,DEEP_ANALYSIS,CNN-BiLSTM,BENIGN,1.0,PortScan,0.9429126381874084,PortScan,0.9909017086029053,True,False,ACTIVE,False,False
546,EXTERNAL_NPZ_SEQUENCE,ids_5_attacks_1000_sequences.npz,545,7956,2026-09-29T07:33:40.435203+00:00,1,,,SEQ-4EAF033867D5,,5,PortScan,5,PortScan,0.9847770929336548,0.6199045777320862,0.037003569304943085,0.03413665294647217,False,HIGH,DEEP_ANALYSIS,CNN-BiLSTM,BENIGN,1.0,PortScan,0.8989400863647461,PortScan,0.9847770929336548,True,False,ACTIVE,False,False
547,EXTERNAL_NPZ_SEQUENCE,ids_5_attacks_1000_sequences.npz,546,7965,2026-09-29T07:33:40.435203+00:00,2,,,SEQ-BCAE5E3C19E2,,5,PortScan,5,PortScan,0.9908343553543091,0.6087718605995178,0.03353847190737724,0.021990567445755005,False,HIGH,DEEP_ANALYSIS,CNN-BiLSTM,BENIGN,1.0,PortScan,0.8564969897270203,PortScan,0.9908343553543091,True,False,ACTIVE,False,False
548,EXTERNAL_NPZ_SEQUENCE,ids_5_attacks_1000_sequences.npz,547,7988,2026-09-29T07:33:40.435203+00:00,3,,,SEQ-D196DA57C1CC,,5,PortScan,5,PortScan,0.9999915957450867,,0.06474621593952179,0.03857434540987015,False,HIGH,FAST_ATTACK_PATH,Random Forest,PortScan,0.9999915957450867,PortScan,0.8830853700637817,PortScan,0.9895260334014893,True,False,ACTIVE,False,False
549,EXTERNAL_NPZ_SEQUENCE,ids_5_attacks_1000_sequences.npz,548,7992,2026-09-29T07:33:40.435203+00:00,4,,,SEQ-DAD764E0BDD1,,5,PortScan,5,PortScan,0.9915565252304077,0.6336807608604431,0.046660665422677994,0.040171440690755844,False,HIGH,DEEP_ANALYSIS,CNN-BiLSTM,BENIGN,1.0,PortScan,0.9321229457855225,PortScan,0.9915565252304077,True,False,ACTIVE,False,False
550,EXTERNAL_NPZ_SEQUENCE,ids_5_attacks_1000_sequences.npz,549,8036,2026-09-29T07:33:40.435203+00:00,5,,,SEQ-53D6BC010539,,5,PortScan,5,PortScan,0.9824157953262329,0.6260825991630554,0.04751703143119812,0.05346233397722244,False,HIGH,DEEP_ANALYSIS,CNN-BiLSTM,BENIGN,1.0,PortScan,0.9170315861701965,PortScan,0.9824157953262329,True,False,ACTIVE,False,False
551,EXTERNAL_NPZ_SEQUENCE,ids_5_attacks_1000_sequences.npz,550,8082,2026-09-29T07:33:40.435203+00:00,1,,,SEQ-C41959F66B7B,,5,PortScan,5,PortScan,0.9873377084732056,0.6264557838439941,0.035931795835494995,0.033147916197776794,False,HIGH,DEEP_ANALYSIS,CNN-BiLSTM,BENIGN,1.0,PortScan,0.9183261394500732,PortScan,0.9873377084732056,True,False,ACTIVE,False,False
552,EXTERNAL_NPZ_SEQUENCE,ids_5_attacks_1000_sequences.npz,551,8110,2026-09-29T07:33:40.435203+00:00,2,,,SEQ-C29E526F3EAE,,5,PortScan,5,PortScan,0.9827202558517456,0.6396359801292419,0.04645082354545593,0.030456963926553726,False,HIGH,DEEP_ANALYSIS,CNN-BiLSTM,BENIGN,0.9956619143486023,PortScan,0.9594956040382385,PortScan,0.9827202558517456,True,False,ACTIVE,False,False
553,EXTERNAL_NPZ_SEQUENCE,ids_5_attacks_1000_sequences.npz,552,8148,2026-09-29T07:33:40.435203+00:00,3,,,SEQ-B1D2E271F94F,,5,PortScan,5,PortScan,0.9999963045120239,,0.19292598962783813,0.11494098603725433,False,HIGH,FAST_ATTACK_PATH,Random Forest,PortScan,0.9999963045120239,PortScan,0.8154492378234863,PortScan,0.9629517793655396,True,False,ACTIVE,False,False
554,EXTERNAL_NPZ_SEQUENCE,ids_5_attacks_1000_sequences.npz,553,8153,2026-09-29T07:33:40.435203+00:00,4,,,SEQ-60AAA547F7AC,,5,PortScan,5,PortScan,0.9891056418418884,0.5780089497566223,0.04531117528676987,0.03900962695479393,False,MEDIUM,DEEP_ANALYSIS,CNN-BiLSTM,BENIGN,1.0,PortScan,0.750084400177002,PortScan,0.9891056418418884,True,False,ACTIVE,False,False
555,EXTERNAL_NPZ_SEQUENCE,ids_5_attacks_1000_sequences.npz,554,8163,2026-09-29T07:33:40.435203+00:00,5,,,SEQ-923193EEADE4,,5,PortScan,5,PortScan,0.9905644655227661,0.6259456276893616,0.04367772117257118,0.04914265125989914,False,HIGH,DEEP_ANALYSIS,CNN-BiLSTM,BENIGN,1.0,PortScan,0.9089879393577576,PortScan,0.9905644655227661,True,False,ACTIVE,False,False
556,EXTERNAL_NPZ_SEQUENCE,ids_5_attacks_1000_sequences.npz,555,8172,2026-09-29T07:33:40.435203+00:00,1,,,SEQ-F685FC6A6E18,,5,PortScan,5,PortScan,0.9906803965568542,0.6262267231941223,0.036238398402929306,0.03343076631426811,False,HIGH,DEEP_ANALYSIS,CNN-BiLSTM,BENIGN,1.0,PortScan,0.9135094285011292,PortScan,0.9906803965568542,True,False,ACTIVE,False,False
557,EXTERNAL_NPZ_SEQUENCE,ids_5_attacks_1000_sequences.npz,556,8203,2026-09-29T07:33:40.435203+00:00,2,,,SEQ-5B5312E0D688,,5,PortScan,5,PortScan,0.9818945527076721,0.6262814998626709,0.03470040112733841,0.022752422839403152,False,HIGH,DEEP_ANALYSIS,CNN-BiLSTM,BENIGN,0.9950000047683716,PortScan,0.9213778376579285,PortScan,0.9818945527076721,True,False,ACTIVE,False,False
558,EXTERNAL_NPZ_SEQUENCE,ids_5_attacks_1000_sequences.npz,557,8257,2026-09-29T07:33:40.435203+00:00,3,,,SEQ-3F8F4C06AC58,,5,PortScan,5,PortScan,0.9998890161514282,,0.08568105101585388,0.05104685202240944,False,HIGH,FAST_ATTACK_PATH,Random Forest,PortScan,0.9998890161514282,PortScan,0.9276994466781616,PortScan,0.989888608455658,True,False,ACTIVE,False,False
559,EXTERNAL_NPZ_SEQUENCE,ids_5_attacks_1000_sequences.npz,558,8264,2026-09-29T07:33:40.435203+00:00,4,,,SEQ-53BFC12786D6,,5,PortScan,5,PortScan,0.991104781627655,0.6164901256561279,0.04434846714138985,0.03818080574274063,False,HIGH,DEEP_ANALYSIS,CNN-BiLSTM,BENIGN,1.0,PortScan,0.8765038251876831,PortScan,0.991104781627655,True,False,ACTIVE,False,False
560,EXTERNAL_NPZ_SEQUENCE,ids_5_attacks_1000_sequences.npz,559,8268,2026-09-29T07:33:40.435203+00:00,5,,,SEQ-0BAA32297875,,5,PortScan,5,PortScan,0.9906195402145386,0.6295554637908936,0.04359634965658188,0.04905109852552414,False,HIGH,DEEP_ANALYSIS,CNN-BiLSTM,BENIGN,1.0,PortScan,0.920997142791748,PortScan,0.9906195402145386,True,False,ACTIVE,False,False
561,EXTERNAL_NPZ_SEQUENCE,ids_5_attacks_1000_sequences.npz,560,8275,2026-09-29T07:33:40.435203+00:00,1,,,SEQ-E6CC098BCEF8,,5,PortScan,5,PortScan,0.9806526899337769,0.6297417283058167,0.03556725010275841,0.032811615616083145,False,HIGH,DEEP_ANALYSIS,CNN-BiLSTM,BENIGN,1.0,PortScan,0.9372606873512268,PortScan,0.9806526899337769,True,False,ACTIVE,False,False
562,EXTERNAL_NPZ_SEQUENCE,ids_5_attacks_1000_sequences.npz,561,8291,2026-09-29T07:33:40.435203+00:00,2,,,SEQ-FE4D7BD7B55C,,5,PortScan,5,PortScan,0.9908674955368042,0.5770176649093628,0.04154929891228676,0.027243122458457947,False,MEDIUM,DEEP_ANALYSIS,CNN-BiLSTM,BENIGN,1.0,PortScan,0.7466055750846863,PortScan,0.9908674955368042,True,False,ACTIVE,False,False
563,EXTERNAL_NPZ_SEQUENCE,ids_5_attacks_1000_sequences.npz,562,8326,2026-09-29T07:33:40.435203+00:00,3,,,SEQ-D012A8B34860,,5,PortScan,5,PortScan,0.9999963045120239,,0.09618472307920456,0.05730470269918442,False,HIGH,FAST_ATTACK_PATH,Random Forest,PortScan,0.9999963045120239,PortScan,0.9467201828956604,PortScan,0.9904307723045349,True,False,ACTIVE,False,False
564,EXTERNAL_NPZ_SEQUENCE,ids_5_attacks_1000_sequences.npz,563,8328,2026-09-29T07:33:40.435203+00:00,4,,,SEQ-37CB5CC740EB,,5,PortScan,5,PortScan,0.982693076133728,0.628502607345581,0.05023002624511719,0.04324439913034439,False,HIGH,DEEP_ANALYSIS,CNN-BiLSTM,BENIGN,1.0,PortScan,0.923418402671814,PortScan,0.982693076133728,True,False,ACTIVE,False,False
565,EXTERNAL_NPZ_SEQUENCE,ids_5_attacks_1000_sequences.npz,564,8333,2026-09-29T07:33:40.435203+00:00,5,,,SEQ-963A39AF60E8,,5,PortScan,5,PortScan,0.9606757164001465,0.636330783367157,0.109918013215065,0.12367089092731476,False,HIGH,DEEP_ANALYSIS,CNN-BiLSTM,BENIGN,1.0,PortScan,0.9453551769256592,PortScan,0.9606757164001465,True,False,ACTIVE,False,False
566,EXTERNAL_NPZ_SEQUENCE,ids_5_attacks_1000_sequences.npz,565,8341,2026-09-29T07:33:40.435203+00:00,1,,,SEQ-C15A391B33EE,,5,PortScan,5,PortScan,0.9683977365493774,0.6197380423545837,0.032482728362083435,0.029966073110699654,False,HIGH,DEEP_ANALYSIS,CNN-BiLSTM,BENIGN,1.0,PortScan,0.9197549223899841,PortScan,0.9683977365493774,True,False,ACTIVE,False,False
567,EXTERNAL_NPZ_SEQUENCE,ids_5_attacks_1000_sequences.npz,566,8356,2026-09-29T07:33:40.435203+00:00,2,,,SEQ-7B23106C907E,,5,PortScan,5,PortScan,0.9697409272193909,0.6307762861251831,0.09970349818468094,0.06537377834320068,False,HIGH,DEEP_ANALYSIS,CNN-BiLSTM,BENIGN,0.9961690902709961,PortScan,0.918817400932312,PortScan,0.9697409272193909,True,False,ACTIVE,False,False
568,EXTERNAL_NPZ_SEQUENCE,ids_5_attacks_1000_sequences.npz,567,8403,2026-09-29T07:33:40.435203+00:00,3,,,SEQ-6284CE3A0ECB,,5,PortScan,5,PortScan,0.9999915957450867,,0.06429394334554672,0.0383048914372921,False,HIGH,FAST_ATTACK_PATH,Random Forest,PortScan,0.9999915957450867,PortScan,0.8826005458831787,PortScan,0.9890137314796448,True,False,ACTIVE,False,False
569,EXTERNAL_NPZ_SEQUENCE,ids_5_attacks_1000_sequences.npz,568,8430,2026-09-29T07:33:40.435203+00:00,4,,,SEQ-BF0FF5CABB88,,5,PortScan,5,PortScan,0.9374068975448608,0.34644225239753723,0.09342958778142929,0.08043608069419861,False,LOW,DEEP_ANALYSIS,CNN-BiLSTM,BENIGN,1.0,BENIGN,0.9855486750602722,PortScan,0.9374068975448608,True,False,ACTIVE,False,False
570,EXTERNAL_NPZ_SEQUENCE,ids_5_attacks_1000_sequences.npz,569,8432,2026-09-29T07:33:40.435203+00:00,5,,,SEQ-278B58100454,,5,PortScan,5,PortScan,0.9898337125778198,0.6370346546173096,0.04709804803133011,0.052990932017564774,False,HIGH,DEEP_ANALYSIS,CNN-BiLSTM,BENIGN,1.0,PortScan,0.9450938105583191,PortScan,0.9898337125778198,True,False,ACTIVE,False,False
571,EXTERNAL_NPZ_SEQUENCE,ids_5_attacks_1000_sequences.npz,570,8434,2026-09-29T07:33:40.435203+00:00,1,,,SEQ-13821B00636C,,5,PortScan,5,PortScan,0.9819204211235046,0.61442631483078,0.03708413988351822,0.03421097993850708,False,HIGH,DEEP_ANALYSIS,CNN-BiLSTM,BENIGN,1.0,PortScan,0.8839719295501709,PortScan,0.9819204211235046,True,False,ACTIVE,False,False
572,EXTERNAL_NPZ_SEQUENCE,ids_5_attacks_1000_sequences.npz,571,8458,2026-09-29T07:33:40.435203+00:00,2,,,SEQ-13327FEF2654,,5,PortScan,5,PortScan,0.8487051129341125,0.3263779878616333,0.16792280972003937,0.11010394245386124,False,LOW,DEEP_ANALYSIS,CNN-BiLSTM,BENIGN,0.9956270456314087,BENIGN,0.9891059994697571,PortScan,0.8487051129341125,True,False,ACTIVE,False,False
573,EXTERNAL_NPZ_SEQUENCE,ids_5_attacks_1000_sequences.npz,572,8462,2026-09-29T07:33:40.435203+00:00,3,,,SEQ-0A19815E5270,,5,PortScan,5,PortScan,0.9999945759773254,,0.10789754986763,0.06428294628858566,False,HIGH,FAST_ATTACK_PATH,Random Forest,PortScan,0.9999945759773254,BENIGN,0.784752607345581,PortScan,0.9820475578308105,True,False,ACTIVE,False,False
574,EXTERNAL_NPZ_SEQUENCE,ids_5_attacks_1000_sequences.npz,573,8492,2026-09-29T07:33:40.435203+00:00,4,,,SEQ-1E5CFAFA718D,,5,PortScan,5,PortScan,0.9913437366485596,0.6053000688552856,0.04435143247246742,0.03818335756659508,False,HIGH,DEEP_ANALYSIS,CNN-BiLSTM,BENIGN,1.0,PortScan,0.8389236330986023,PortScan,0.9913437366485596,True,False,ACTIVE,False,False
575,EXTERNAL_NPZ_SEQUENCE,ids_5_attacks_1000_sequences.npz,574,8496,2026-09-29T07:33:40.435203+00:00,5,,,SEQ-12CA8530DDB4,,5,PortScan,5,PortScan,0.9901513457298279,0.6260222792625427,0.04533872380852699,0.05101148039102554,False,HIGH,DEEP_ANALYSIS,CNN-BiLSTM,BENIGN,1.0,PortScan,0.9088948965072632,PortScan,0.9901513457298279,True,False,ACTIVE,False,False
576,EXTERNAL_NPZ_SEQUENCE,ids_5_attacks_1000_sequences.npz,575,8570,2026-09-29T07:33:40.435203+00:00,1,,,SEQ-8C2E7D6DB78E,,5,PortScan,5,PortScan,0.9696292877197266,0.6161258220672607,0.035511575639247894,0.03276025503873825,False,HIGH,DEEP_ANALYSIS,CNN-BiLSTM,BENIGN,1.0,PortScan,0.9047628045082092,PortScan,0.9696292877197266,True,False,ACTIVE,False,False
577,EXTERNAL_NPZ_SEQUENCE,ids_5_attacks_1000_sequences.npz,576,8594,2026-09-29T07:33:40.435203+00:00,2,,,SEQ-1BE7CDF93535,,5,PortScan,5,PortScan,0.9904072880744934,0.6267356872558594,0.03676910325884819,0.024108832702040672,False,HIGH,DEEP_ANALYSIS,CNN-BiLSTM,BENIGN,1.0,PortScan,0.9152594208717346,PortScan,0.9904072880744934,True,False,ACTIVE,False,False
578,EXTERNAL_NPZ_SEQUENCE,ids_5_attacks_1000_sequences.npz,577,8620,2026-09-29T07:33:40.435203+00:00,3,,,SEQ-BEDDD013312E,,5,PortScan,5,PortScan,0.9999958276748657,,0.0914948433637619,0.05451057478785515,False,HIGH,FAST_ATTACK_PATH,Random Forest,PortScan,0.9999958276748657,PortScan,0.9403178095817566,PortScan,0.9912131428718567,True,False,ACTIVE,False,False
579,EXTERNAL_NPZ_SEQUENCE,ids_5_attacks_1000_sequences.npz,578,8626,2026-09-29T07:33:40.435203+00:00,4,,,SEQ-1DB6A46BC223,,5,PortScan,5,PortScan,0.9869691133499146,0.6312730312347412,0.04733957722783089,0.04075593128800392,False,HIGH,DEEP_ANALYSIS,CNN-BiLSTM,BENIGN,1.0,PortScan,0.9291095733642578,PortScan,0.9869691133499146,True,False,ACTIVE,False,False
580,EXTERNAL_NPZ_SEQUENCE,ids_5_attacks_1000_sequences.npz,579,8627,2026-09-29T07:33:40.435203+00:00,5,,,SEQ-30DBCFE0AA98,,5,PortScan,5,PortScan,0.9739930033683777,0.6295946836471558,0.045523494482040405,0.05121936649084091,False,HIGH,DEEP_ANALYSIS,CNN-BiLSTM,BENIGN,1.0,PortScan,0.9395619034767151,PortScan,0.9739930033683777,True,False,ACTIVE,False,False
581,EXTERNAL_NPZ_SEQUENCE,ids_5_attacks_1000_sequences.npz,580,8805,2026-09-29T07:33:40.435203+00:00,1,,,SEQ-FB1F2E44E38B,,5,PortScan,0,BENIGN,0.9997889399528503,0.02285074070096016,0.05080212280154228,0.04686613753437996,False,NORMAL,DEEP_ANALYSIS,Random Forest,BENIGN,0.9997889399528503,BENIGN,0.9511868357658386,BENIGN,0.9984449744224548,False,False,ACTIVE,False,False
582,EXTERNAL_NPZ_SEQUENCE,ids_5_attacks_1000_sequences.npz,581,8862,2026-09-29T07:33:40.435203+00:00,2,,,SEQ-E5A3EE2D3F4B,,5,PortScan,0,BENIGN,1.0,0.08005048334598541,0.033066604286432266,0.021681172773241997,False,NORMAL,DEEP_ANALYSIS,Random Forest,BENIGN,1.0,BENIGN,0.8047757148742676,BENIGN,0.9527908563613892,False,False,ACTIVE,False,False
583,EXTERNAL_NPZ_SEQUENCE,ids_5_attacks_1000_sequences.npz,582,8911,2026-09-29T07:33:40.435203+00:00,3,,,SEQ-E561FB76B863,,5,PortScan,5,PortScan,0.9994281530380249,,0.06148901581764221,0.03663377836346626,False,HIGH,FAST_ATTACK_PATH,Random Forest,PortScan,0.9994281530380249,BENIGN,0.8870680928230286,BENIGN,0.9524174332618713,True,False,ACTIVE,False,False
584,EXTERNAL_NPZ_SEQUENCE,ids_5_attacks_1000_sequences.npz,583,8955,2026-09-29T07:33:40.435203+00:00,4,,,SEQ-33CF8B25DDDF,,5,PortScan,0,BENIGN,1.0,0.03198495879769325,0.02853471040725708,0.02456630952656269,False,NORMAL,DEEP_ANALYSIS,Random Forest,BENIGN,1.0,BENIGN,0.9077167510986328,BENIGN,0.9999434947967529,False,False,ACTIVE,False,False
585,EXTERNAL_NPZ_SEQUENCE,ids_5_attacks_1000_sequences.npz,584,8960,2026-09-29T07:33:40.435203+00:00,5,,,SEQ-23A04B009E99,,5,PortScan,0,BENIGN,1.0,0.028646353632211685,0.024271467700600624,0.027308300137519836,False,NORMAL,DEEP_ANALYSIS,Random Forest,BENIGN,1.0,BENIGN,0.9173527359962463,BENIGN,0.9993958473205566,False,False,ACTIVE,False,False
586,EXTERNAL_NPZ_SEQUENCE,ids_5_attacks_1000_sequences.npz,585,8969,2026-09-29T07:33:40.435203+00:00,1,,,SEQ-DEB1BB06292F,,5,PortScan,0,BENIGN,0.9997889399528503,0.036907583475112915,0.18666890263557434,0.17220640182495117,False,NORMAL,DEEP_ANALYSIS,Random Forest,BENIGN,0.9997889399528503,BENIGN,0.9994357228279114,BENIGN,0.9751549959182739,False,False,ACTIVE,False,False
587,EXTERNAL_NPZ_SEQUENCE,ids_5_attacks_1000_sequences.npz,586,8984,2026-09-29T07:33:40.435203+00:00,2,,,SEQ-D798A0D3416A,,5,PortScan,0,BENIGN,1.0,0.022879619151353836,0.03594830259680748,0.023570653051137924,False,NORMAL,DEEP_ANALYSIS,Random Forest,BENIGN,1.0,BENIGN,0.9442474842071533,BENIGN,0.99782395362854,False,False,ACTIVE,False,False
588,EXTERNAL_NPZ_SEQUENCE,ids_5_attacks_1000_sequences.npz,587,8998,2026-09-29T07:33:40.435203+00:00,3,,,SEQ-A878CE686F8A,,5,PortScan,5,PortScan,0.9995627403259277,,0.056283216923475266,0.0335322804749012,False,HIGH,FAST_ATTACK_PATH,Random Forest,PortScan,0.9995627403259277,BENIGN,0.9374667406082153,BENIGN,0.9565221071243286,True,False,ACTIVE,False,False
589,EXTERNAL_NPZ_SEQUENCE,ids_5_attacks_1000_sequences.npz,588,9014,2026-09-29T07:33:40.435203+00:00,4,,,SEQ-8C2A404A9469,,5,PortScan,0,BENIGN,1.0,0.031018557026982307,0.031964097172021866,0.02751876227557659,False,NORMAL,DEEP_ANALYSIS,Random Forest,BENIGN,1.0,BENIGN,0.9629406332969666,BENIGN,0.9568396210670471,False,False,ACTIVE,False,False
590,EXTERNAL_NPZ_SEQUENCE,ids_5_attacks_1000_sequences.npz,589,9018,2026-09-29T07:33:40.435203+00:00,5,,,SEQ-033CE3374BCF,,5,PortScan,0,BENIGN,1.0,0.02899966761469841,0.1131070926785469,0.12725898623466492,False,NORMAL,DEEP_ANALYSIS,Random Forest,BENIGN,1.0,BENIGN,0.9987205862998962,BENIGN,0.9667149186134338,False,False,ACTIVE,False,False
591,EXTERNAL_NPZ_SEQUENCE,ids_5_attacks_1000_sequences.npz,590,9032,2026-09-29T07:33:40.435203+00:00,1,,,SEQ-605566760A5F,,5,PortScan,0,BENIGN,0.9997889399528503,0.05022625997662544,0.04760885238647461,0.04392027109861374,False,NORMAL,DEEP_ANALYSIS,Random Forest,BENIGN,0.9997889399528503,BENIGN,0.8872610926628113,BENIGN,0.9736541509628296,False,False,ACTIVE,False,False
592,EXTERNAL_NPZ_SEQUENCE,ids_5_attacks_1000_sequences.npz,591,9102,2026-09-29T07:33:40.435203+00:00,2,,,SEQ-833FBA4E7949,,5,PortScan,0,BENIGN,1.0,0.03361448273062706,0.16015848517417908,0.10501302033662796,False,NORMAL,DEEP_ANALYSIS,Random Forest,BENIGN,1.0,BENIGN,0.9986943602561951,BENIGN,0.9737170934677124,False,False,ACTIVE,False,False
593,EXTERNAL_NPZ_SEQUENCE,ids_5_attacks_1000_sequences.npz,592,9111,2026-09-29T07:33:40.435203+00:00,3,,,SEQ-9BA1A9C28265,,5,PortScan,5,PortScan,0.9997867345809937,,0.19922266900539398,0.11869239807128906,False,HIGH,FAST_ATTACK_PATH,Random Forest,PortScan,0.9997867345809937,BENIGN,0.999107301235199,BENIGN,0.9758735299110413,True,False,ACTIVE,False,False
594,EXTERNAL_NPZ_SEQUENCE,ids_5_attacks_1000_sequences.npz,593,9130,2026-09-29T07:33:40.435203+00:00,4,,,SEQ-7B3F7BEC160B,,5,PortScan,0,BENIGN,1.0,0.04560187831521034,0.028972528874874115,0.024943239986896515,False,NORMAL,DEEP_ANALYSIS,Random Forest,BENIGN,1.0,BENIGN,0.9251995086669922,BENIGN,0.9462404251098633,False,False,ACTIVE,False,False
595,EXTERNAL_NPZ_SEQUENCE,ids_5_attacks_1000_sequences.npz,594,9139,2026-09-29T07:33:40.435203+00:00,5,,,SEQ-5B2E40DD6B74,,5,PortScan,0,BENIGN,1.0,0.13609713315963745,0.077555350959301,0.08725903183221817,False,NORMAL,DEEP_ANALYSIS,Random Forest,BENIGN,1.0,BENIGN,0.6460097432136536,BENIGN,0.9478092789649963,False,False,ACTIVE,False,False
596,EXTERNAL_NPZ_SEQUENCE,ids_5_attacks_1000_sequences.npz,595,9144,2026-09-29T07:33:40.435203+00:00,1,,,SEQ-0F81F5E05F67,,5,PortScan,0,BENIGN,0.9997889399528503,0.06933069974184036,0.047739215195178986,0.044040534645318985,False,NORMAL,DEEP_ANALYSIS,Random Forest,BENIGN,0.9997889399528503,BENIGN,0.8708614706993103,BENIGN,0.9331827163696289,False,False,ACTIVE,False,False
597,EXTERNAL_NPZ_SEQUENCE,ids_5_attacks_1000_sequences.npz,596,9160,2026-09-29T07:33:40.435203+00:00,2,,,SEQ-F8609281AAB8,,5,PortScan,0,BENIGN,1.0,0.124504953622818,0.04824770614504814,0.03163514658808708,False,NORMAL,DEEP_ANALYSIS,Random Forest,BENIGN,1.0,BENIGN,0.6587706208229065,BENIGN,0.9574314951896667,False,False,ACTIVE,False,False
598,EXTERNAL_NPZ_SEQUENCE,ids_5_attacks_1000_sequences.npz,597,9208,2026-09-29T07:33:40.435203+00:00,3,,,SEQ-956CDC9EF83E,,5,PortScan,5,PortScan,0.9994688630104065,,0.1598123013973236,0.09521258622407913,False,HIGH,FAST_ATTACK_PATH,Random Forest,PortScan,0.9994688630104065,BENIGN,0.8173119425773621,BENIGN,0.9622012376785278,True,False,ACTIVE,False,False
599,EXTERNAL_NPZ_SEQUENCE,ids_5_attacks_1000_sequences.npz,598,9215,2026-09-29T07:33:40.435203+00:00,4,,,SEQ-55EB1527B607,,5,PortScan,0,BENIGN,1.0,0.03002927079796791,0.07135267555713654,0.0614294707775116,False,NORMAL,DEEP_ANALYSIS,Random Forest,BENIGN,1.0,BENIGN,0.9938181042671204,BENIGN,0.9500805735588074,False,False,ACTIVE,False,False
600,EXTERNAL_NPZ_SEQUENCE,ids_5_attacks_1000_sequences.npz,599,9222,2026-09-29T07:33:40.435203+00:00,5,,,SEQ-1307C9BA2363,,5,PortScan,0,BENIGN,1.0,0.05625756084918976,0.020917057991027832,0.02353418990969658,False,NORMAL,DEEP_ANALYSIS,Random Forest,BENIGN,1.0,BENIGN,0.8985674381256104,BENIGN,0.9351707696914673,False,False,ACTIVE,False,False
601,EXTERNAL_NPZ_SEQUENCE,ids_5_attacks_1000_sequences.npz,600,43608,2026-09-29T07:33:40.435203+00:00,1,,,SEQ-CEBAE3D48246,,2,DoS GoldenEye,2,DoS GoldenEye,0.8966562151908875,0.8164246082305908,0.670603334903717,0.6186471581459045,False,CRITICAL,DEEP_ANALYSIS,CNN-BiLSTM,DoS Hulk,0.7198926210403442,DoS GoldenEye,0.8600863814353943,DoS GoldenEye,0.8966562151908875,True,False,ACTIVE,False,False
602,EXTERNAL_NPZ_SEQUENCE,ids_5_attacks_1000_sequences.npz,601,43609,2026-09-29T07:33:40.435203+00:00,2,,,SEQ-959D6E5B74CB,,2,DoS GoldenEye,2,DoS GoldenEye,0.8955071568489075,0.5308936238288879,0.13206011056900024,0.08658942580223083,False,MEDIUM,DEEP_ANALYSIS,FedProx70 MLP,BENIGN,0.9324573278427124,DoS GoldenEye,0.8955071568489075,DDoS,0.6540683507919312,True,False,ACTIVE,False,False
603,EXTERNAL_NPZ_SEQUENCE,ids_5_attacks_1000_sequences.npz,602,43613,2026-09-29T07:33:40.435203+00:00,3,,,SEQ-22A6A649933A,,2,DoS GoldenEye,2,DoS GoldenEye,0.5612140893936157,0.5519881248474121,1.0,1.1533787250518799,True,MEDIUM,DEEP_ANALYSIS,FedProx70 MLP,BENIGN,0.7571871876716614,DoS GoldenEye,0.5612140893936157,DoS Hulk,0.5287466645240784,True,False,ACTIVE,False,False
604,EXTERNAL_NPZ_SEQUENCE,ids_5_attacks_1000_sequences.npz,603,43614,2026-09-29T07:33:40.435203+00:00,4,,,SEQ-30D250C011BD,,2,DoS GoldenEye,2,DoS GoldenEye,0.9999998807907104,,0.29809999465942383,0.2566424310207367,False,HIGH,FAST_ATTACK_PATH,Random Forest,DoS GoldenEye,0.9999998807907104,DoS GoldenEye,0.9055320620536804,DoS Hulk,0.4770485758781433,True,False,ACTIVE,False,False
605,EXTERNAL_NPZ_SEQUENCE,ids_5_attacks_1000_sequences.npz,604,43616,2026-09-29T07:33:40.435203+00:00,5,,,SEQ-F8F952D2FAB6,,2,DoS GoldenEye,2,DoS GoldenEye,0.9380607008934021,0.6367581486701965,0.23062750697135925,0.2594834864139557,False,HIGH,DEEP_ANALYSIS,FedProx70 MLP,BENIGN,1.0,DoS GoldenEye,0.9380607008934021,DoS Hulk,0.9164164662361145,True,False,ACTIVE,False,False
606,EXTERNAL_NPZ_SEQUENCE,ids_5_attacks_1000_sequences.npz,605,43617,2026-09-29T07:33:40.435203+00:00,1,,,SEQ-1A794301E78F,,2,DoS GoldenEye,3,DoS Hulk,0.9535436034202576,,0.4417908191680908,0.4075622856616974,False,HIGH,FAST_ATTACK_PATH,Random Forest,DoS Hulk,0.9535436034202576,DoS GoldenEye,0.8707354664802551,DoS Hulk,0.9487248659133911,False,False,ACTIVE,False,False
607,EXTERNAL_NPZ_SEQUENCE,ids_5_attacks_1000_sequences.npz,606,43619,2026-09-29T07:33:40.435203+00:00,2,,,SEQ-C9663CC44EB6,,2,DoS GoldenEye,3,DoS Hulk,0.5993800163269043,0.5514049530029297,1.0,1.1471588611602783,True,MEDIUM,DEEP_ANALYSIS,CNN-BiLSTM,BENIGN,0.8496707677841187,DoS GoldenEye,0.5385202765464783,DoS Hulk,0.5993800163269043,False,False,ACTIVE,False,False
608,EXTERNAL_NPZ_SEQUENCE,ids_5_attacks_1000_sequences.npz,607,43620,2026-09-29T07:33:40.435203+00:00,3,,,SEQ-31CF0204227E,,2,DoS GoldenEye,2,DoS GoldenEye,0.8902419805526733,0.5448543429374695,0.3515520393848419,0.20944683253765106,False,MEDIUM,DEEP_ANALYSIS,FedProx70 MLP,BENIGN,0.7630815505981445,DoS GoldenEye,0.8902419805526733,DDoS,0.5076149702072144,True,False,ACTIVE,False,False
609,EXTERNAL_NPZ_SEQUENCE,ids_5_attacks_1000_sequences.npz,608,43621,2026-09-29T07:33:40.435203+00:00,4,,,SEQ-800425889B87,,2,DoS GoldenEye,2,DoS GoldenEye,0.9899998903274536,,0.225667342543602,0.19428317248821259,False,HIGH,FAST_ATTACK_PATH,Random Forest,DoS GoldenEye,0.9899998903274536,DoS GoldenEye,0.9338483214378357,DoS Hulk,0.5576052069664001,True,False,ACTIVE,False,False
610,EXTERNAL_NPZ_SEQUENCE,ids_5_attacks_1000_sequences.npz,609,43623,2026-09-29T07:33:40.435203+00:00,5,,,SEQ-EEDACCF6C363,,2,DoS GoldenEye,0,BENIGN,1.0,0.06083834916353226,0.3777719736099243,0.425038605928421,False,NORMAL,DEEP_ANALYSIS,Random Forest,BENIGN,1.0,BENIGN,0.9862746596336365,BENIGN,0.9998430013656616,False,False,ACTIVE,False,False
611,EXTERNAL_NPZ_SEQUENCE,ids_5_attacks_1000_sequences.npz,610,43624,2026-09-29T07:33:40.435203+00:00,1,,,SEQ-17ACE7F5EDA0,,2,DoS GoldenEye,0,BENIGN,0.9997647404670715,0.049388907849788666,0.08638247847557068,0.07968984544277191,False,NORMAL,DEEP_ANALYSIS,CNN-BiLSTM,BENIGN,0.987927258014679,BENIGN,0.8868845105171204,BENIGN,0.9997647404670715,False,False,ACTIVE,False,False
612,EXTERNAL_NPZ_SEQUENCE,ids_5_attacks_1000_sequences.npz,611,43627,2026-09-29T07:33:40.435203+00:00,2,,,SEQ-345D13DE9D56,,2,DoS GoldenEye,0,BENIGN,1.0,0.021286653354763985,0.10170838236808777,0.06668834388256073,False,NORMAL,DEEP_ANALYSIS,Random Forest,BENIGN,1.0,BENIGN,0.9834398031234741,BENIGN,0.9969647526741028,False,False,ACTIVE,False,False
613,EXTERNAL_NPZ_SEQUENCE,ids_5_attacks_1000_sequences.npz,612,43641,2026-09-29T07:33:40.435203+00:00,3,,,SEQ-282DEAE10375,,2,DoS GoldenEye,0,BENIGN,0.9950000047683716,0.06793047487735748,0.035078201442956924,0.020898805931210518,False,NORMAL,DEEP_ANALYSIS,Random Forest,BENIGN,0.9950000047683716,BENIGN,0.9892281293869019,BENIGN,0.8330366015434265,False,False,ACTIVE,False,False
614,EXTERNAL_NPZ_SEQUENCE,ids_5_attacks_1000_sequences.npz,613,43642,2026-09-29T07:33:40.435203+00:00,4,,,SEQ-B680C9EA64CC,,2,DoS GoldenEye,2,DoS GoldenEye,0.9999998807907104,,0.8827280402183533,0.759964644908905,True,HIGH,FAST_ATTACK_PATH,Random Forest,DoS GoldenEye,0.9999998807907104,DoS GoldenEye,0.792453408241272,DoS Hulk,0.7324365973472595,True,False,ACTIVE,False,False
615,EXTERNAL_NPZ_SEQUENCE,ids_5_attacks_1000_sequences.npz,614,43644,2026-09-29T07:33:40.435203+00:00,5,,,SEQ-67ECD7411B80,,2,DoS GoldenEye,0,BENIGN,1.0,0.07249446213245392,0.46567806601524353,0.5239434242248535,False,NORMAL,DEEP_ANALYSIS,Random Forest,BENIGN,1.0,BENIGN,0.9923558235168457,BENIGN,0.9990014433860779,False,False,ACTIVE,False,False
616,EXTERNAL_NPZ_SEQUENCE,ids_5_attacks_1000_sequences.npz,615,43647,2026-09-29T07:33:40.435203+00:00,1,,,SEQ-025D9AE614E7,,2,DoS GoldenEye,2,DoS GoldenEye,0.7214558124542236,0.7258623838424683,1.0,1.0664178133010864,True,HIGH,DEEP_ANALYSIS,FedProx70 MLP,DoS Hulk,0.6710918545722961,DoS GoldenEye,0.7214558124542236,DoS Hulk,0.6434493064880371,True,False,ACTIVE,False,False
617,EXTERNAL_NPZ_SEQUENCE,ids_5_attacks_1000_sequences.npz,616,43650,2026-09-29T07:33:40.435203+00:00,2,,,SEQ-A9DABCC127E6,,2,DoS GoldenEye,2,DoS GoldenEye,0.5930899381637573,0.5155972242355347,1.0,1.0936861038208008,True,MEDIUM,DEEP_ANALYSIS,FedProx70 MLP,BENIGN,0.8508392572402954,DoS GoldenEye,0.5930899381637573,DoS GoldenEye,0.4509660005569458,True,False,ACTIVE,False,False
618,EXTERNAL_NPZ_SEQUENCE,ids_5_attacks_1000_sequences.npz,617,43653,2026-09-29T07:33:40.435203+00:00,3,,,SEQ-F214FEB7901C,,2,DoS GoldenEye,2,DoS GoldenEye,0.8935898542404175,0.6605027914047241,0.6303505301475525,0.37554875016212463,False,HIGH,DEEP_ANALYSIS,FedProx70 MLP,BENIGN,0.7806735038757324,DoS GoldenEye,0.8935898542404175,DoS Hulk,0.7257370948791504,True,False,ACTIVE,False,False
619,EXTERNAL_NPZ_SEQUENCE,ids_5_attacks_1000_sequences.npz,618,43657,2026-09-29T07:33:40.435203+00:00,4,,,SEQ-22812CB354B0,,2,DoS GoldenEye,2,DoS GoldenEye,0.9999998807907104,,0.22043900191783905,0.18978194892406464,False,HIGH,FAST_ATTACK_PATH,Random Forest,DoS GoldenEye,0.9999998807907104,DoS GoldenEye,0.9534091949462891,DoS Hulk,0.9440900087356567,True,False,ACTIVE,False,False
620,EXTERNAL_NPZ_SEQUENCE,ids_5_attacks_1000_sequences.npz,619,43658,2026-09-29T07:33:40.435203+00:00,5,,,SEQ-72B1985DF8C3,,2,DoS GoldenEye,3,DoS Hulk,0.8902012705802917,0.6866346001625061,0.8262202143669128,0.9295964241027832,True,HIGH,DEEP_ANALYSIS,CNN-BiLSTM,BENIGN,1.0,DoS GoldenEye,0.8371037840843201,DoS Hulk,0.8902012705802917,False,False,ACTIVE,False,False
621,EXTERNAL_NPZ_SEQUENCE,ids_5_attacks_1000_sequences.npz,620,43659,2026-09-29T07:33:40.435203+00:00,1,,,SEQ-3D3D6E1285AD,,2,DoS GoldenEye,3,DoS Hulk,0.9577344059944153,,1.0,1.1200695037841797,True,HIGH,FAST_ATTACK_PATH,Random Forest,DoS Hulk,0.9577344059944153,DoS GoldenEye,0.6299356818199158,DoS Hulk,0.7890775799751282,False,False,ACTIVE,False,False
622,EXTERNAL_NPZ_SEQUENCE,ids_5_attacks_1000_sequences.npz,621,43660,2026-09-29T07:33:40.435203+00:00,2,,,SEQ-6CDC52200C82,,2,DoS GoldenEye,2,DoS GoldenEye,0.9026846885681152,0.565912127494812,0.5852349996566772,0.3837279975414276,False,MEDIUM,DEEP_ANALYSIS,FedProx70 MLP,BENIGN,0.8643144965171814,DoS GoldenEye,0.9026846885681152,DoS Hulk,0.5148124098777771,True,False,ACTIVE,False,False
623,EXTERNAL_NPZ_SEQUENCE,ids_5_attacks_1000_sequences.npz,622,43662,2026-09-29T07:33:40.435203+00:00,3,,,SEQ-C9581DF172D1,,2,DoS GoldenEye,3,DoS Hulk,0.901759147644043,0.6694616675376892,0.368831604719162,0.2197416126728058,False,HIGH,DEEP_ANALYSIS,CNN-BiLSTM,BENIGN,0.7530815005302429,DoS GoldenEye,0.8304584622383118,DoS Hulk,0.901759147644043,False,False,ACTIVE,False,False
624,EXTERNAL_NPZ_SEQUENCE,ids_5_attacks_1000_sequences.npz,623,43663,2026-09-29T07:33:40.435203+00:00,4,,,SEQ-406D535284D9,,2,DoS GoldenEye,2,DoS GoldenEye,0.9999998807907104,,0.21485310792922974,0.18497289717197418,False,HIGH,FAST_ATTACK_PATH,Random Forest,DoS GoldenEye,0.9999998807907104,DoS GoldenEye,0.9510794281959534,DoS Hulk,0.9388484358787537,True,False,ACTIVE,False,False
625,EXTERNAL_NPZ_SEQUENCE,ids_5_attacks_1000_sequences.npz,624,43665,2026-09-29T07:33:40.435203+00:00,5,,,SEQ-958613EA83CB,,2,DoS GoldenEye,2,DoS GoldenEye,0.9448087215423584,0.6072390675544739,0.22635340690612793,0.25467461347579956,False,HIGH,DEEP_ANALYSIS,FedProx70 MLP,BENIGN,1.0,DoS GoldenEye,0.9448087215423584,DoS Hulk,0.8281241059303284,True,False,ACTIVE,False,False
626,EXTERNAL_NPZ_SEQUENCE,ids_5_attacks_1000_sequences.npz,625,43666,2026-09-29T07:33:40.435203+00:00,1,,,SEQ-9963E8A7A7C6,,2,DoS GoldenEye,2,DoS GoldenEye,0.9196046590805054,0.7402192950248718,0.24722382426261902,0.2280697226524353,False,HIGH,DEEP_ANALYSIS,FedProx70 MLP,DoS Hulk,0.6958542466163635,DoS GoldenEye,0.9196046590805054,DoS Hulk,0.8230955600738525,True,False,ACTIVE,False,False
627,EXTERNAL_NPZ_SEQUENCE,ids_5_attacks_1000_sequences.npz,626,43667,2026-09-29T07:33:40.435203+00:00,2,,,SEQ-021354DF5026,,2,DoS GoldenEye,0,BENIGN,0.9973262548446655,0.10823365300893784,0.620758056640625,0.40701982378959656,False,NORMAL,DEEP_ANALYSIS,CNN-BiLSTM,BENIGN,0.9410673975944519,BENIGN,0.9920079708099365,BENIGN,0.9973262548446655,False,False,ACTIVE,False,False
628,EXTERNAL_NPZ_SEQUENCE,ids_5_attacks_1000_sequences.npz,627,43670,2026-09-29T07:33:40.435203+00:00,3,,,SEQ-7857B99B8B38,,2,DoS GoldenEye,0,BENIGN,0.9900000095367432,0.09553807228803635,0.1552981436252594,0.09252315759658813,False,NORMAL,DEEP_ANALYSIS,Random Forest,BENIGN,0.9900000095367432,BENIGN,0.8879776000976562,BENIGN,0.8953239321708679,False,False,ACTIVE,False,False
629,EXTERNAL_NPZ_SEQUENCE,ids_5_attacks_1000_sequences.npz,628,43671,2026-09-29T07:33:40.435203+00:00,4,,,SEQ-FD297FE3A7CE,,2,DoS GoldenEye,2,DoS GoldenEye,0.9999998807907104,,0.39944154024124146,0.34389013051986694,False,HIGH,FAST_ATTACK_PATH,Random Forest,DoS GoldenEye,0.9999998807907104,DoS GoldenEye,0.8981391787528992,DoS Hulk,0.7321385145187378,True,False,ACTIVE,False,False
630,EXTERNAL_NPZ_SEQUENCE,ids_5_attacks_1000_sequences.npz,629,43672,2026-09-29T07:33:40.435203+00:00,5,,,SEQ-2C6DD5857B8D,,2,DoS GoldenEye,2,DoS GoldenEye,0.9001308083534241,0.6625214219093323,0.5728359818458557,0.6445088982582092,False,HIGH,DEEP_ANALYSIS,FedProx70 MLP,BENIGN,1.0,DoS GoldenEye,0.9001308083534241,DoS Hulk,0.8758765459060669,True,False,ACTIVE,False,False
631,EXTERNAL_NPZ_SEQUENCE,ids_5_attacks_1000_sequences.npz,630,43674,2026-09-29T07:33:40.435203+00:00,1,,,SEQ-57E2CD885FC4,,2,DoS GoldenEye,3,DoS Hulk,0.8847784399986267,0.43373948335647583,0.11010488867759705,0.10157432407140732,False,MEDIUM,DEEP_ANALYSIS,CNN-BiLSTM,BENIGN,0.9716930389404297,BENIGN,0.660366952419281,DoS Hulk,0.8847784399986267,False,False,ACTIVE,False,False
632,EXTERNAL_NPZ_SEQUENCE,ids_5_attacks_1000_sequences.npz,631,43676,2026-09-29T07:33:40.435203+00:00,2,,,SEQ-22B59F5D6C6F,,2,DoS GoldenEye,3,DoS Hulk,0.8745348453521729,0.6506431102752686,0.4069812595844269,0.26685023307800293,False,HIGH,DEEP_ANALYSIS,CNN-BiLSTM,BENIGN,0.870046079158783,DoS GoldenEye,0.858393132686615,DoS Hulk,0.8745348453521729,False,False,ACTIVE,False,False
633,EXTERNAL_NPZ_SEQUENCE,ids_5_attacks_1000_sequences.npz,632,43677,2026-09-29T07:33:40.435203+00:00,3,,,SEQ-348AC51D9E33,,2,DoS GoldenEye,3,DoS Hulk,0.7916300296783447,0.2852160930633545,0.035086289048194885,0.020903626456856728,False,LOW,DEEP_ANALYSIS,CNN-BiLSTM,BENIGN,1.0,BENIGN,0.9903911352157593,DoS Hulk,0.7916300296783447,False,False,ACTIVE,False,False
634,EXTERNAL_NPZ_SEQUENCE,ids_5_attacks_1000_sequences.npz,633,43678,2026-09-29T07:33:40.435203+00:00,4,,,SEQ-E8E3D4614F18,,2,DoS GoldenEye,2,DoS GoldenEye,1.0,,0.22590948641300201,0.19449163973331451,False,HIGH,FAST_ATTACK_PATH,Random Forest,DoS GoldenEye,1.0,BENIGN,0.9989207983016968,BENIGN,0.999970555305481,True,False,ACTIVE,False,False
635,EXTERNAL_NPZ_SEQUENCE,ids_5_attacks_1000_sequences.npz,634,43679,2026-09-29T07:33:40.435203+00:00,5,,,SEQ-E4492D8FE860,,2,DoS GoldenEye,0,BENIGN,1.0,0.017023665830492973,0.07549155503511429,0.08493701368570328,False,NORMAL,DEEP_ANALYSIS,Random Forest,BENIGN,1.0,BENIGN,0.9815690517425537,BENIGN,0.9995124340057373,False,False,ACTIVE,False,False
636,EXTERNAL_NPZ_SEQUENCE,ids_5_attacks_1000_sequences.npz,635,43684,2026-09-29T07:33:40.435203+00:00,1,,,SEQ-B7D24BD84090,,2,DoS GoldenEye,3,DoS Hulk,0.9249754548072815,0.7929721474647522,0.1605466902256012,0.14810805022716522,False,HIGH,DEEP_ANALYSIS,CNN-BiLSTM,DoS Hulk,0.8424752354621887,DoS GoldenEye,0.9221787452697754,DoS Hulk,0.9249754548072815,False,False,ACTIVE,False,False
637,EXTERNAL_NPZ_SEQUENCE,ids_5_attacks_1000_sequences.npz,636,43691,2026-09-29T07:33:40.435203+00:00,2,,,SEQ-6AE74BC37B5E,,2,DoS GoldenEye,2,DoS GoldenEye,0.840552568435669,0.4332784116268158,1.0,0.6606245636940002,True,MEDIUM,DEEP_ANALYSIS,FedProx70 MLP,BENIGN,0.8539019823074341,DoS GoldenEye,0.840552568435669,BENIGN,0.9945914149284363,True,False,ACTIVE,False,False
638,EXTERNAL_NPZ_SEQUENCE,ids_5_attacks_1000_sequences.npz,637,43694,2026-09-29T07:33:40.435203+00:00,3,,,SEQ-328E4ECB5AA4,,2,DoS GoldenEye,2,DoS GoldenEye,0.8399638533592224,0.6768261194229126,1.0,0.6326051354408264,True,HIGH,DEEP_ANALYSIS,FedProx70 MLP,BENIGN,0.7530815005302429,DoS GoldenEye,0.8399638533592224,DoS Hulk,0.644152045249939,True,False,ACTIVE,False,False
639,EXTERNAL_NPZ_SEQUENCE,ids_5_attacks_1000_sequences.npz,638,43695,2026-09-29T07:33:40.435203+00:00,4,,,SEQ-61813FCDF373,,2,DoS GoldenEye,2,DoS GoldenEye,0.9999998807907104,,0.22502753138542175,0.1937323361635208,False,HIGH,FAST_ATTACK_PATH,Random Forest,DoS GoldenEye,0.9999998807907104,DoS GoldenEye,0.9458334445953369,DoS Hulk,0.7900855541229248,True,False,ACTIVE,False,False
640,EXTERNAL_NPZ_SEQUENCE,ids_5_attacks_1000_sequences.npz,639,43697,2026-09-29T07:33:40.435203+00:00,5,,,SEQ-AFE84DB4177A,,2,DoS GoldenEye,2,DoS GoldenEye,0.9403097629547119,0.6221482753753662,0.39832255244255066,0.44816043972969055,False,HIGH,DEEP_ANALYSIS,FedProx70 MLP,BENIGN,1.0,DoS GoldenEye,0.9403097629547119,DoS Hulk,0.8008770942687988,True,False,ACTIVE,False,False
641,EXTERNAL_NPZ_SEQUENCE,ids_5_attacks_1000_sequences.npz,640,43698,2026-09-29T07:33:40.435203+00:00,1,,,SEQ-208921713D09,,2,DoS GoldenEye,3,DoS Hulk,0.7814455628395081,0.19176824390888214,0.07897012680768967,0.07285177707672119,False,NORMAL,DEEP_ANALYSIS,Random Forest,DoS Hulk,0.7814455628395081,BENIGN,0.922586977481842,BENIGN,0.9988294243812561,False,False,ACTIVE,False,False
642,EXTERNAL_NPZ_SEQUENCE,ids_5_attacks_1000_sequences.npz,641,43700,2026-09-29T07:33:40.435203+00:00,2,,,SEQ-6482B8827393,,2,DoS GoldenEye,3,DoS Hulk,0.8635766506195068,0.7050012350082397,0.9767333269119263,0.6404263377189636,True,HIGH,DEEP_ANALYSIS,CNN-BiLSTM,BENIGN,0.8596707582473755,DoS GoldenEye,0.7605785131454468,DoS Hulk,0.8635766506195068,False,False,ACTIVE,False,False
643,EXTERNAL_NPZ_SEQUENCE,ids_5_attacks_1000_sequences.npz,642,43701,2026-09-29T07:33:40.435203+00:00,3,,,SEQ-5F023F1EDACD,,2,DoS GoldenEye,2,DoS GoldenEye,0.959604799747467,0.672488808631897,0.21863237023353577,0.1302562654018402,False,HIGH,DEEP_ANALYSIS,FedProx70 MLP,BENIGN,0.7823272347450256,DoS GoldenEye,0.959604799747467,DoS Hulk,0.880794107913971,True,False,ACTIVE,False,False
644,EXTERNAL_NPZ_SEQUENCE,ids_5_attacks_1000_sequences.npz,643,43702,2026-09-29T07:33:40.435203+00:00,4,,,SEQ-01C804BB0A8A,,2,DoS GoldenEye,2,DoS GoldenEye,0.9999998807907104,,0.4217950701713562,0.36313486099243164,False,HIGH,FAST_ATTACK_PATH,Random Forest,DoS GoldenEye,0.9999998807907104,DoS GoldenEye,0.8859306573867798,DoS Hulk,0.9148855805397034,True,False,ACTIVE,False,False
645,EXTERNAL_NPZ_SEQUENCE,ids_5_attacks_1000_sequences.npz,644,43703,2026-09-29T07:33:40.435203+00:00,5,,,SEQ-F751F9ED2980,,2,DoS GoldenEye,2,DoS GoldenEye,0.9465322494506836,0.5870324969291687,0.22571593523025513,0.2539573907852173,False,MEDIUM,DEEP_ANALYSIS,FedProx70 MLP,BENIGN,1.0,DoS GoldenEye,0.9465322494506836,DoS Hulk,0.7691869139671326,True,False,ACTIVE,False,False
646,EXTERNAL_NPZ_SEQUENCE,ids_5_attacks_1000_sequences.npz,645,43705,2026-09-29T07:33:40.435203+00:00,1,,,SEQ-BC0D56CB8B4C,,2,DoS GoldenEye,0,BENIGN,0.9843811392784119,0.22478577494621277,0.1047755554318428,0.0966578871011734,False,LOW,DEEP_ANALYSIS,Random Forest,BENIGN,0.9843811392784119,BENIGN,0.5245766043663025,BENIGN,0.8190895915031433,False,False,ACTIVE,False,False
647,EXTERNAL_NPZ_SEQUENCE,ids_5_attacks_1000_sequences.npz,646,43712,2026-09-29T07:33:40.435203+00:00,2,,,SEQ-E0CD0448EAA7,,2,DoS GoldenEye,2,DoS GoldenEye,0.9043036103248596,0.3000575602054596,0.09690414369106293,0.06353829056024551,False,LOW,DEEP_ANALYSIS,FedProx70 MLP,BENIGN,0.9417366981506348,DoS GoldenEye,0.9043036103248596,BENIGN,0.9926337599754333,True,False,ACTIVE,False,False
648,EXTERNAL_NPZ_SEQUENCE,ids_5_attacks_1000_sequences.npz,647,43713,2026-09-29T07:33:40.435203+00:00,3,,,SEQ-3ADF4B3A1E2B,,2,DoS GoldenEye,3,DoS Hulk,0.7578138113021851,0.43572700023651123,0.10296036303043365,0.06134147569537163,False,MEDIUM,DEEP_ANALYSIS,CNN-BiLSTM,BENIGN,0.9850000143051147,DoS GoldenEye,0.5068269968032837,DoS Hulk,0.7578138113021851,False,False,ACTIVE,False,False
649,EXTERNAL_NPZ_SEQUENCE,ids_5_attacks_1000_sequences.npz,648,43716,2026-09-29T07:33:40.435203+00:00,4,,,SEQ-42986A9704AA,,2,DoS GoldenEye,2,DoS GoldenEye,0.9999998807907104,,0.8795232772827148,0.7572055459022522,True,HIGH,FAST_ATTACK_PATH,Random Forest,DoS GoldenEye,0.9999998807907104,DoS GoldenEye,0.8001299500465393,DoS Hulk,0.9041446447372437,True,False,ACTIVE,False,False
650,EXTERNAL_NPZ_SEQUENCE,ids_5_attacks_1000_sequences.npz,649,43717,2026-09-29T07:33:40.435203+00:00,5,,,SEQ-D1468174BA58,,2,DoS GoldenEye,0,BENIGN,1.0,0.02848970890045166,0.17972154915332794,0.20220820605754852,False,NORMAL,DEEP_ANALYSIS,Random Forest,BENIGN,1.0,BENIGN,0.9980607628822327,BENIGN,0.9972865581512451,False,False,ACTIVE,False,False
651,EXTERNAL_NPZ_SEQUENCE,ids_5_attacks_1000_sequences.npz,650,43719,2026-09-29T07:33:40.435203+00:00,1,,,SEQ-A565ABFBD80F,,2,DoS GoldenEye,0,BENIGN,0.9950000047683716,0.04709349572658539,0.08731742203235626,0.0805523544549942,False,NORMAL,DEEP_ANALYSIS,Random Forest,BENIGN,0.9950000047683716,BENIGN,0.9150341153144836,BENIGN,0.9785539507865906,False,False,ACTIVE,False,False
652,EXTERNAL_NPZ_SEQUENCE,ids_5_attacks_1000_sequences.npz,651,43720,2026-09-29T07:33:40.435203+00:00,2,,,SEQ-F6EA415FA518,,2,DoS GoldenEye,2,DoS GoldenEye,0.9571614861488342,0.6601547002792358,0.1973835974931717,0.12942084670066833,False,HIGH,DEEP_ANALYSIS,FedProx70 MLP,BENIGN,0.9274604916572571,DoS GoldenEye,0.9571614861488342,DoS Hulk,0.9396882057189941,True,False,ACTIVE,False,False
653,EXTERNAL_NPZ_SEQUENCE,ids_5_attacks_1000_sequences.npz,652,43721,2026-09-29T07:33:40.435203+00:00,3,,,SEQ-C0DDEA55ADD3,,2,DoS GoldenEye,2,DoS GoldenEye,0.9551812410354614,0.67352694272995,0.14525540173053741,0.08653991669416428,False,HIGH,DEEP_ANALYSIS,FedProx70 MLP,BENIGN,0.8162584900856018,DoS GoldenEye,0.9551812410354614,DoS Hulk,0.9383883476257324,True,False,ACTIVE,False,False
654,EXTERNAL_NPZ_SEQUENCE,ids_5_attacks_1000_sequences.npz,653,43722,2026-09-29T07:33:40.435203+00:00,4,,,SEQ-EF5A4625C8C4,,2,DoS GoldenEye,2,DoS GoldenEye,0.9996376037597656,,0.2163609117269516,0.18627101182937622,False,HIGH,FAST_ATTACK_PATH,Random Forest,DoS GoldenEye,0.9996376037597656,DoS GoldenEye,0.9426599144935608,DoS Hulk,0.944586992263794,True,False,ACTIVE,False,False
655,EXTERNAL_NPZ_SEQUENCE,ids_5_attacks_1000_sequences.npz,654,43723,2026-09-29T07:33:40.435203+00:00,5,,,SEQ-99F92EFCB9F6,,2,DoS GoldenEye,0,BENIGN,1.0,0.05447457730770111,0.3470759987831116,0.3905019760131836,False,NORMAL,DEEP_ANALYSIS,Random Forest,BENIGN,1.0,BENIGN,0.9943920969963074,BENIGN,0.9979119896888733,False,False,ACTIVE,False,False
656,EXTERNAL_NPZ_SEQUENCE,ids_5_attacks_1000_sequences.npz,655,43724,2026-09-29T07:33:40.435203+00:00,1,,,SEQ-97A91B6B11B2,,2,DoS GoldenEye,3,DoS Hulk,0.9520810842514038,,0.6808355450630188,0.6280866265296936,False,HIGH,FAST_ATTACK_PATH,Random Forest,DoS Hulk,0.9520810842514038,DoS GoldenEye,0.8125625252723694,DoS Hulk,0.8713241815567017,False,False,ACTIVE,False,False
657,EXTERNAL_NPZ_SEQUENCE,ids_5_attacks_1000_sequences.npz,656,43725,2026-09-29T07:33:40.435203+00:00,2,,,SEQ-2252DCB801EB,,2,DoS GoldenEye,2,DoS GoldenEye,0.8920933604240417,0.6896588206291199,0.6787279844284058,0.4450296461582184,False,HIGH,DEEP_ANALYSIS,FedProx70 MLP,BENIGN,0.8693272471427917,DoS GoldenEye,0.8920933604240417,DoS Hulk,0.8402488231658936,True,False,ACTIVE,False,False
658,EXTERNAL_NPZ_SEQUENCE,ids_5_attacks_1000_sequences.npz,657,43729,2026-09-29T07:33:40.435203+00:00,3,,,SEQ-3D1F07893D36,,2,DoS GoldenEye,2,DoS GoldenEye,0.9207959771156311,0.6902831196784973,0.3486509919166565,0.20771844685077667,False,HIGH,DEEP_ANALYSIS,FedProx70 MLP,BENIGN,0.7580815553665161,DoS GoldenEye,0.9207959771156311,DoS Hulk,0.8953229188919067,True,False,ACTIVE,False,False
659,EXTERNAL_NPZ_SEQUENCE,ids_5_attacks_1000_sequences.npz,658,43730,2026-09-29T07:33:40.435203+00:00,4,,,SEQ-0ABBAC0EC322,,2,DoS GoldenEye,2,DoS GoldenEye,0.9689843654632568,,0.4273967444896698,0.36795753240585327,False,HIGH,FAST_ATTACK_PATH,Random Forest,DoS GoldenEye,0.9689843654632568,BENIGN,0.9861767888069153,BENIGN,0.9796225428581238,True,False,ACTIVE,False,False
660,EXTERNAL_NPZ_SEQUENCE,ids_5_attacks_1000_sequences.npz,659,43731,2026-09-29T07:33:40.435203+00:00,5,,,SEQ-F3F9B8E7FF9A,,2,DoS GoldenEye,2,DoS GoldenEye,0.9190462827682495,0.6058453917503357,0.5532264709472656,0.622445821762085,False,HIGH,DEEP_ANALYSIS,FedProx70 MLP,BENIGN,1.0,DoS GoldenEye,0.9190462827682495,DoS Hulk,0.7061358094215393,True,False,ACTIVE,False,False
661,EXTERNAL_NPZ_SEQUENCE,ids_5_attacks_1000_sequences.npz,660,43733,2026-09-29T07:33:40.435203+00:00,1,,,SEQ-02170E3F907B,,2,DoS GoldenEye,2,DoS GoldenEye,0.932656466960907,0.6929510235786438,0.17027965188026428,0.15708693861961365,False,HIGH,DEEP_ANALYSIS,FedProx70 MLP,DoS Hulk,0.8119223713874817,DoS GoldenEye,0.932656466960907,DoS Hulk,0.6435074806213379,True,False,ACTIVE,False,False
662,EXTERNAL_NPZ_SEQUENCE,ids_5_attacks_1000_sequences.npz,661,43734,2026-09-29T07:33:40.435203+00:00,2,,,SEQ-0D8501481E8F,,2,DoS GoldenEye,0,BENIGN,1.0,0.033794622868299484,0.09282577782869339,0.06086418405175209,False,NORMAL,DEEP_ANALYSIS,Random Forest,BENIGN,1.0,BENIGN,0.9340779781341553,BENIGN,0.9997310042381287,False,False,ACTIVE,False,False
663,EXTERNAL_NPZ_SEQUENCE,ids_5_attacks_1000_sequences.npz,662,43737,2026-09-29T07:33:40.435203+00:00,3,,,SEQ-B994D4C3EE74,,2,DoS GoldenEye,2,DoS GoldenEye,0.9392902851104736,0.388719379901886,0.2965615391731262,0.17668472230434418,False,LOW,DEEP_ANALYSIS,FedProx70 MLP,BENIGN,0.7452152371406555,DoS GoldenEye,0.9392902851104736,BENIGN,0.9671683311462402,True,False,ACTIVE,False,False
664,EXTERNAL_NPZ_SEQUENCE,ids_5_attacks_1000_sequences.npz,663,43738,2026-09-29T07:33:40.435203+00:00,4,,,SEQ-98E07AE3EBA4,,2,DoS GoldenEye,2,DoS GoldenEye,0.997109591960907,,0.07779985666275024,0.0669800192117691,False,HIGH,FAST_ATTACK_PATH,Random Forest,DoS GoldenEye,0.997109591960907,BENIGN,0.9341036677360535,BENIGN,0.9999843835830688,True,False,ACTIVE,False,False
665,EXTERNAL_NPZ_SEQUENCE,ids_5_attacks_1000_sequences.npz,664,43739,2026-09-29T07:33:40.435203+00:00,5,,,SEQ-E4F0CAC4FC6E,,2,DoS GoldenEye,0,BENIGN,0.9999741315841675,0.03183234483003616,0.07371298968791962,0.08293592184782028,False,NORMAL,DEEP_ANALYSIS,CNN-BiLSTM,BENIGN,0.9950180649757385,BENIGN,0.9341001510620117,BENIGN,0.9999741315841675,False,False,ACTIVE,False,False
666,EXTERNAL_NPZ_SEQUENCE,ids_5_attacks_1000_sequences.npz,665,43741,2026-09-29T07:33:40.435203+00:00,1,,,SEQ-0E8C49E8C7F8,,2,DoS GoldenEye,2,DoS GoldenEye,0.9258847832679749,0.7574380040168762,0.3096807599067688,0.2856876850128174,False,HIGH,DEEP_ANALYSIS,FedProx70 MLP,DoS Hulk,0.852893590927124,DoS GoldenEye,0.9258847832679749,DoS GoldenEye,0.7504048943519592,True,False,ACTIVE,False,False
667,EXTERNAL_NPZ_SEQUENCE,ids_5_attacks_1000_sequences.npz,666,43742,2026-09-29T07:33:40.435203+00:00,2,,,SEQ-6F915F30B37C,,2,DoS GoldenEye,0,BENIGN,1.0,0.033976584672927856,0.09302618354558945,0.06099558249115944,False,NORMAL,DEEP_ANALYSIS,Random Forest,BENIGN,1.0,BENIGN,0.9340977668762207,BENIGN,0.9992800354957581,False,False,ACTIVE,False,False
668,EXTERNAL_NPZ_SEQUENCE,ids_5_attacks_1000_sequences.npz,667,43743,2026-09-29T07:33:40.435203+00:00,3,,,SEQ-E1FF3BBD8F3B,,2,DoS GoldenEye,0,BENIGN,0.9998576045036316,0.03958575427532196,0.131386399269104,0.07827707380056381,False,NORMAL,DEEP_ANALYSIS,Random Forest,BENIGN,0.9998576045036316,BENIGN,0.9340885281562805,BENIGN,0.9997832179069519,False,False,ACTIVE,False,False
669,EXTERNAL_NPZ_SEQUENCE,ids_5_attacks_1000_sequences.npz,668,43745,2026-09-29T07:33:40.435203+00:00,4,,,SEQ-ED1E0682BE75,,2,DoS GoldenEye,2,DoS GoldenEye,0.9997343420982361,,0.0926026999950409,0.07972419261932373,False,HIGH,FAST_ATTACK_PATH,Random Forest,DoS GoldenEye,0.9997343420982361,BENIGN,0.949873149394989,DoS Hulk,0.8146536350250244,True,False,ACTIVE,False,False
670,EXTERNAL_NPZ_SEQUENCE,ids_5_attacks_1000_sequences.npz,669,43746,2026-09-29T07:33:40.435203+00:00,5,,,SEQ-E60C82A95FAB,,2,DoS GoldenEye,3,DoS Hulk,0.9211215376853943,0.6365569829940796,0.3324522376060486,0.37404847145080566,False,HIGH,DEEP_ANALYSIS,CNN-BiLSTM,BENIGN,1.0,DoS GoldenEye,0.8809885382652283,DoS Hulk,0.9211215376853943,False,False,ACTIVE,False,False
671,EXTERNAL_NPZ_SEQUENCE,ids_5_attacks_1000_sequences.npz,670,43747,2026-09-29T07:33:40.435203+00:00,1,,,SEQ-AA4FC7F99C16,,2,DoS GoldenEye,3,DoS Hulk,0.8390977382659912,0.609518826007843,0.10762716084718704,0.09928856045007706,False,HIGH,DEEP_ANALYSIS,Random Forest,DoS Hulk,0.8390977382659912,BENIGN,0.5438187718391418,DoS Hulk,0.8248595595359802,False,False,ACTIVE,False,False
672,EXTERNAL_NPZ_SEQUENCE,ids_5_attacks_1000_sequences.npz,671,43749,2026-09-29T07:33:40.435203+00:00,2,,,SEQ-8AE7F559D2EE,,2,DoS GoldenEye,0,BENIGN,1.0,0.016435299068689346,0.1016167402267456,0.06662825495004654,False,NORMAL,DEEP_ANALYSIS,Random Forest,BENIGN,1.0,BENIGN,0.9983899593353271,BENIGN,0.9979720711708069,False,False,ACTIVE,False,False
673,EXTERNAL_NPZ_SEQUENCE,ids_5_attacks_1000_sequences.npz,672,43753,2026-09-29T07:33:40.435203+00:00,3,,,SEQ-3175B4C9CFD4,,2,DoS GoldenEye,2,DoS GoldenEye,0.9257063269615173,0.5574541091918945,0.44778910279273987,0.2667827010154724,False,MEDIUM,DEEP_ANALYSIS,FedProx70 MLP,BENIGN,0.7580815553665161,DoS GoldenEye,0.9257063269615173,DoS Hulk,0.4691147208213806,True,False,ACTIVE,False,False
674,EXTERNAL_NPZ_SEQUENCE,ids_5_attacks_1000_sequences.npz,673,43754,2026-09-29T07:33:40.435203+00:00,4,,,SEQ-D3EF03D709E9,,2,DoS GoldenEye,2,DoS GoldenEye,0.9999998807907104,,0.8403188586235046,0.7234534621238708,True,HIGH,FAST_ATTACK_PATH,Random Forest,DoS GoldenEye,0.9999998807907104,DoS GoldenEye,0.8232820630073547,DoS Hulk,0.5394836068153381,True,False,ACTIVE,False,False
675,EXTERNAL_NPZ_SEQUENCE,ids_5_attacks_1000_sequences.npz,674,43755,2026-09-29T07:33:40.435203+00:00,5,,,SEQ-C9136032FB70,,2,DoS GoldenEye,2,DoS GoldenEye,0.881940484046936,0.6163250803947449,0.417782723903656,0.470055490732193,False,HIGH,DEEP_ANALYSIS,FedProx70 MLP,BENIGN,1.0,DoS GoldenEye,0.881940484046936,DoS Hulk,0.8259299397468567,True,False,ACTIVE,False,False
676,EXTERNAL_NPZ_SEQUENCE,ids_5_attacks_1000_sequences.npz,675,43757,2026-09-29T07:33:40.435203+00:00,1,,,SEQ-64EAE7D5E36F,,2,DoS GoldenEye,3,DoS Hulk,0.6376761198043823,0.3610805571079254,0.13347676396369934,0.12313541769981384,False,LOW,DEEP_ANALYSIS,Random Forest,DoS Hulk,0.6376761198043823,BENIGN,0.9394786953926086,BENIGN,0.4418073296546936,False,False,ACTIVE,False,False
677,EXTERNAL_NPZ_SEQUENCE,ids_5_attacks_1000_sequences.npz,676,43758,2026-09-29T07:33:40.435203+00:00,2,,,SEQ-35BE89EB1DCF,,2,DoS GoldenEye,3,DoS Hulk,0.8938311338424683,0.3268582224845886,0.08243568986654282,0.05405158922076225,False,LOW,DEEP_ANALYSIS,CNN-BiLSTM,BENIGN,1.0,BENIGN,0.9944933652877808,DoS Hulk,0.8938311338424683,False,False,ACTIVE,False,False
678,EXTERNAL_NPZ_SEQUENCE,ids_5_attacks_1000_sequences.npz,677,43759,2026-09-29T07:33:40.435203+00:00,3,,,SEQ-12B90F1CDC5D,,2,DoS GoldenEye,2,DoS GoldenEye,0.9263446927070618,0.5808588266372681,0.28367361426353455,0.1690063774585724,False,MEDIUM,DEEP_ANALYSIS,FedProx70 MLP,BENIGN,0.7527682185173035,DoS GoldenEye,0.9263446927070618,DoS Hulk,0.602737307548523,True,False,ACTIVE,False,False
679,EXTERNAL_NPZ_SEQUENCE,ids_5_attacks_1000_sequences.npz,678,47141,2026-09-29T07:33:40.435203+00:00,4,,,SEQ-2E354CCA5CEF,,2,DoS GoldenEye,2,DoS GoldenEye,0.9999998807907104,,0.06605713069438934,0.05687038227915764,False,HIGH,FAST_ATTACK_PATH,Random Forest,DoS GoldenEye,0.9999998807907104,BENIGN,0.9246892333030701,DoS GoldenEye,0.9517796635627747,True,False,ACTIVE,False,False
680,EXTERNAL_NPZ_SEQUENCE,ids_5_attacks_1000_sequences.npz,679,47171,2026-09-29T07:33:40.435203+00:00,5,,,SEQ-F37C8154EEA7,,2,DoS GoldenEye,2,DoS GoldenEye,0.9230718016624451,0.5787489414215088,0.15342432260513306,0.17262068390846252,False,MEDIUM,DEEP_ANALYSIS,FedProx70 MLP,BENIGN,1.0,DoS GoldenEye,0.9230718016624451,DoS GoldenEye,0.7966107130050659,True,False,ACTIVE,False,False
681,EXTERNAL_NPZ_SEQUENCE,ids_5_attacks_1000_sequences.npz,680,47186,2026-09-29T07:33:40.435203+00:00,1,,,SEQ-2A84FE1C9FD9,,2,DoS GoldenEye,2,DoS GoldenEye,0.9363303780555725,0.35075750946998596,0.06254840642213821,0.057702358812093735,False,LOW,DEEP_ANALYSIS,CNN-BiLSTM,BENIGN,0.9787653684616089,BENIGN,0.9686242938041687,DoS GoldenEye,0.9363303780555725,True,False,ACTIVE,False,False
682,EXTERNAL_NPZ_SEQUENCE,ids_5_attacks_1000_sequences.npz,681,47214,2026-09-29T07:33:40.435203+00:00,2,,,SEQ-3B21E88C0BB3,,2,DoS GoldenEye,2,DoS GoldenEye,0.9829859137535095,0.6778447031974792,0.31964993476867676,0.2095886617898941,False,HIGH,DEEP_ANALYSIS,CNN-BiLSTM,BENIGN,0.8750460743904114,DoS GoldenEye,0.8695379495620728,DoS GoldenEye,0.9829859137535095,True,False,ACTIVE,False,False
683,EXTERNAL_NPZ_SEQUENCE,ids_5_attacks_1000_sequences.npz,682,47242,2026-09-29T07:33:40.435203+00:00,3,,,SEQ-D8D504E61971,,2,DoS GoldenEye,2,DoS GoldenEye,0.917992889881134,0.7124240398406982,0.45876094698905945,0.2733194828033447,False,HIGH,DEEP_ANALYSIS,CNN-BiLSTM,BENIGN,0.7480815052986145,DoS GoldenEye,0.9064289927482605,DoS GoldenEye,0.917992889881134,True,False,ACTIVE,False,False
684,EXTERNAL_NPZ_SEQUENCE,ids_5_attacks_1000_sequences.npz,683,47298,2026-09-29T07:33:40.435203+00:00,4,,,SEQ-F04B3F8F344E,,2,DoS GoldenEye,2,DoS GoldenEye,0.9999899864196777,,1.0,2.869704484939575,True,HIGH,FAST_ATTACK_PATH,Random Forest,DoS GoldenEye,0.9999899864196777,BENIGN,0.9521481394767761,BENIGN,0.7477379441261292,True,False,ACTIVE,False,False
685,EXTERNAL_NPZ_SEQUENCE,ids_5_attacks_1000_sequences.npz,684,47299,2026-09-29T07:33:40.435203+00:00,5,,,SEQ-F97EBB1757AD,,2,DoS GoldenEye,2,DoS GoldenEye,0.5458878874778748,0.35538583993911743,1.0,2.1525728702545166,True,LOW,DEEP_ANALYSIS,CNN-BiLSTM,BENIGN,1.0,BENIGN,0.9522497653961182,DoS GoldenEye,0.5458878874778748,True,False,ACTIVE,False,False
686,EXTERNAL_NPZ_SEQUENCE,ids_5_attacks_1000_sequences.npz,685,47322,2026-09-29T07:33:40.435203+00:00,1,,,SEQ-084DE5AA5328,,2,DoS GoldenEye,2,DoS GoldenEye,0.9775476455688477,0.8384793996810913,0.1564001441001892,0.1442827582359314,False,CRITICAL,DEEP_ANALYSIS,CNN-BiLSTM,DoS Hulk,0.9456212520599365,DoS GoldenEye,0.9458447098731995,DoS GoldenEye,0.9775476455688477,True,False,ACTIVE,False,False
687,EXTERNAL_NPZ_SEQUENCE,ids_5_attacks_1000_sequences.npz,686,47352,2026-09-29T07:33:40.435203+00:00,2,,,SEQ-C0A9A8994FA3,,2,DoS GoldenEye,2,DoS GoldenEye,0.8683777451515198,0.4792189598083496,1.0,1.4233726263046265,True,MEDIUM,DEEP_ANALYSIS,CNN-BiLSTM,BENIGN,0.9481420516967773,BENIGN,0.950282871723175,DoS GoldenEye,0.8683777451515198,True,False,ACTIVE,False,False
688,EXTERNAL_NPZ_SEQUENCE,ids_5_attacks_1000_sequences.npz,687,47356,2026-09-29T07:33:40.435203+00:00,3,,,SEQ-4F463C24196A,,2,DoS GoldenEye,2,DoS GoldenEye,0.7345771193504333,0.42302465438842773,1.0,1.732555866241455,True,MEDIUM,DEEP_ANALYSIS,CNN-BiLSTM,BENIGN,0.9926095008850098,BENIGN,0.951851487159729,DoS GoldenEye,0.7345771193504333,True,False,ACTIVE,False,False
689,EXTERNAL_NPZ_SEQUENCE,ids_5_attacks_1000_sequences.npz,688,47365,2026-09-29T07:33:40.435203+00:00,4,,,SEQ-0F17B23D8F0C,,2,DoS GoldenEye,2,DoS GoldenEye,0.9999899864196777,,1.0,2.8715226650238037,True,HIGH,FAST_ATTACK_PATH,Random Forest,DoS GoldenEye,0.9999899864196777,BENIGN,0.9519709348678589,DoS GoldenEye,0.5515803694725037,True,False,ACTIVE,False,False
690,EXTERNAL_NPZ_SEQUENCE,ids_5_attacks_1000_sequences.npz,689,47367,2026-09-29T07:33:40.435203+00:00,5,,,SEQ-6C148AE920F0,,2,DoS GoldenEye,2,DoS GoldenEye,0.6269491910934448,0.38430821895599365,1.0,1.7854331731796265,True,LOW,DEEP_ANALYSIS,CNN-BiLSTM,BENIGN,1.0,BENIGN,0.9504132866859436,DoS GoldenEye,0.6269491910934448,True,False,ACTIVE,False,False
691,EXTERNAL_NPZ_SEQUENCE,ids_5_attacks_1000_sequences.npz,690,47374,2026-09-29T07:33:40.435203+00:00,1,,,SEQ-B07F974AD121,,2,DoS GoldenEye,2,DoS GoldenEye,0.9334481358528137,0.38351133465766907,0.06809497624635696,0.06281919777393341,False,LOW,DEEP_ANALYSIS,CNN-BiLSTM,BENIGN,0.9766807556152344,BENIGN,0.860245406627655,DoS GoldenEye,0.9334481358528137,True,False,ACTIVE,False,False
692,EXTERNAL_NPZ_SEQUENCE,ids_5_attacks_1000_sequences.npz,691,47415,2026-09-29T07:33:40.435203+00:00,2,,,SEQ-267F783FC1A1,,2,DoS GoldenEye,6,ANOMALOUS_TRAFFIC,1.0,0.37126386165618896,1.0,1.3962738513946533,True,LOW,DEEP_ANALYSIS,Personalized Autoencoder,BENIGN,0.9443130493164062,BENIGN,0.9499228596687317,BENIGN,0.44256195425987244,False,False,ACTIVE,False,False
693,EXTERNAL_NPZ_SEQUENCE,ids_5_attacks_1000_sequences.npz,692,47484,2026-09-29T07:33:40.435203+00:00,3,,,SEQ-AAC16984E5F1,,2,DoS GoldenEye,6,ANOMALOUS_TRAFFIC,1.0,0.33176442980766296,1.0,1.2780946493148804,True,LOW,DEEP_ANALYSIS,Personalized Autoencoder,BENIGN,0.9976094961166382,BENIGN,0.9485363364219666,BENIGN,0.5261507630348206,False,False,ACTIVE,False,False
694,EXTERNAL_NPZ_SEQUENCE,ids_5_attacks_1000_sequences.npz,693,47507,2026-09-29T07:33:40.435203+00:00,4,,,SEQ-68969E717B16,,2,DoS GoldenEye,2,DoS GoldenEye,0.9999998807907104,,0.06551966071128845,0.05640766769647598,False,HIGH,FAST_ATTACK_PATH,Random Forest,DoS GoldenEye,0.9999998807907104,BENIGN,0.9937611222267151,DoS GoldenEye,0.9203240275382996,True,False,ACTIVE,False,False
695,EXTERNAL_NPZ_SEQUENCE,ids_5_attacks_1000_sequences.npz,694,47555,2026-09-29T07:33:40.435203+00:00,5,,,SEQ-6506182B373D,,2,DoS GoldenEye,2,DoS GoldenEye,0.9489531517028809,0.38654837012290955,0.058425337076187134,0.06573548167943954,False,LOW,DEEP_ANALYSIS,CNN-BiLSTM,BENIGN,1.0,BENIGN,0.847830057144165,DoS GoldenEye,0.9489531517028809,True,False,ACTIVE,False,False
696,EXTERNAL_NPZ_SEQUENCE,ids_5_attacks_1000_sequences.npz,695,47570,2026-09-29T07:33:40.435203+00:00,1,,,SEQ-CA49852A3EB3,,2,DoS GoldenEye,2,DoS GoldenEye,0.7381329536437988,0.27320078015327454,0.061876080930233,0.057082124054431915,False,LOW,DEEP_ANALYSIS,CNN-BiLSTM,BENIGN,0.9752234816551208,BENIGN,0.9979415535926819,DoS GoldenEye,0.7381329536437988,True,False,ACTIVE,False,False
697,EXTERNAL_NPZ_SEQUENCE,ids_5_attacks_1000_sequences.npz,696,47585,2026-09-29T07:33:40.435203+00:00,2,,,SEQ-BEFDD97D3322,,2,DoS GoldenEye,2,DoS GoldenEye,0.9476220607757568,0.5076895952224731,0.1602928638458252,0.10510113090276718,False,MEDIUM,DEEP_ANALYSIS,CNN-BiLSTM,BENIGN,0.9605551958084106,BENIGN,0.5197033882141113,DoS GoldenEye,0.9476220607757568,True,False,ACTIVE,False,False
698,EXTERNAL_NPZ_SEQUENCE,ids_5_attacks_1000_sequences.npz,697,47608,2026-09-29T07:33:40.435203+00:00,3,,,SEQ-75989C3BA071,,2,DoS GoldenEye,2,DoS GoldenEye,0.8271970152854919,0.3099687993526459,0.08809260278940201,0.05248359963297844,False,LOW,DEEP_ANALYSIS,CNN-BiLSTM,BENIGN,0.9900000095367432,BENIGN,0.982546865940094,DoS GoldenEye,0.8271970152854919,True,False,ACTIVE,False,False
699,EXTERNAL_NPZ_SEQUENCE,ids_5_attacks_1000_sequences.npz,698,47630,2026-09-29T07:33:40.435203+00:00,4,,,SEQ-36CE7A77B784,,2,DoS GoldenEye,2,DoS GoldenEye,0.9999998807907104,,0.56272292137146,0.48446351289749146,False,HIGH,FAST_ATTACK_PATH,Random Forest,DoS GoldenEye,0.9999998807907104,DoS GoldenEye,0.8638163805007935,DoS GoldenEye,0.9658688902854919,True,False,ACTIVE,False,False
700,EXTERNAL_NPZ_SEQUENCE,ids_5_attacks_1000_sequences.npz,699,47631,2026-09-29T07:33:40.435203+00:00,5,,,SEQ-5310D578312E,,2,DoS GoldenEye,0,BENIGN,1.0,0.0866423100233078,0.08649322390556335,0.09731520712375641,False,NORMAL,DEEP_ANALYSIS,Random Forest,BENIGN,1.0,BENIGN,0.7694296836853027,BENIGN,0.9871507883071899,False,False,ACTIVE,False,False
701,EXTERNAL_NPZ_SEQUENCE,ids_5_attacks_1000_sequences.npz,700,47644,2026-09-29T07:33:40.435203+00:00,1,,,SEQ-D1B39523F599,,2,DoS GoldenEye,2,DoS GoldenEye,0.9207969903945923,0.3674173951148987,0.06743226200342178,0.06220782920718193,False,LOW,DEEP_ANALYSIS,CNN-BiLSTM,BENIGN,0.9752234816551208,BENIGN,0.8997724056243896,DoS GoldenEye,0.9207969903945923,True,False,ACTIVE,False,False
702,EXTERNAL_NPZ_SEQUENCE,ids_5_attacks_1000_sequences.npz,701,47651,2026-09-29T07:33:40.435203+00:00,2,,,SEQ-E5151126B3D7,,2,DoS GoldenEye,2,DoS GoldenEye,0.7797000408172607,0.2972673177719116,0.09608811140060425,0.06300323456525803,False,LOW,DEEP_ANALYSIS,CNN-BiLSTM,BENIGN,0.9724940657615662,BENIGN,0.985140323638916,DoS GoldenEye,0.7797000408172607,True,False,ACTIVE,False,False
703,EXTERNAL_NPZ_SEQUENCE,ids_5_attacks_1000_sequences.npz,702,47670,2026-09-29T07:33:40.435203+00:00,3,,,SEQ-0B2E71E2551B,,2,DoS GoldenEye,2,DoS GoldenEye,0.9150905013084412,0.48762279748916626,1.0,0.9127411246299744,True,MEDIUM,DEEP_ANALYSIS,CNN-BiLSTM,BENIGN,0.9976094961166382,BENIGN,0.9437899589538574,DoS GoldenEye,0.9150905013084412,True,False,ACTIVE,False,False
704,EXTERNAL_NPZ_SEQUENCE,ids_5_attacks_1000_sequences.npz,703,47674,2026-09-29T07:33:40.435203+00:00,4,,,SEQ-94988AC4DC5B,,2,DoS GoldenEye,2,DoS GoldenEye,0.9999899864196777,,1.0,1.406935691833496,True,HIGH,FAST_ATTACK_PATH,Random Forest,DoS GoldenEye,0.9999899864196777,BENIGN,0.9430285096168518,DoS GoldenEye,0.8302432894706726,True,False,ACTIVE,False,False
705,EXTERNAL_NPZ_SEQUENCE,ids_5_attacks_1000_sequences.npz,704,47720,2026-09-29T07:33:40.435203+00:00,5,,,SEQ-38B3DE3856F5,,2,DoS GoldenEye,2,DoS GoldenEye,0.9539948105812073,0.6484789252281189,0.3317480683326721,0.37325620651245117,False,HIGH,DEEP_ANALYSIS,CNN-BiLSTM,BENIGN,1.0,DoS GoldenEye,0.8827284574508667,DoS GoldenEye,0.9539948105812073,True,False,ACTIVE,False,False
706,EXTERNAL_NPZ_SEQUENCE,ids_5_attacks_1000_sequences.npz,705,47736,2026-09-29T07:33:40.435203+00:00,1,,,SEQ-EFFB5CEA42BD,,2,DoS GoldenEye,2,DoS GoldenEye,0.9779804944992065,0.8113126754760742,0.30888012051582336,0.28494909405708313,False,CRITICAL,DEEP_ANALYSIS,CNN-BiLSTM,DoS Hulk,0.8298254609107971,DoS GoldenEye,0.8557413220405579,DoS GoldenEye,0.9779804944992065,True,False,ACTIVE,False,False
707,EXTERNAL_NPZ_SEQUENCE,ids_5_attacks_1000_sequences.npz,706,47813,2026-09-29T07:33:40.435203+00:00,2,,,SEQ-583EDBF1D150,,2,DoS GoldenEye,6,ANOMALOUS_TRAFFIC,1.0,0.29406899213790894,1.0,0.7365508079528809,True,LOW,DEEP_ANALYSIS,Personalized Autoencoder,BENIGN,0.9474198818206787,BENIGN,0.9408934712409973,BENIGN,0.6690828800201416,False,False,ACTIVE,False,False
708,EXTERNAL_NPZ_SEQUENCE,ids_5_attacks_1000_sequences.npz,707,47868,2026-09-29T07:33:40.435203+00:00,3,,,SEQ-56FABCCDC4D7,,2,DoS GoldenEye,2,DoS GoldenEye,0.9762021899223328,0.7315453290939331,0.4539577066898346,0.27045783400535583,False,HIGH,DEEP_ANALYSIS,CNN-BiLSTM,BENIGN,0.760229229927063,DoS GoldenEye,0.9127557873725891,DoS GoldenEye,0.9762021899223328,True,False,ACTIVE,False,False
709,EXTERNAL_NPZ_SEQUENCE,ids_5_attacks_1000_sequences.npz,708,47915,2026-09-29T07:33:40.435203+00:00,4,,,SEQ-579409750ADE,,2,DoS GoldenEye,2,DoS GoldenEye,0.9999998807907104,,0.07052505016326904,0.060716938227415085,False,HIGH,FAST_ATTACK_PATH,Random Forest,DoS GoldenEye,0.9999998807907104,DoS GoldenEye,0.5438591837882996,DoS GoldenEye,0.9529508352279663,True,False,ACTIVE,False,False
710,EXTERNAL_NPZ_SEQUENCE,ids_5_attacks_1000_sequences.npz,709,47921,2026-09-29T07:33:40.435203+00:00,5,,,SEQ-1F1A2DBF43E4,,2,DoS GoldenEye,2,DoS GoldenEye,0.9234057068824768,0.6953420639038086,0.8153843879699707,0.91740483045578,True,HIGH,DEEP_ANALYSIS,CNN-BiLSTM,BENIGN,1.0,DoS GoldenEye,0.8328078985214233,DoS GoldenEye,0.9234057068824768,True,False,ACTIVE,False,False
711,EXTERNAL_NPZ_SEQUENCE,ids_5_attacks_1000_sequences.npz,710,47936,2026-09-29T07:33:40.435203+00:00,1,,,SEQ-1FF22745DB2C,,2,DoS GoldenEye,3,DoS Hulk,0.9520505666732788,,1.0,1.162251591682434,True,HIGH,FAST_ATTACK_PATH,Random Forest,DoS Hulk,0.9520505666732788,DoS GoldenEye,0.5343632698059082,DoS GoldenEye,0.8609967827796936,False,False,ACTIVE,False,False
712,EXTERNAL_NPZ_SEQUENCE,ids_5_attacks_1000_sequences.npz,711,47956,2026-09-29T07:33:40.435203+00:00,2,,,SEQ-F01528882A69,,2,DoS GoldenEye,2,DoS GoldenEye,0.9768620133399963,0.6671582460403442,0.3232721984386444,0.2119637280702591,False,HIGH,DEEP_ANALYSIS,CNN-BiLSTM,BENIGN,0.8781489133834839,DoS GoldenEye,0.8413183689117432,DoS GoldenEye,0.9768620133399963,True,False,ACTIVE,False,False
713,EXTERNAL_NPZ_SEQUENCE,ids_5_attacks_1000_sequences.npz,712,47960,2026-09-29T07:33:40.435203+00:00,3,,,SEQ-2BC3A440E02D,,2,DoS GoldenEye,2,DoS GoldenEye,0.9418111443519592,0.5386922359466553,0.14679549634456635,0.08745746314525604,False,MEDIUM,DEEP_ANALYSIS,FedProx70 MLP,BENIGN,0.6977667808532715,DoS GoldenEye,0.9418111443519592,DoS GoldenEye,0.4962368607521057,True,False,ACTIVE,False,False
714,EXTERNAL_NPZ_SEQUENCE,ids_5_attacks_1000_sequences.npz,713,48025,2026-09-29T07:33:40.435203+00:00,4,,,SEQ-4FC0F3D83B8F,,2,DoS GoldenEye,2,DoS GoldenEye,0.9999998807907104,,0.3747237026691437,0.32260987162590027,False,HIGH,FAST_ATTACK_PATH,Random Forest,DoS GoldenEye,0.9999998807907104,DoS GoldenEye,0.9267470240592957,DoS GoldenEye,0.9373515248298645,True,False,ACTIVE,False,False
715,EXTERNAL_NPZ_SEQUENCE,ids_5_attacks_1000_sequences.npz,714,48153,2026-09-29T07:33:40.435203+00:00,5,,,SEQ-E5FC1376EF42,,2,DoS GoldenEye,2,DoS GoldenEye,0.9764000177383423,0.41507989168167114,0.2964201271533966,0.33350804448127747,False,MEDIUM,DEEP_ANALYSIS,CNN-BiLSTM,BENIGN,1.0,BENIGN,0.9037437438964844,DoS GoldenEye,0.9764000177383423,True,False,ACTIVE,False,False
716,EXTERNAL_NPZ_SEQUENCE,ids_5_attacks_1000_sequences.npz,715,48155,2026-09-29T07:33:40.435203+00:00,1,,,SEQ-A968E9BEAC1E,,2,DoS GoldenEye,2,DoS GoldenEye,0.9693244099617004,0.4244072735309601,0.2848779857158661,0.26280656456947327,False,MEDIUM,DEEP_ANALYSIS,CNN-BiLSTM,BENIGN,0.9414672255516052,BENIGN,0.8976483941078186,DoS GoldenEye,0.9693244099617004,True,False,ACTIVE,False,False
717,EXTERNAL_NPZ_SEQUENCE,ids_5_attacks_1000_sequences.npz,716,48178,2026-09-29T07:33:40.435203+00:00,2,,,SEQ-0AEE1656DF6D,,2,DoS GoldenEye,0,BENIGN,1.0,0.15335118770599365,0.08631878346204758,0.05659766122698784,False,NORMAL,DEEP_ANALYSIS,Random Forest,BENIGN,1.0,BENIGN,0.9365326166152954,BENIGN,0.653248131275177,False,False,ACTIVE,False,False
718,EXTERNAL_NPZ_SEQUENCE,ids_5_attacks_1000_sequences.npz,717,48184,2026-09-29T07:33:40.435203+00:00,3,,,SEQ-3C3738845BD5,,2,DoS GoldenEye,2,DoS GoldenEye,0.9750431180000305,0.7074000835418701,0.3708020746707916,0.22091557085514069,False,HIGH,DEEP_ANALYSIS,CNN-BiLSTM,BENIGN,0.775673508644104,DoS GoldenEye,0.8854977488517761,DoS GoldenEye,0.9750431180000305,True,False,ACTIVE,False,False
719,EXTERNAL_NPZ_SEQUENCE,ids_5_attacks_1000_sequences.npz,718,48208,2026-09-29T07:33:40.435203+00:00,4,,,SEQ-7432ED6CD001,,2,DoS GoldenEye,2,DoS GoldenEye,0.9999704957008362,,0.25015249848365784,0.21536311507225037,False,HIGH,FAST_ATTACK_PATH,Random Forest,DoS GoldenEye,0.9999704957008362,BENIGN,0.8666272163391113,DoS GoldenEye,0.9472585320472717,True,False,ACTIVE,False,False
720,EXTERNAL_NPZ_SEQUENCE,ids_5_attacks_1000_sequences.npz,719,48227,2026-09-29T07:33:40.435203+00:00,5,,,SEQ-0CCF8716FC65,,2,DoS GoldenEye,2,DoS GoldenEye,0.9634777903556824,0.4081624150276184,0.2388908714056015,0.26878076791763306,False,MEDIUM,DEEP_ANALYSIS,CNN-BiLSTM,BENIGN,1.0,BENIGN,0.8829613924026489,DoS GoldenEye,0.9634777903556824,True,False,ACTIVE,False,False
721,EXTERNAL_NPZ_SEQUENCE,ids_5_attacks_1000_sequences.npz,720,48245,2026-09-29T07:33:40.435203+00:00,1,,,SEQ-B63CC4B10865,,2,DoS GoldenEye,0,BENIGN,0.9337761402130127,0.192654550075531,0.23067441582679749,0.21280251443386078,False,NORMAL,DEEP_ANALYSIS,Random Forest,BENIGN,0.9337761402130127,BENIGN,0.8825168013572693,BENIGN,0.6869609951972961,False,False,ACTIVE,False,False
722,EXTERNAL_NPZ_SEQUENCE,ids_5_attacks_1000_sequences.npz,721,48272,2026-09-29T07:33:40.435203+00:00,2,,,SEQ-C3C5F9FCD5A3,,2,DoS GoldenEye,0,BENIGN,0.9528258442878723,0.12813624739646912,0.2195987105369568,0.14398689568042755,False,NORMAL,DEEP_ANALYSIS,CNN-BiLSTM,BENIGN,0.8066524863243103,BENIGN,0.8666133880615234,BENIGN,0.9528258442878723,False,False,ACTIVE,False,False
723,EXTERNAL_NPZ_SEQUENCE,ids_5_attacks_1000_sequences.npz,722,48278,2026-09-29T07:33:40.435203+00:00,3,,,SEQ-4743926C016C,,2,DoS GoldenEye,2,DoS GoldenEye,0.8867210149765015,0.3887626528739929,0.280752956867218,0.16726632416248322,False,LOW,DEEP_ANALYSIS,CNN-BiLSTM,BENIGN,0.9941161870956421,BENIGN,0.8829314112663269,DoS GoldenEye,0.8867210149765015,True,False,ACTIVE,False,False
724,EXTERNAL_NPZ_SEQUENCE,ids_5_attacks_1000_sequences.npz,723,48280,2026-09-29T07:33:40.435203+00:00,4,,,SEQ-A25EE6A2789D,,2,DoS GoldenEye,2,DoS GoldenEye,0.9999704957008362,,0.25015267729759216,0.2153632789850235,False,HIGH,FAST_ATTACK_PATH,Random Forest,DoS GoldenEye,0.9999704957008362,BENIGN,0.8666270971298218,DoS GoldenEye,0.9389901161193848,True,False,ACTIVE,False,False
725,EXTERNAL_NPZ_SEQUENCE,ids_5_attacks_1000_sequences.npz,724,48328,2026-09-29T07:33:40.435203+00:00,5,,,SEQ-D7669FDD32B0,,2,DoS GoldenEye,2,DoS GoldenEye,0.8600521683692932,0.3735698163509369,0.2149466872215271,0.2418406903743744,False,LOW,DEEP_ANALYSIS,CNN-BiLSTM,BENIGN,1.0,BENIGN,0.8656348586082458,DoS GoldenEye,0.8600521683692932,True,False,ACTIVE,False,False
726,EXTERNAL_NPZ_SEQUENCE,ids_5_attacks_1000_sequences.npz,725,48340,2026-09-29T07:33:40.435203+00:00,1,,,SEQ-043FEF662FEE,,2,DoS GoldenEye,2,DoS GoldenEye,0.928865373134613,0.7968699336051941,0.15488862991333008,0.14288835227489471,False,HIGH,DEEP_ANALYSIS,FedProx70 MLP,DoS Hulk,0.908538281917572,DoS GoldenEye,0.928865373134613,DoS GoldenEye,0.89505535364151,True,False,ACTIVE,False,False
727,EXTERNAL_NPZ_SEQUENCE,ids_5_attacks_1000_sequences.npz,726,48367,2026-09-29T07:33:40.435203+00:00,2,,,SEQ-09ADA1D69E18,,2,DoS GoldenEye,2,DoS GoldenEye,0.4969213008880615,0.20880426466464996,0.08655712753534317,0.056753940880298615,False,LOW,DEEP_ANALYSIS,CNN-BiLSTM,BENIGN,1.0,BENIGN,0.9270058870315552,DoS GoldenEye,0.4969213008880615,True,False,ACTIVE,False,False
728,EXTERNAL_NPZ_SEQUENCE,ids_5_attacks_1000_sequences.npz,727,48380,2026-09-29T07:33:40.435203+00:00,3,,,SEQ-EF004E074348,,2,DoS GoldenEye,2,DoS GoldenEye,0.8942712545394897,0.7706694602966309,1.0,0.6196335554122925,True,HIGH,DEEP_ANALYSIS,CNN-BiLSTM,BENIGN,0.7580815553665161,DoS GoldenEye,0.864302933216095,DoS GoldenEye,0.8942712545394897,True,False,ACTIVE,False,False
729,EXTERNAL_NPZ_SEQUENCE,ids_5_attacks_1000_sequences.npz,728,48390,2026-09-29T07:33:40.435203+00:00,4,,,SEQ-C926D0512EED,,2,DoS GoldenEye,2,DoS GoldenEye,0.9999998807907104,,0.12841397523880005,0.11055509746074677,False,HIGH,FAST_ATTACK_PATH,Random Forest,DoS GoldenEye,0.9999998807907104,DoS GoldenEye,0.9488861560821533,DoS GoldenEye,0.9709786772727966,True,False,ACTIVE,False,False
730,EXTERNAL_NPZ_SEQUENCE,ids_5_attacks_1000_sequences.npz,729,48416,2026-09-29T07:33:40.435203+00:00,5,,,SEQ-9AE30F9940B5,,2,DoS GoldenEye,2,DoS GoldenEye,0.9608017206192017,0.47078537940979004,0.05494055524468422,0.06181468442082405,False,MEDIUM,DEEP_ANALYSIS,CNN-BiLSTM,BENIGN,1.0,BENIGN,0.5791209936141968,DoS GoldenEye,0.9608017206192017,True,False,ACTIVE,False,False
731,EXTERNAL_NPZ_SEQUENCE,ids_5_attacks_1000_sequences.npz,730,48424,2026-09-29T07:33:40.435203+00:00,1,,,SEQ-D1758A4083FF,,2,DoS GoldenEye,2,DoS GoldenEye,0.9683670997619629,0.8273308277130127,0.10716990381479263,0.09886672347784042,False,CRITICAL,DEEP_ANALYSIS,CNN-BiLSTM,DoS Hulk,0.949316143989563,DoS GoldenEye,0.9415453672409058,DoS GoldenEye,0.9683670997619629,True,False,ACTIVE,False,False
732,EXTERNAL_NPZ_SEQUENCE,ids_5_attacks_1000_sequences.npz,731,48433,2026-09-29T07:33:40.435203+00:00,2,,,SEQ-DE767F6E7C24,,2,DoS GoldenEye,2,DoS GoldenEye,0.9738122820854187,0.6718634366989136,0.1984717696905136,0.13013434410095215,False,HIGH,DEEP_ANALYSIS,CNN-BiLSTM,BENIGN,0.9274604916572571,DoS GoldenEye,0.9558348059654236,DoS GoldenEye,0.9738122820854187,True,False,ACTIVE,False,False
733,EXTERNAL_NPZ_SEQUENCE,ids_5_attacks_1000_sequences.npz,732,48434,2026-09-29T07:33:40.435203+00:00,3,,,SEQ-763D2D515460,,2,DoS GoldenEye,2,DoS GoldenEye,0.9662209153175354,0.6808093190193176,0.14325596392154694,0.0853486955165863,False,HIGH,DEEP_ANALYSIS,CNN-BiLSTM,BENIGN,0.8177669644355774,DoS GoldenEye,0.9489900469779968,DoS GoldenEye,0.9662209153175354,True,False,ACTIVE,False,False
734,EXTERNAL_NPZ_SEQUENCE,ids_5_attacks_1000_sequences.npz,733,48443,2026-09-29T07:33:40.435203+00:00,4,,,SEQ-5DED42BE1A47,,2,DoS GoldenEye,2,DoS GoldenEye,0.9999995827674866,,0.024354051798582077,0.020967068150639534,False,HIGH,FAST_ATTACK_PATH,Random Forest,DoS GoldenEye,0.9999995827674866,BENIGN,0.9827708005905151,BENIGN,0.6801682114601135,True,False,ACTIVE,False,False
735,EXTERNAL_NPZ_SEQUENCE,ids_5_attacks_1000_sequences.npz,734,48444,2026-09-29T07:33:40.435203+00:00,5,,,SEQ-E747DC17733E,,2,DoS GoldenEye,2,DoS GoldenEye,0.9825403094291687,0.6684574484825134,0.41961294412612915,0.4721146821975708,False,HIGH,DEEP_ANALYSIS,CNN-BiLSTM,BENIGN,1.0,DoS GoldenEye,0.8720879554748535,DoS GoldenEye,0.9825403094291687,True,False,ACTIVE,False,False
736,EXTERNAL_NPZ_SEQUENCE,ids_5_attacks_1000_sequences.npz,735,48450,2026-09-29T07:33:40.435203+00:00,1,,,SEQ-E1CEA39CE688,,2,DoS GoldenEye,2,DoS GoldenEye,0.7131381630897522,0.2856402099132538,0.07145249843597412,0.06591659039258957,False,LOW,DEEP_ANALYSIS,CNN-BiLSTM,BENIGN,0.9787653684616089,BENIGN,0.9297431707382202,DoS GoldenEye,0.7131381630897522,True,False,ACTIVE,False,False
737,EXTERNAL_NPZ_SEQUENCE,ids_5_attacks_1000_sequences.npz,736,48464,2026-09-29T07:33:40.435203+00:00,2,,,SEQ-E24829CA783B,,2,DoS GoldenEye,0,BENIGN,1.0,0.009870262816548347,0.022455565631389618,0.014723706990480423,False,NORMAL,DEEP_ANALYSIS,Random Forest,BENIGN,1.0,BENIGN,0.9980165958404541,BENIGN,0.9831231236457825,False,False,ACTIVE,False,False
738,EXTERNAL_NPZ_SEQUENCE,ids_5_attacks_1000_sequences.npz,737,48523,2026-09-29T07:33:40.435203+00:00,3,,,SEQ-872DF33103F3,,2,DoS GoldenEye,0,BENIGN,0.9924601912498474,0.07850826531648636,0.08752375841140747,0.05214469134807587,False,NORMAL,DEEP_ANALYSIS,FedProx70 MLP,BENIGN,0.9900000095367432,BENIGN,0.9924601912498474,BENIGN,0.8253778219223022,False,False,ACTIVE,False,False
739,EXTERNAL_NPZ_SEQUENCE,ids_5_attacks_1000_sequences.npz,738,48528,2026-09-29T07:33:40.435203+00:00,4,,,SEQ-78864163452D,,2,DoS GoldenEye,2,DoS GoldenEye,0.9999993443489075,,0.31037062406539917,0.2672065496444702,False,HIGH,FAST_ATTACK_PATH,Random Forest,DoS GoldenEye,0.9999993443489075,DoS GoldenEye,0.8854151964187622,DoS GoldenEye,0.9745185375213623,True,False,ACTIVE,False,False
740,EXTERNAL_NPZ_SEQUENCE,ids_5_attacks_1000_sequences.npz,739,48554,2026-09-29T07:33:40.435203+00:00,5,,,SEQ-4DD6297988C5,,2,DoS GoldenEye,0,BENIGN,1.0,0.17135904729366302,0.16128648817539215,0.18146654963493347,False,NORMAL,DEEP_ANALYSIS,Random Forest,BENIGN,1.0,BENIGN,0.7170379161834717,BENIGN,0.8220644593238831,False,False,ACTIVE,False,False
741,EXTERNAL_NPZ_SEQUENCE,ids_5_attacks_1000_sequences.npz,740,48561,2026-09-29T07:33:40.435203+00:00,1,,,SEQ-AA98EDAC3F89,,2,DoS GoldenEye,2,DoS GoldenEye,0.9337332248687744,0.42828822135925293,0.0924420952796936,0.08527997881174088,False,MEDIUM,DEEP_ANALYSIS,CNN-BiLSTM,BENIGN,0.986456573009491,BENIGN,0.7169780135154724,DoS GoldenEye,0.9337332248687744,True,False,ACTIVE,False,False
742,EXTERNAL_NPZ_SEQUENCE,ids_5_attacks_1000_sequences.npz,741,48580,2026-09-29T07:33:40.435203+00:00,2,,,SEQ-59129C46859F,,2,DoS GoldenEye,2,DoS GoldenEye,0.9755115509033203,0.6638275980949402,0.327161967754364,0.21451418101787567,False,HIGH,DEEP_ANALYSIS,CNN-BiLSTM,BENIGN,0.869317352771759,DoS GoldenEye,0.8239591717720032,DoS GoldenEye,0.9755115509033203,True,False,ACTIVE,False,False
743,EXTERNAL_NPZ_SEQUENCE,ids_5_attacks_1000_sequences.npz,742,48595,2026-09-29T07:33:40.435203+00:00,3,,,SEQ-C1CEB529EEA9,,2,DoS GoldenEye,2,DoS GoldenEye,0.9741744995117188,0.7085970640182495,0.363883912563324,0.21679389476776123,False,HIGH,DEEP_ANALYSIS,CNN-BiLSTM,BENIGN,0.7480815052986145,DoS GoldenEye,0.8755655884742737,DoS GoldenEye,0.9741744995117188,True,False,ACTIVE,False,False
744,EXTERNAL_NPZ_SEQUENCE,ids_5_attacks_1000_sequences.npz,743,48628,2026-09-29T07:33:40.435203+00:00,4,,,SEQ-E1AC4AE6539A,,2,DoS GoldenEye,2,DoS GoldenEye,0.9999998807907104,,0.19022130966186523,0.16376671195030212,False,HIGH,FAST_ATTACK_PATH,Random Forest,DoS GoldenEye,0.9999998807907104,DoS GoldenEye,0.9561372399330139,DoS GoldenEye,0.9318172931671143,True,False,ACTIVE,False,False
745,EXTERNAL_NPZ_SEQUENCE,ids_5_attacks_1000_sequences.npz,744,48656,2026-09-29T07:33:40.435203+00:00,5,,,SEQ-6BEB3C477EC4,,2,DoS GoldenEye,2,DoS GoldenEye,0.8728190660476685,0.3290961682796478,0.052245769649744034,0.058782730251550674,False,LOW,DEEP_ANALYSIS,CNN-BiLSTM,BENIGN,1.0,BENIGN,0.947424590587616,DoS GoldenEye,0.8728190660476685,True,False,ACTIVE,False,False
746,EXTERNAL_NPZ_SEQUENCE,ids_5_attacks_1000_sequences.npz,745,48665,2026-09-29T07:33:40.435203+00:00,1,,,SEQ-7A47660AF5D7,,2,DoS GoldenEye,2,DoS GoldenEye,0.9737985134124756,0.8398090600967407,0.2998870611190796,0.2766527831554413,False,CRITICAL,DEEP_ANALYSIS,CNN-BiLSTM,DoS Hulk,0.949316143989563,DoS GoldenEye,0.8804444670677185,DoS GoldenEye,0.9737985134124756,True,False,ACTIVE,False,False
747,EXTERNAL_NPZ_SEQUENCE,ids_5_attacks_1000_sequences.npz,746,48677,2026-09-29T07:33:40.435203+00:00,2,,,SEQ-A2D3DDDC21C0,,2,DoS GoldenEye,2,DoS GoldenEye,0.9796234965324402,0.7021512389183044,0.3997352123260498,0.26209914684295654,False,HIGH,DEEP_ANALYSIS,CNN-BiLSTM,BENIGN,0.870046079158783,DoS GoldenEye,0.9111063480377197,DoS GoldenEye,0.9796234965324402,True,False,ACTIVE,False,False
748,EXTERNAL_NPZ_SEQUENCE,ids_5_attacks_1000_sequences.npz,747,48686,2026-09-29T07:33:40.435203+00:00,3,,,SEQ-657738B3A38E,,2,DoS GoldenEye,2,DoS GoldenEye,0.9139080047607422,0.6922267079353333,0.4543918967247009,0.27071651816368103,False,HIGH,DEEP_ANALYSIS,FedProx70 MLP,BENIGN,0.7530815005302429,DoS GoldenEye,0.9139080047607422,DoS GoldenEye,0.8586050868034363,True,False,ACTIVE,False,False
749,EXTERNAL_NPZ_SEQUENCE,ids_5_attacks_1000_sequences.npz,748,48698,2026-09-29T07:33:40.435203+00:00,4,,,SEQ-A0926355C967,,2,DoS GoldenEye,2,DoS GoldenEye,0.9999686479568481,,0.09727000445127487,0.0837424024939537,False,HIGH,FAST_ATTACK_PATH,Random Forest,DoS GoldenEye,0.9999686479568481,BENIGN,0.6807637214660645,BENIGN,0.8876333236694336,True,False,ACTIVE,False,False
750,EXTERNAL_NPZ_SEQUENCE,ids_5_attacks_1000_sequences.npz,749,48721,2026-09-29T07:33:40.435203+00:00,5,,,SEQ-87D879FF382D,,2,DoS GoldenEye,2,DoS GoldenEye,0.8759950995445251,0.60114586353302,0.3332982361316681,0.37500032782554626,False,HIGH,DEEP_ANALYSIS,FedProx70 MLP,BENIGN,1.0,DoS GoldenEye,0.8759950995445251,DoS GoldenEye,0.8238644003868103,True,False,ACTIVE,False,False
751,EXTERNAL_NPZ_SEQUENCE,ids_5_attacks_1000_sequences.npz,750,48755,2026-09-29T07:33:40.435203+00:00,1,,,SEQ-B18C1ABF0F97,,2,DoS GoldenEye,2,DoS GoldenEye,0.957944393157959,0.8617990612983704,0.6865358948707581,0.6333453059196472,False,CRITICAL,DEEP_ANALYSIS,CNN-BiLSTM,DoS Hulk,0.949316143989563,DoS GoldenEye,0.7789164185523987,DoS GoldenEye,0.957944393157959,True,False,ACTIVE,False,False
752,EXTERNAL_NPZ_SEQUENCE,ids_5_attacks_1000_sequences.npz,751,48793,2026-09-29T07:33:40.435203+00:00,2,,,SEQ-C96384823893,,2,DoS GoldenEye,6,ANOMALOUS_TRAFFIC,1.0,0.2356477677822113,1.0,3.353276014328003,True,LOW,DEEP_ANALYSIS,Personalized Autoencoder,BENIGN,0.9923463463783264,BENIGN,0.9918767213821411,BENIGN,0.7666284441947937,False,False,ACTIVE,False,False
753,EXTERNAL_NPZ_SEQUENCE,ids_5_attacks_1000_sequences.npz,752,48868,2026-09-29T07:33:40.435203+00:00,3,,,SEQ-B62DDF1159CF,,2,DoS GoldenEye,6,ANOMALOUS_TRAFFIC,1.0,0.15674817562103271,1.0,3.2211320400238037,True,NORMAL,DEEP_ANALYSIS,Personalized Autoencoder,BENIGN,0.9950000047683716,BENIGN,0.9927148222923279,BENIGN,0.9898210763931274,False,False,ACTIVE,False,False
754,EXTERNAL_NPZ_SEQUENCE,ids_5_attacks_1000_sequences.npz,753,48900,2026-09-29T07:33:40.435203+00:00,4,,,SEQ-2117797037BD,,2,DoS GoldenEye,2,DoS GoldenEye,0.9999998807907104,,0.8365809321403503,0.7202354073524475,True,HIGH,FAST_ATTACK_PATH,Random Forest,DoS GoldenEye,0.9999998807907104,DoS GoldenEye,0.840806245803833,DoS GoldenEye,0.9509557485580444,True,False,ACTIVE,False,False
755,EXTERNAL_NPZ_SEQUENCE,ids_5_attacks_1000_sequences.npz,754,48956,2026-09-29T07:33:40.435203+00:00,5,,,SEQ-F0EB90C0F9F0,,2,DoS GoldenEye,6,ANOMALOUS_TRAFFIC,1.0,0.1527564972639084,1.0,2.807016134262085,True,NORMAL,DEEP_ANALYSIS,Personalized Autoencoder,BENIGN,1.0,BENIGN,0.99191814661026,BENIGN,0.9990516304969788,False,False,ACTIVE,False,False
756,EXTERNAL_NPZ_SEQUENCE,ids_5_attacks_1000_sequences.npz,755,48972,2026-09-29T07:33:40.435203+00:00,1,,,SEQ-AA65A0E38C8E,,2,DoS GoldenEye,6,ANOMALOUS_TRAFFIC,1.0,0.1580771654844284,1.0,3.111318349838257,True,NORMAL,DEEP_ANALYSIS,Personalized Autoencoder,BENIGN,0.9679358005523682,BENIGN,0.995866060256958,BENIGN,0.9987881779670715,False,False,ACTIVE,False,False
757,EXTERNAL_NPZ_SEQUENCE,ids_5_attacks_1000_sequences.npz,756,48973,2026-09-29T07:33:40.435203+00:00,2,,,SEQ-CEB7379497F7,,2,DoS GoldenEye,6,ANOMALOUS_TRAFFIC,1.0,0.15664389729499817,1.0,3.007376194000244,True,NORMAL,DEEP_ANALYSIS,Personalized Autoencoder,BENIGN,0.9923463463783264,BENIGN,0.9941290616989136,BENIGN,0.9904232025146484,False,False,ACTIVE,False,False
758,EXTERNAL_NPZ_SEQUENCE,ids_5_attacks_1000_sequences.npz,757,48977,2026-09-29T07:33:40.435203+00:00,3,,,SEQ-847D824947DB,,2,DoS GoldenEye,6,ANOMALOUS_TRAFFIC,1.0,0.1732744574546814,1.0,2.841649293899536,True,NORMAL,DEEP_ANALYSIS,Personalized Autoencoder,BENIGN,0.9950000047683716,BENIGN,0.9928796887397766,BENIGN,0.9424618482589722,False,False,ACTIVE,False,False
759,EXTERNAL_NPZ_SEQUENCE,ids_5_attacks_1000_sequences.npz,758,48983,2026-09-29T07:33:40.435203+00:00,4,,,SEQ-C64992CBE98F,,2,DoS GoldenEye,2,DoS GoldenEye,0.9999964833259583,,1.0,3.253446340560913,True,HIGH,FAST_ATTACK_PATH,Random Forest,DoS GoldenEye,0.9999964833259583,BENIGN,0.9922062754631042,BENIGN,0.9715931415557861,True,False,ACTIVE,False,False
760,EXTERNAL_NPZ_SEQUENCE,ids_5_attacks_1000_sequences.npz,759,49026,2026-09-29T07:33:40.435203+00:00,5,,,SEQ-73C4DD828D29,,2,DoS GoldenEye,6,ANOMALOUS_TRAFFIC,1.0,0.1713544875383377,1.0,2.8215537071228027,True,NORMAL,DEEP_ANALYSIS,Personalized Autoencoder,BENIGN,1.0,BENIGN,0.9926396608352661,BENIGN,0.945296049118042,False,False,ACTIVE,False,False
761,EXTERNAL_NPZ_SEQUENCE,ids_5_attacks_1000_sequences.npz,760,49034,2026-09-29T07:33:40.435203+00:00,1,,,SEQ-E6D6F949D8BF,,2,DoS GoldenEye,6,ANOMALOUS_TRAFFIC,1.0,0.16287532448768616,1.0,3.0481672286987305,True,NORMAL,DEEP_ANALYSIS,Personalized Autoencoder,BENIGN,0.9764705300331116,BENIGN,0.9939932227134705,BENIGN,0.9818074703216553,False,False,ACTIVE,False,False
762,EXTERNAL_NPZ_SEQUENCE,ids_5_attacks_1000_sequences.npz,761,49062,2026-09-29T07:33:40.435203+00:00,2,,,SEQ-732093F575B4,,2,DoS GoldenEye,2,DoS GoldenEye,0.9645755887031555,0.6526997089385986,0.1273994743824005,0.08353353291749954,False,HIGH,DEEP_ANALYSIS,CNN-BiLSTM,BENIGN,0.9355636835098267,DoS GoldenEye,0.9436702132225037,DoS GoldenEye,0.9645755887031555,True,False,ACTIVE,False,False
763,EXTERNAL_NPZ_SEQUENCE,ids_5_attacks_1000_sequences.npz,762,49103,2026-09-29T07:33:40.435203+00:00,3,,,SEQ-7825C96D671C,,2,DoS GoldenEye,0,BENIGN,1.0,0.00808323360979557,0.02482575550675392,0.014790629968047142,False,NORMAL,DEEP_ANALYSIS,Random Forest,BENIGN,1.0,BENIGN,0.9963763356208801,BENIGN,0.9906506538391113,False,False,ACTIVE,False,False
764,EXTERNAL_NPZ_SEQUENCE,ids_5_attacks_1000_sequences.npz,763,49133,2026-09-29T07:33:40.435203+00:00,4,,,SEQ-2BE5E24D5F5D,,2,DoS GoldenEye,2,DoS GoldenEye,0.9940720200538635,,0.0822298601269722,0.07079393416643143,False,HIGH,FAST_ATTACK_PATH,Random Forest,DoS GoldenEye,0.9940720200538635,BENIGN,0.9907417893409729,BENIGN,0.995558500289917,True,False,ACTIVE,False,False
765,EXTERNAL_NPZ_SEQUENCE,ids_5_attacks_1000_sequences.npz,764,49155,2026-09-29T07:33:40.435203+00:00,5,,,SEQ-13CE8F67FCFB,,2,DoS GoldenEye,0,BENIGN,1.0,0.009384538978338242,0.0545060969889164,0.06132586672902107,False,NORMAL,DEEP_ANALYSIS,Random Forest,BENIGN,1.0,BENIGN,0.9991827607154846,BENIGN,0.9972472786903381,False,False,ACTIVE,False,False
766,EXTERNAL_NPZ_SEQUENCE,ids_5_attacks_1000_sequences.npz,765,49171,2026-09-29T07:33:40.435203+00:00,1,,,SEQ-BECF7CDBB9D7,,2,DoS GoldenEye,2,DoS GoldenEye,0.9673944115638733,0.43811535835266113,0.07227674871683121,0.06667698174715042,False,MEDIUM,DEEP_ANALYSIS,CNN-BiLSTM,BENIGN,0.9864534735679626,BENIGN,0.7134116888046265,DoS GoldenEye,0.9673944115638733,True,False,ACTIVE,False,False
767,EXTERNAL_NPZ_SEQUENCE,ids_5_attacks_1000_sequences.npz,766,49186,2026-09-29T07:33:40.435203+00:00,2,,,SEQ-410C74EE5488,,2,DoS GoldenEye,2,DoS GoldenEye,0.9796961545944214,0.7449166774749756,0.9778252840042114,0.6411423087120056,True,HIGH,DEEP_ANALYSIS,CNN-BiLSTM,BENIGN,0.8646707534790039,DoS GoldenEye,0.7609444260597229,DoS GoldenEye,0.9796961545944214,True,False,ACTIVE,False,False
768,EXTERNAL_NPZ_SEQUENCE,ids_5_attacks_1000_sequences.npz,767,49195,2026-09-29T07:33:40.435203+00:00,3,,,SEQ-685F08381A43,,2,DoS GoldenEye,2,DoS GoldenEye,0.9752410650253296,0.7632300853729248,0.6559097170829773,0.39077630639076233,False,HIGH,DEEP_ANALYSIS,CNN-BiLSTM,BENIGN,0.7630815505981445,DoS GoldenEye,0.9204184412956238,DoS GoldenEye,0.9752410650253296,True,False,ACTIVE,False,False
769,EXTERNAL_NPZ_SEQUENCE,ids_5_attacks_1000_sequences.npz,768,49210,2026-09-29T07:33:40.435203+00:00,4,,,SEQ-CED4E6677DB7,,2,DoS GoldenEye,2,DoS GoldenEye,0.9999998807907104,,1.0,1.333587646484375,True,HIGH,FAST_ATTACK_PATH,Random Forest,DoS GoldenEye,0.9999998807907104,DoS GoldenEye,0.49945342540740967,DoS GoldenEye,0.9793241024017334,True,False,ACTIVE,False,False
770,EXTERNAL_NPZ_SEQUENCE,ids_5_attacks_1000_sequences.npz,769,49211,2026-09-29T07:33:40.435203+00:00,5,,,SEQ-20E142D66215,,2,DoS GoldenEye,2,DoS GoldenEye,0.9112467765808105,0.5460336208343506,0.1107219010591507,0.12457536160945892,False,MEDIUM,DEEP_ANALYSIS,FedProx70 MLP,BENIGN,1.0,DoS GoldenEye,0.9112467765808105,DoS GoldenEye,0.731575071811676,True,False,ACTIVE,False,False
771,EXTERNAL_NPZ_SEQUENCE,ids_5_attacks_1000_sequences.npz,770,49225,2026-09-29T07:33:40.435203+00:00,1,,,SEQ-5E591AD0DF5A,,2,DoS GoldenEye,2,DoS GoldenEye,0.8063788414001465,0.43321847915649414,0.05924332141876221,0.0546533428132534,False,MEDIUM,DEEP_ANALYSIS,CNN-BiLSTM,BENIGN,0.9760284423828125,BENIGN,0.5423163771629333,DoS GoldenEye,0.8063788414001465,True,False,ACTIVE,False,False
772,EXTERNAL_NPZ_SEQUENCE,ids_5_attacks_1000_sequences.npz,771,49263,2026-09-29T07:33:40.435203+00:00,2,,,SEQ-F1C15EB1AEE1,,2,DoS GoldenEye,0,BENIGN,1.0,0.0697411373257637,0.022320372983813286,0.014635063707828522,False,NORMAL,DEEP_ANALYSIS,Random Forest,BENIGN,1.0,BENIGN,0.9885286688804626,BENIGN,0.8201380372047424,False,False,ACTIVE,False,False
773,EXTERNAL_NPZ_SEQUENCE,ids_5_attacks_1000_sequences.npz,772,49273,2026-09-29T07:33:40.435203+00:00,3,,,SEQ-8F23DADCAFA4,,2,DoS GoldenEye,2,DoS GoldenEye,0.9035317897796631,0.7698845863342285,1.0,0.6470926403999329,True,HIGH,DEEP_ANALYSIS,CNN-BiLSTM,BENIGN,0.6880815029144287,DoS GoldenEye,0.8042159080505371,DoS GoldenEye,0.9035317897796631,True,False,ACTIVE,False,False
774,EXTERNAL_NPZ_SEQUENCE,ids_5_attacks_1000_sequences.npz,773,49287,2026-09-29T07:33:40.435203+00:00,4,,,SEQ-4D805B59D3A3,,2,DoS GoldenEye,2,DoS GoldenEye,0.9999998807907104,,0.1890168935060501,0.16272979974746704,False,HIGH,FAST_ATTACK_PATH,Random Forest,DoS GoldenEye,0.9999998807907104,DoS GoldenEye,0.9541648626327515,DoS GoldenEye,0.8544467687606812,True,False,ACTIVE,False,False
775,EXTERNAL_NPZ_SEQUENCE,ids_5_attacks_1000_sequences.npz,774,49295,2026-09-29T07:33:40.435203+00:00,5,,,SEQ-C8523012258C,,2,DoS GoldenEye,2,DoS GoldenEye,0.9408943057060242,0.6875764727592468,0.8562076687812805,0.9633358716964722,True,HIGH,DEEP_ANALYSIS,CNN-BiLSTM,BENIGN,1.0,DoS GoldenEye,0.7661076784133911,DoS GoldenEye,0.9408943057060242,True,False,ACTIVE,False,False
776,EXTERNAL_NPZ_SEQUENCE,ids_5_attacks_1000_sequences.npz,775,49315,2026-09-29T07:33:40.435203+00:00,1,,,SEQ-FD266FCA8FFD,,2,DoS GoldenEye,3,DoS Hulk,0.9506212472915649,,0.15464000403881073,0.1426590085029602,False,HIGH,FAST_ATTACK_PATH,Random Forest,DoS Hulk,0.9506212472915649,DoS GoldenEye,0.9507071375846863,DoS GoldenEye,0.978861927986145,False,False,ACTIVE,False,False
777,EXTERNAL_NPZ_SEQUENCE,ids_5_attacks_1000_sequences.npz,776,49333,2026-09-29T07:33:40.435203+00:00,2,,,SEQ-6BFDFB2909D0,,2,DoS GoldenEye,0,BENIGN,1.0,0.011539330706000328,0.02321033738553524,0.015218596905469894,False,NORMAL,DEEP_ANALYSIS,Random Forest,BENIGN,1.0,BENIGN,0.9802890419960022,BENIGN,0.993872880935669,False,False,ACTIVE,False,False
778,EXTERNAL_NPZ_SEQUENCE,ids_5_attacks_1000_sequences.npz,777,49338,2026-09-29T07:33:40.435203+00:00,3,,,SEQ-73E50B94C022,,2,DoS GoldenEye,2,DoS GoldenEye,0.9751206636428833,0.737614631652832,0.4636360704898834,0.2762239873409271,False,HIGH,DEEP_ANALYSIS,CNN-BiLSTM,BENIGN,0.6830815076828003,DoS GoldenEye,0.8779776692390442,DoS GoldenEye,0.9751206636428833,True,False,ACTIVE,False,False
779,EXTERNAL_NPZ_SEQUENCE,ids_5_attacks_1000_sequences.npz,778,49367,2026-09-29T07:33:40.435203+00:00,4,,,SEQ-E18F675618C1,,2,DoS GoldenEye,2,DoS GoldenEye,0.9999998807907104,,0.8868308067321777,0.7634968757629395,True,HIGH,FAST_ATTACK_PATH,Random Forest,DoS GoldenEye,0.9999998807907104,DoS GoldenEye,0.7217177748680115,DoS GoldenEye,0.9543929100036621,True,False,ACTIVE,False,False
780,EXTERNAL_NPZ_SEQUENCE,ids_5_attacks_1000_sequences.npz,779,49402,2026-09-29T07:33:40.435203+00:00,5,,,SEQ-3F895455D119,,2,DoS GoldenEye,2,DoS GoldenEye,0.9511086344718933,0.64933180809021,0.23449184000492096,0.26383131742477417,False,HIGH,DEEP_ANALYSIS,CNN-BiLSTM,BENIGN,1.0,DoS GoldenEye,0.9375668168067932,DoS GoldenEye,0.9511086344718933,True,False,ACTIVE,False,False
781,EXTERNAL_NPZ_SEQUENCE,ids_5_attacks_1000_sequences.npz,780,49430,2026-09-29T07:33:40.435203+00:00,1,,,SEQ-9ADE3C1AEA9C,,2,DoS GoldenEye,2,DoS GoldenEye,0.961315929889679,0.8217706680297852,1.0,1.1954772472381592,True,CRITICAL,DEEP_ANALYSIS,CNN-BiLSTM,DoS Hulk,0.9188195466995239,DoS GoldenEye,0.5051541328430176,DoS GoldenEye,0.961315929889679,True,False,ACTIVE,False,False
782,EXTERNAL_NPZ_SEQUENCE,ids_5_attacks_1000_sequences.npz,781,49462,2026-09-29T07:33:40.435203+00:00,2,,,SEQ-8F5C25AD175D,,2,DoS GoldenEye,0,BENIGN,0.9990729093551636,0.018289675936102867,0.08515994995832443,0.05583783611655235,False,NORMAL,DEEP_ANALYSIS,CNN-BiLSTM,BENIGN,0.9950000047683716,BENIGN,0.986029326915741,BENIGN,0.9990729093551636,False,False,ACTIVE,False,False
783,EXTERNAL_NPZ_SEQUENCE,ids_5_attacks_1000_sequences.npz,782,49471,2026-09-29T07:33:40.435203+00:00,3,,,SEQ-15A7AE952486,,2,DoS GoldenEye,2,DoS GoldenEye,0.9403168559074402,0.7115257978439331,0.22165124118328094,0.13205485045909882,False,HIGH,DEEP_ANALYSIS,FedProx70 MLP,BENIGN,0.6510506868362427,DoS GoldenEye,0.9403168559074402,DoS GoldenEye,0.9325518608093262,True,False,ACTIVE,False,False
784,EXTERNAL_NPZ_SEQUENCE,ids_5_attacks_1000_sequences.npz,783,49474,2026-09-29T07:33:40.435203+00:00,4,,,SEQ-DE070C124330,,2,DoS GoldenEye,2,DoS GoldenEye,0.9999998807907104,,0.8802912831306458,0.7578667998313904,True,HIGH,FAST_ATTACK_PATH,Random Forest,DoS GoldenEye,0.9999998807907104,DoS GoldenEye,0.7648741006851196,DoS GoldenEye,0.9780244827270508,True,False,ACTIVE,False,False
785,EXTERNAL_NPZ_SEQUENCE,ids_5_attacks_1000_sequences.npz,784,49484,2026-09-29T07:33:40.435203+00:00,5,,,SEQ-EE8A773C52B7,,2,DoS GoldenEye,2,DoS GoldenEye,0.9352965950965881,0.40918484330177307,0.22077500820159912,0.24839825928211212,False,MEDIUM,DEEP_ANALYSIS,FedProx70 MLP,BENIGN,1.0,DoS GoldenEye,0.9352965950965881,BENIGN,0.7272011041641235,True,False,ACTIVE,False,False
786,EXTERNAL_NPZ_SEQUENCE,ids_5_attacks_1000_sequences.npz,785,49493,2026-09-29T07:33:40.435203+00:00,1,,,SEQ-1D772FA182B8,,2,DoS GoldenEye,3,DoS Hulk,0.9185382723808289,0.6600705981254578,0.10152494162321091,0.09365911781787872,False,HIGH,DEEP_ANALYSIS,Random Forest,DoS Hulk,0.9185382723808289,DoS GoldenEye,0.8974254131317139,DoS GoldenEye,0.5483044981956482,False,False,ACTIVE,False,False
787,EXTERNAL_NPZ_SEQUENCE,ids_5_attacks_1000_sequences.npz,786,49583,2026-09-29T07:33:40.435203+00:00,2,,,SEQ-F688567DC906,,2,DoS GoldenEye,2,DoS GoldenEye,0.951971709728241,0.4694424271583557,0.08611219376325607,0.05646220222115517,False,MEDIUM,DEEP_ANALYSIS,CNN-BiLSTM,BENIGN,1.0,BENIGN,0.5888816118240356,DoS GoldenEye,0.951971709728241,True,False,ACTIVE,False,False
788,EXTERNAL_NPZ_SEQUENCE,ids_5_attacks_1000_sequences.npz,787,49584,2026-09-29T07:33:40.435203+00:00,3,,,SEQ-BF748807FFBC,,2,DoS GoldenEye,2,DoS GoldenEye,0.9627858996391296,0.6984630227088928,0.315250962972641,0.1878194510936737,False,HIGH,DEEP_ANALYSIS,CNN-BiLSTM,BENIGN,0.845480740070343,DoS GoldenEye,0.9443215727806091,DoS GoldenEye,0.9627858996391296,True,False,ACTIVE,False,False
789,EXTERNAL_NPZ_SEQUENCE,ids_5_attacks_1000_sequences.npz,788,49607,2026-09-29T07:33:40.435203+00:00,4,,,SEQ-FE5C4EBC022B,,2,DoS GoldenEye,2,DoS GoldenEye,0.9999995827674866,,0.08690972626209259,0.07482295483350754,False,HIGH,FAST_ATTACK_PATH,Random Forest,DoS GoldenEye,0.9999995827674866,DoS GoldenEye,0.5854512453079224,DoS GoldenEye,0.7102469205856323,True,False,ACTIVE,False,False
790,EXTERNAL_NPZ_SEQUENCE,ids_5_attacks_1000_sequences.npz,789,49680,2026-09-29T07:33:40.435203+00:00,5,,,SEQ-8917957BBC6A,,2,DoS GoldenEye,2,DoS GoldenEye,0.9447857141494751,0.6278823018074036,0.21983566880226135,0.24734137952327728,False,HIGH,DEEP_ANALYSIS,FedProx70 MLP,BENIGN,1.0,DoS GoldenEye,0.9447857141494751,DoS GoldenEye,0.8899176120758057,True,False,ACTIVE,False,False
791,EXTERNAL_NPZ_SEQUENCE,ids_5_attacks_1000_sequences.npz,790,49744,2026-09-29T07:33:40.435203+00:00,1,,,SEQ-088D8AD214A7,,2,DoS GoldenEye,2,DoS GoldenEye,0.8841109275817871,0.4275974631309509,0.07350277155637741,0.06780800968408585,False,MEDIUM,DEEP_ANALYSIS,CNN-BiLSTM,BENIGN,0.987911581993103,BENIGN,0.6509482264518738,DoS GoldenEye,0.8841109275817871,True,False,ACTIVE,False,False
792,EXTERNAL_NPZ_SEQUENCE,ids_5_attacks_1000_sequences.npz,791,49762,2026-09-29T07:33:40.435203+00:00,2,,,SEQ-6DFA5FA59833,,2,DoS GoldenEye,2,DoS GoldenEye,0.9689128398895264,0.6970986723899841,0.3974975645542145,0.2606319487094879,False,HIGH,DEEP_ANALYSIS,CNN-BiLSTM,BENIGN,0.8735036253929138,DoS GoldenEye,0.9101842045783997,DoS GoldenEye,0.9689128398895264,True,False,ACTIVE,False,False
793,EXTERNAL_NPZ_SEQUENCE,ids_5_attacks_1000_sequences.npz,792,49779,2026-09-29T07:33:40.435203+00:00,3,,,SEQ-84AC1838F17C,,2,DoS GoldenEye,2,DoS GoldenEye,0.9561396241188049,0.7043943405151367,0.23052512109279633,0.13734170794487,False,HIGH,DEEP_ANALYSIS,CNN-BiLSTM,BENIGN,0.7402152419090271,DoS GoldenEye,0.9440324306488037,DoS GoldenEye,0.9561396241188049,True,False,ACTIVE,False,False
794,EXTERNAL_NPZ_SEQUENCE,ids_5_attacks_1000_sequences.npz,793,49833,2026-09-29T07:33:40.435203+00:00,4,,,SEQ-792A71B23C73,,2,DoS GoldenEye,2,DoS GoldenEye,0.9999998807907104,,0.8321045637130737,0.7163815498352051,True,HIGH,FAST_ATTACK_PATH,Random Forest,DoS GoldenEye,0.9999998807907104,DoS GoldenEye,0.856484055519104,DoS GoldenEye,0.9721140265464783,True,False,ACTIVE,False,False
795,EXTERNAL_NPZ_SEQUENCE,ids_5_attacks_1000_sequences.npz,794,49840,2026-09-29T07:33:40.435203+00:00,5,,,SEQ-F898E124897A,,2,DoS GoldenEye,0,BENIGN,1.0,0.038100313395261765,0.02935139648616314,0.03302382677793503,False,NORMAL,DEEP_ANALYSIS,Random Forest,BENIGN,1.0,BENIGN,0.9865707755088806,BENIGN,0.9152318835258484,False,False,ACTIVE,False,False
796,EXTERNAL_NPZ_SEQUENCE,ids_5_attacks_1000_sequences.npz,795,49847,2026-09-29T07:33:40.435203+00:00,1,,,SEQ-199C3B1D023F,,2,DoS GoldenEye,2,DoS GoldenEye,0.590580403804779,0.19486048817634583,0.07476712763309479,0.06897441297769547,False,NORMAL,DEEP_ANALYSIS,FedProx70 MLP,BENIGN,0.987911581993103,DoS GoldenEye,0.590580403804779,BENIGN,0.9884182810783386,True,False,ACTIVE,False,False
797,EXTERNAL_NPZ_SEQUENCE,ids_5_attacks_1000_sequences.npz,796,49850,2026-09-29T07:33:40.435203+00:00,2,,,SEQ-C1D43FB633BF,,2,DoS GoldenEye,2,DoS GoldenEye,0.98062664270401,0.7586950063705444,0.9353653788566589,0.6133021116256714,True,HIGH,DEEP_ANALYSIS,CNN-BiLSTM,BENIGN,0.8646707534790039,DoS GoldenEye,0.8270167708396912,DoS GoldenEye,0.98062664270401,True,False,ACTIVE,False,False
798,EXTERNAL_NPZ_SEQUENCE,ids_5_attacks_1000_sequences.npz,797,49935,2026-09-29T07:33:40.435203+00:00,3,,,SEQ-68288DFC572D,,2,DoS GoldenEye,2,DoS GoldenEye,0.962368905544281,0.7404657602310181,1.0,1.0649501085281372,True,HIGH,DEEP_ANALYSIS,CNN-BiLSTM,BENIGN,0.801926851272583,DoS GoldenEye,0.7134066224098206,DoS GoldenEye,0.962368905544281,True,False,ACTIVE,False,False
799,EXTERNAL_NPZ_SEQUENCE,ids_5_attacks_1000_sequences.npz,798,49952,2026-09-29T07:33:40.435203+00:00,4,,,SEQ-416EFCFFAAF9,,2,DoS GoldenEye,2,DoS GoldenEye,0.9999998807907104,,0.8421813249588013,0.7250568866729736,True,HIGH,FAST_ATTACK_PATH,Random Forest,DoS GoldenEye,0.9999998807907104,DoS GoldenEye,0.8149539828300476,DoS GoldenEye,0.9526901245117188,True,False,ACTIVE,False,False
800,EXTERNAL_NPZ_SEQUENCE,ids_5_attacks_1000_sequences.npz,799,49990,2026-09-29T07:33:40.435203+00:00,5,,,SEQ-00058E5E3A0A,,2,DoS GoldenEye,2,DoS GoldenEye,0.9818544387817383,0.6623278260231018,0.21540270745754242,0.24235376715660095,False,HIGH,DEEP_ANALYSIS,CNN-BiLSTM,BENIGN,1.0,DoS GoldenEye,0.9545612335205078,DoS GoldenEye,0.9818544387817383,True,False,ACTIVE,False,False
801,EXTERNAL_NPZ_SEQUENCE,ids_5_attacks_1000_sequences.npz,800,29364,2026-09-29T07:33:40.435203+00:00,1,,,SEQ-29DC02D7700D,,4,FTP-Patator,0,BENIGN,0.9995986819267273,0.07557112723588943,0.08359381556510925,0.07711724191904068,False,NORMAL,DEEP_ANALYSIS,FedProx70 MLP,BENIGN,0.9550060629844666,BENIGN,0.9995986819267273,BENIGN,0.8459632396697998,False,False,ACTIVE,False,False
802,EXTERNAL_NPZ_SEQUENCE,ids_5_attacks_1000_sequences.npz,801,29369,2026-09-29T07:33:40.435203+00:00,2,,,SEQ-B887D82E7D74,,4,FTP-Patator,0,BENIGN,0.9983459711074829,0.018902238458395004,0.028142111375927925,0.018452273681759834,False,NORMAL,DEEP_ANALYSIS,FedProx70 MLP,BENIGN,0.9715481996536255,BENIGN,0.9983459711074829,BENIGN,0.9757304191589355,False,False,ACTIVE,False,False
803,EXTERNAL_NPZ_SEQUENCE,ids_5_attacks_1000_sequences.npz,802,29370,2026-09-29T07:33:40.435203+00:00,3,,,SEQ-72A428319D98,,4,FTP-Patator,0,BENIGN,0.9985809326171875,0.03499207645654678,0.03406105190515518,0.02029281109571457,False,NORMAL,DEEP_ANALYSIS,FedProx70 MLP,BENIGN,0.9919686913490295,BENIGN,0.9985809326171875,BENIGN,0.9204258918762207,False,False,ACTIVE,False,False
804,EXTERNAL_NPZ_SEQUENCE,ids_5_attacks_1000_sequences.npz,803,29374,2026-09-29T07:33:40.435203+00:00,4,,,SEQ-D864E70C8499,,4,FTP-Patator,0,BENIGN,1.0,0.0174577459692955,0.11338550597429276,0.09761667996644974,False,NORMAL,DEEP_ANALYSIS,Random Forest,BENIGN,1.0,BENIGN,0.999634861946106,BENIGN,0.9990274906158447,False,False,ACTIVE,False,False
805,EXTERNAL_NPZ_SEQUENCE,ids_5_attacks_1000_sequences.npz,804,29377,2026-09-29T07:33:40.435203+00:00,5,,,SEQ-5526AAF10CD5,,4,FTP-Patator,4,FTP-Patator,0.9639207124710083,,0.08264241367578506,0.09298259019851685,False,HIGH,FAST_ATTACK_PATH,Random Forest,FTP-Patator,0.9639207124710083,BENIGN,0.9995986819267273,BENIGN,0.9083331227302551,True,False,ACTIVE,False,False
806,EXTERNAL_NPZ_SEQUENCE,ids_5_attacks_1000_sequences.npz,805,29379,2026-09-29T07:33:40.435203+00:00,1,,,SEQ-7893971C7E8F,,4,FTP-Patator,0,BENIGN,0.99837327003479,0.18112173676490784,0.033136673271656036,0.030569350346922874,False,NORMAL,DEEP_ANALYSIS,FedProx70 MLP,BENIGN,0.9240185022354126,BENIGN,0.99837327003479,BENIGN,0.5415230989456177,False,False,ACTIVE,False,False
807,EXTERNAL_NPZ_SEQUENCE,ids_5_attacks_1000_sequences.npz,806,29380,2026-09-29T07:33:40.435203+00:00,2,,,SEQ-5E35E895DEBF,,4,FTP-Patator,4,FTP-Patator,0.6715347766876221,0.4274122416973114,0.03272395581007004,0.021456506103277206,False,MEDIUM,DEEP_ANALYSIS,FedProx70 MLP,BENIGN,0.9961729645729065,FTP-Patator,0.6715347766876221,FTP-Patator,0.6293652057647705,True,False,ACTIVE,False,False
808,EXTERNAL_NPZ_SEQUENCE,ids_5_attacks_1000_sequences.npz,807,29382,2026-09-29T07:33:40.435203+00:00,3,,,SEQ-B9738A13C2D2,,4,FTP-Patator,4,FTP-Patator,0.9130199551582336,0.32767990231513977,0.03347756341099739,0.019945181906223297,False,LOW,DEEP_ANALYSIS,CNN-BiLSTM,BENIGN,0.9869686961174011,BENIGN,0.9983499050140381,FTP-Patator,0.9130199551582336,True,False,ACTIVE,False,False
809,EXTERNAL_NPZ_SEQUENCE,ids_5_attacks_1000_sequences.npz,808,29383,2026-09-29T07:33:40.435203+00:00,4,,,SEQ-F9F76064346F,,4,FTP-Patator,4,FTP-Patator,0.858299195766449,0.5115339159965515,0.03612012416124344,0.031096799299120903,False,MEDIUM,DEEP_ANALYSIS,CNN-BiLSTM,BENIGN,0.9951786994934082,FTP-Patator,0.6824896931648254,FTP-Patator,0.858299195766449,True,False,ACTIVE,False,False
810,EXTERNAL_NPZ_SEQUENCE,ids_5_attacks_1000_sequences.npz,809,29386,2026-09-29T07:33:40.435203+00:00,5,,,SEQ-9E748D47DFCE,,4,FTP-Patator,4,FTP-Patator,1.0,,0.031059522181749344,0.03494567051529884,False,HIGH,FAST_ATTACK_PATH,Random Forest,FTP-Patator,1.0,BENIGN,0.998445451259613,FTP-Patator,0.5896424651145935,True,False,ACTIVE,False,False
811,EXTERNAL_NPZ_SEQUENCE,ids_5_attacks_1000_sequences.npz,810,29387,2026-09-29T07:33:40.435203+00:00,1,,,SEQ-D495CD70E6CB,,4,FTP-Patator,4,FTP-Patator,0.9409581422805786,0.5230559706687927,0.02263600192964077,0.02088223770260811,False,MEDIUM,DEEP_ANALYSIS,CNN-BiLSTM,BENIGN,1.0,FTP-Patator,0.6344174742698669,FTP-Patator,0.9409581422805786,True,False,ACTIVE,False,False
812,EXTERNAL_NPZ_SEQUENCE,ids_5_attacks_1000_sequences.npz,811,29388,2026-09-29T07:33:40.435203+00:00,2,,,SEQ-9B249B1A0BC8,,4,FTP-Patator,0,BENIGN,0.9983639121055603,0.1402294784784317,0.02819156087934971,0.01848469488322735,False,NORMAL,DEEP_ANALYSIS,FedProx70 MLP,BENIGN,0.9753803014755249,BENIGN,0.9983639121055603,BENIGN,0.6268972158432007,False,False,ACTIVE,False,False
813,EXTERNAL_NPZ_SEQUENCE,ids_5_attacks_1000_sequences.npz,812,29393,2026-09-29T07:33:40.435203+00:00,3,,,SEQ-3E4F66F855D2,,4,FTP-Patator,4,FTP-Patator,0.713036298751831,0.2651491165161133,0.09226364642381668,0.054968614131212234,False,LOW,DEEP_ANALYSIS,CNN-BiLSTM,BENIGN,0.9919686913490295,BENIGN,0.9995312690734863,FTP-Patator,0.713036298751831,True,False,ACTIVE,False,False
814,EXTERNAL_NPZ_SEQUENCE,ids_5_attacks_1000_sequences.npz,813,29395,2026-09-29T07:33:40.435203+00:00,4,,,SEQ-EEB67320BE82,,4,FTP-Patator,4,FTP-Patator,0.8873607516288757,0.5094518065452576,0.03606086224317551,0.031045779585838318,False,MEDIUM,DEEP_ANALYSIS,CNN-BiLSTM,BENIGN,0.9951786994934082,FTP-Patator,0.6416738033294678,FTP-Patator,0.8873607516288757,True,False,ACTIVE,False,False
815,EXTERNAL_NPZ_SEQUENCE,ids_5_attacks_1000_sequences.npz,814,29404,2026-09-29T07:33:40.435203+00:00,5,,,SEQ-5A1A9D622C0E,,4,FTP-Patator,4,FTP-Patator,1.0,,0.0434076227247715,0.04883876070380211,False,HIGH,FAST_ATTACK_PATH,Random Forest,FTP-Patator,1.0,FTP-Patator,0.6951188445091248,FTP-Patator,0.9028603434562683,True,False,ACTIVE,False,False
816,EXTERNAL_NPZ_SEQUENCE,ids_5_attacks_1000_sequences.npz,815,29414,2026-09-29T07:33:40.435203+00:00,1,,,SEQ-434FB05421C4,,4,FTP-Patator,0,BENIGN,0.9995986819267273,0.03733622655272484,0.08359381556510925,0.07711724191904068,False,NORMAL,DEEP_ANALYSIS,FedProx70 MLP,BENIGN,0.9550060629844666,BENIGN,0.9995986819267273,BENIGN,0.9552057981491089,False,False,ACTIVE,False,False
817,EXTERNAL_NPZ_SEQUENCE,ids_5_attacks_1000_sequences.npz,816,29438,2026-09-29T07:33:40.435203+00:00,2,,,SEQ-D80A58FA018E,,4,FTP-Patator,4,FTP-Patator,0.8960071802139282,0.5216633677482605,0.03277898579835892,0.02149258740246296,False,MEDIUM,DEEP_ANALYSIS,CNN-BiLSTM,BENIGN,0.9961729645729065,FTP-Patator,0.6745953559875488,FTP-Patator,0.8960071802139282,True,False,ACTIVE,False,False
818,EXTERNAL_NPZ_SEQUENCE,ids_5_attacks_1000_sequences.npz,817,29448,2026-09-29T07:33:40.435203+00:00,3,,,SEQ-A2D1FEEF297C,,4,FTP-Patator,0,BENIGN,0.9984245300292969,0.1427738517522812,0.033453162759542465,0.0199306458234787,False,NORMAL,DEEP_ANALYSIS,FedProx70 MLP,BENIGN,0.9869686961174011,BENIGN,0.9984245300292969,BENIGN,0.6152086853981018,False,False,ACTIVE,False,False
819,EXTERNAL_NPZ_SEQUENCE,ids_5_attacks_1000_sequences.npz,818,29450,2026-09-29T07:33:40.435203+00:00,4,,,SEQ-47E54E49FB2F,,4,FTP-Patator,4,FTP-Patator,0.9055567979812622,0.5283345580101013,0.03618263825774193,0.031150618568062782,False,MEDIUM,DEEP_ANALYSIS,CNN-BiLSTM,BENIGN,0.9951786994934082,FTP-Patator,0.6833266615867615,FTP-Patator,0.9055567979812622,True,False,ACTIVE,False,False
820,EXTERNAL_NPZ_SEQUENCE,ids_5_attacks_1000_sequences.npz,819,29455,2026-09-29T07:33:40.435203+00:00,5,,,SEQ-1D25C1E511E8,,4,FTP-Patator,4,FTP-Patator,1.0,,0.031056469306349754,0.03494223579764366,False,HIGH,FAST_ATTACK_PATH,Random Forest,FTP-Patator,1.0,BENIGN,0.9983820915222168,BENIGN,0.9128429889678955,True,False,ACTIVE,False,False
821,EXTERNAL_NPZ_SEQUENCE,ids_5_attacks_1000_sequences.npz,820,29458,2026-09-29T07:33:40.435203+00:00,1,,,SEQ-806CEBF5501E,,4,FTP-Patator,4,FTP-Patator,0.9059809446334839,0.5177807807922363,0.022155560553073883,0.020439019426703453,False,MEDIUM,DEEP_ANALYSIS,CNN-BiLSTM,BENIGN,1.0,FTP-Patator,0.6578805446624756,FTP-Patator,0.9059809446334839,True,False,ACTIVE,False,False
822,EXTERNAL_NPZ_SEQUENCE,ids_5_attacks_1000_sequences.npz,821,29468,2026-09-29T07:33:40.435203+00:00,2,,,SEQ-50480FD90277,,4,FTP-Patator,4,FTP-Patator,0.61268550157547,0.32694756984710693,0.03275318443775177,0.021475668996572495,False,LOW,DEEP_ANALYSIS,FedProx70 MLP,BENIGN,1.0,FTP-Patator,0.61268550157547,BENIGN,0.6050602197647095,True,False,ACTIVE,False,False
823,EXTERNAL_NPZ_SEQUENCE,ids_5_attacks_1000_sequences.npz,822,29471,2026-09-29T07:33:40.435203+00:00,3,,,SEQ-9261AF729FD3,,4,FTP-Patator,0,BENIGN,0.9983600974082947,0.028951605781912804,0.03347315639257431,0.01994255743920803,False,NORMAL,DEEP_ANALYSIS,FedProx70 MLP,BENIGN,0.9869686961174011,BENIGN,0.9983600974082947,BENIGN,0.9404788613319397,False,False,ACTIVE,False,False
824,EXTERNAL_NPZ_SEQUENCE,ids_5_attacks_1000_sequences.npz,823,29482,2026-09-29T07:33:40.435203+00:00,4,,,SEQ-ABA134765CCB,,4,FTP-Patator,0,BENIGN,1.0,0.021973568946123123,0.032648127526044846,0.028107663616538048,False,NORMAL,DEEP_ANALYSIS,Random Forest,BENIGN,1.0,BENIGN,0.9983540773391724,BENIGN,0.9526212215423584,False,False,ACTIVE,False,False
825,EXTERNAL_NPZ_SEQUENCE,ids_5_attacks_1000_sequences.npz,824,29484,2026-09-29T07:33:40.435203+00:00,5,,,SEQ-A0E949FC973D,,4,FTP-Patator,4,FTP-Patator,0.9639207124710083,,0.08264241367578506,0.09298259019851685,False,HIGH,FAST_ATTACK_PATH,Random Forest,FTP-Patator,0.9639207124710083,BENIGN,0.9995986819267273,BENIGN,0.9768171906471252,True,False,ACTIVE,False,False
826,EXTERNAL_NPZ_SEQUENCE,ids_5_attacks_1000_sequences.npz,825,29519,2026-09-29T07:33:40.435203+00:00,1,,,SEQ-EC4222909A90,,4,FTP-Patator,4,FTP-Patator,0.8016453981399536,0.48345011472702026,0.021729158237576485,0.020045652985572815,False,MEDIUM,DEEP_ANALYSIS,CNN-BiLSTM,BENIGN,1.0,FTP-Patator,0.665382981300354,FTP-Patator,0.8016453981399536,True,False,ACTIVE,False,False
827,EXTERNAL_NPZ_SEQUENCE,ids_5_attacks_1000_sequences.npz,826,29535,2026-09-29T07:33:40.435203+00:00,2,,,SEQ-F7DC568FAB5E,,4,FTP-Patator,4,FTP-Patator,0.8781894445419312,0.5197946429252625,0.03256353363394737,0.021351318806409836,False,MEDIUM,DEEP_ANALYSIS,CNN-BiLSTM,BENIGN,0.9961729645729065,FTP-Patator,0.6892611980438232,FTP-Patator,0.8781894445419312,True,False,ACTIVE,False,False
828,EXTERNAL_NPZ_SEQUENCE,ids_5_attacks_1000_sequences.npz,827,29540,2026-09-29T07:33:40.435203+00:00,3,,,SEQ-09AEAA281F76,,4,FTP-Patator,0,BENIGN,0.9983371496200562,0.034603629261255264,0.0334833525121212,0.019948631525039673,False,NORMAL,DEEP_ANALYSIS,FedProx70 MLP,BENIGN,0.9869686961174011,BENIGN,0.9983371496200562,BENIGN,0.9243542551994324,False,False,ACTIVE,False,False
829,EXTERNAL_NPZ_SEQUENCE,ids_5_attacks_1000_sequences.npz,828,29547,2026-09-29T07:33:40.435203+00:00,4,,,SEQ-D718E023D5A0,,4,FTP-Patator,0,BENIGN,1.0,0.008885324001312256,0.03264002129435539,0.02810068428516388,False,NORMAL,DEEP_ANALYSIS,Random Forest,BENIGN,1.0,BENIGN,0.9984219074249268,BENIGN,0.9899545907974243,False,False,ACTIVE,False,False
830,EXTERNAL_NPZ_SEQUENCE,ids_5_attacks_1000_sequences.npz,829,29567,2026-09-29T07:33:40.435203+00:00,5,,,SEQ-2B4AC87AA925,,4,FTP-Patator,4,FTP-Patator,1.0,,0.03105066530406475,0.03493570536375046,False,HIGH,FAST_ATTACK_PATH,Random Forest,FTP-Patator,1.0,BENIGN,0.998410701751709,BENIGN,0.9973662495613098,True,False,ACTIVE,False,False
831,EXTERNAL_NPZ_SEQUENCE,ids_5_attacks_1000_sequences.npz,830,29568,2026-09-29T07:33:40.435203+00:00,1,,,SEQ-F9D92AF62A4D,,4,FTP-Patator,4,FTP-Patator,0.9192878007888794,0.5266417264938354,0.02209732122719288,0.020385293290019035,False,MEDIUM,DEEP_ANALYSIS,CNN-BiLSTM,BENIGN,1.0,FTP-Patator,0.6719212532043457,FTP-Patator,0.9192878007888794,True,False,ACTIVE,False,False
832,EXTERNAL_NPZ_SEQUENCE,ids_5_attacks_1000_sequences.npz,831,29590,2026-09-29T07:33:40.435203+00:00,2,,,SEQ-EBC4D62F0D11,,4,FTP-Patator,4,FTP-Patator,0.6866263747215271,0.3596775233745575,0.032641250640153885,0.021402277052402496,False,LOW,DEEP_ANALYSIS,FedProx70 MLP,BENIGN,0.9961729645729065,FTP-Patator,0.6866263747215271,BENIGN,0.5770629048347473,True,False,ACTIVE,False,False
833,EXTERNAL_NPZ_SEQUENCE,ids_5_attacks_1000_sequences.npz,832,29601,2026-09-29T07:33:40.435203+00:00,3,,,SEQ-2711AA60F789,,4,FTP-Patator,4,FTP-Patator,0.6799348592758179,0.29095014929771423,0.05267203971743584,0.03138082101941109,False,LOW,DEEP_ANALYSIS,FedProx70 MLP,BENIGN,1.0,FTP-Patator,0.6799348592758179,BENIGN,0.7740888595581055,True,False,ACTIVE,False,False
834,EXTERNAL_NPZ_SEQUENCE,ids_5_attacks_1000_sequences.npz,833,29623,2026-09-29T07:33:40.435203+00:00,4,,,SEQ-0AC8B220E737,,4,FTP-Patator,0,BENIGN,1.0,0.01244268100708723,0.08083025366067886,0.06958897411823273,False,NORMAL,DEEP_ANALYSIS,Random Forest,BENIGN,1.0,BENIGN,0.9995986819267273,BENIGN,0.9994350075721741,False,False,ACTIVE,False,False
835,EXTERNAL_NPZ_SEQUENCE,ids_5_attacks_1000_sequences.npz,834,29634,2026-09-29T07:33:40.435203+00:00,5,,,SEQ-584B213891DE,,4,FTP-Patator,4,FTP-Patator,1.0,,0.031054366379976273,0.03493987023830414,False,HIGH,FAST_ATTACK_PATH,Random Forest,FTP-Patator,1.0,BENIGN,0.9983890056610107,BENIGN,0.9507086277008057,True,False,ACTIVE,False,False
836,EXTERNAL_NPZ_SEQUENCE,ids_5_attacks_1000_sequences.npz,835,29640,2026-09-29T07:33:40.435203+00:00,1,,,SEQ-45602B65D394,,4,FTP-Patator,0,BENIGN,0.9983890056610107,0.020239904522895813,0.033116117119789124,0.030550386756658554,False,NORMAL,DEEP_ANALYSIS,FedProx70 MLP,BENIGN,0.929018497467041,BENIGN,0.9983890056610107,BENIGN,0.9983060359954834,False,False,ACTIVE,False,False
837,EXTERNAL_NPZ_SEQUENCE,ids_5_attacks_1000_sequences.npz,836,29645,2026-09-29T07:33:40.435203+00:00,2,,,SEQ-CFEA902B2E00,,4,FTP-Patator,4,FTP-Patator,0.8105616569519043,0.47288039326667786,0.03300923854112625,0.021643560379743576,False,MEDIUM,DEEP_ANALYSIS,CNN-BiLSTM,BENIGN,0.9961729645729065,FTP-Patator,0.6115567088127136,FTP-Patator,0.8105616569519043,True,False,ACTIVE,False,False
838,EXTERNAL_NPZ_SEQUENCE,ids_5_attacks_1000_sequences.npz,837,29649,2026-09-29T07:33:40.435203+00:00,3,,,SEQ-717C8ABB361B,,4,FTP-Patator,4,FTP-Patator,0.6416336297988892,0.3061160445213318,0.05307156965136528,0.03161885216832161,False,LOW,DEEP_ANALYSIS,FedProx70 MLP,BENIGN,1.0,FTP-Patator,0.6416336297988892,BENIGN,0.6980993747711182,True,False,ACTIVE,False,False
839,EXTERNAL_NPZ_SEQUENCE,ids_5_attacks_1000_sequences.npz,838,29669,2026-09-29T07:33:40.435203+00:00,4,,,SEQ-47B761484827,,4,FTP-Patator,4,FTP-Patator,0.7482081651687622,0.4524642527103424,0.036321479827165604,0.03127015382051468,False,MEDIUM,DEEP_ANALYSIS,CNN-BiLSTM,BENIGN,0.9951786994934082,FTP-Patator,0.6139296889305115,FTP-Patator,0.7482081651687622,True,False,ACTIVE,False,False
840,EXTERNAL_NPZ_SEQUENCE,ids_5_attacks_1000_sequences.npz,839,29674,2026-09-29T07:33:40.435203+00:00,5,,,SEQ-18087A903BF5,,4,FTP-Patator,4,FTP-Patator,1.0,,0.04299161583185196,0.04837070032954216,False,HIGH,FAST_ATTACK_PATH,Random Forest,FTP-Patator,1.0,FTP-Patator,0.6863712072372437,FTP-Patator,0.7399459481239319,True,False,ACTIVE,False,False
841,EXTERNAL_NPZ_SEQUENCE,ids_5_attacks_1000_sequences.npz,840,29682,2026-09-29T07:33:40.435203+00:00,1,,,SEQ-2487A3F49EBA,,4,FTP-Patator,0,BENIGN,0.9983750581741333,0.04938031733036041,0.033134251832962036,0.030567117035388947,False,NORMAL,DEEP_ANALYSIS,FedProx70 MLP,BENIGN,0.929018497467041,BENIGN,0.9983750581741333,BENIGN,0.9150674343109131,False,False,ACTIVE,False,False
842,EXTERNAL_NPZ_SEQUENCE,ids_5_attacks_1000_sequences.npz,841,29688,2026-09-29T07:33:40.435203+00:00,2,,,SEQ-0BEA90EC76CE,,4,FTP-Patator,0,BENIGN,0.998417854309082,0.010349043644964695,0.028334373608231544,0.018578335642814636,False,NORMAL,DEEP_ANALYSIS,FedProx70 MLP,BENIGN,0.9753803014755249,BENIGN,0.998417854309082,BENIGN,0.9979991316795349,False,False,ACTIVE,False,False
843,EXTERNAL_NPZ_SEQUENCE,ids_5_attacks_1000_sequences.npz,842,29694,2026-09-29T07:33:40.435203+00:00,3,,,SEQ-45822A9EF4C8,,4,FTP-Patator,4,FTP-Patator,0.9199782013893127,0.5302003622055054,0.05278211086988449,0.03144640102982521,False,MEDIUM,DEEP_ANALYSIS,CNN-BiLSTM,BENIGN,1.0,FTP-Patator,0.667635440826416,FTP-Patator,0.9199782013893127,True,False,ACTIVE,False,False
844,EXTERNAL_NPZ_SEQUENCE,ids_5_attacks_1000_sequences.npz,843,29699,2026-09-29T07:33:40.435203+00:00,4,,,SEQ-920BFB366F1E,,4,FTP-Patator,4,FTP-Patator,0.8600899577140808,0.5084233283996582,0.03613998740911484,0.03111390210688114,False,MEDIUM,DEEP_ANALYSIS,CNN-BiLSTM,BENIGN,0.9951786994934082,FTP-Patator,0.6700220704078674,FTP-Patator,0.8600899577140808,True,False,ACTIVE,False,False
845,EXTERNAL_NPZ_SEQUENCE,ids_5_attacks_1000_sequences.npz,844,29701,2026-09-29T07:33:40.435203+00:00,5,,,SEQ-BD41A158B585,,4,FTP-Patator,4,FTP-Patator,0.9794067144393921,,0.06410565227270126,0.07212651520967484,False,HIGH,FAST_ATTACK_PATH,Random Forest,FTP-Patator,0.9794067144393921,BENIGN,0.9995312690734863,BENIGN,0.875342071056366,True,False,ACTIVE,False,False
846,EXTERNAL_NPZ_SEQUENCE,ids_5_attacks_1000_sequences.npz,845,29707,2026-09-29T07:33:40.435203+00:00,1,,,SEQ-F68533394936,,4,FTP-Patator,4,FTP-Patator,0.6649674773216248,0.34711772203445435,0.02224445715546608,0.020521027967333794,False,LOW,DEEP_ANALYSIS,FedProx70 MLP,BENIGN,1.0,FTP-Patator,0.6649674773216248,BENIGN,0.5877406001091003,True,False,ACTIVE,False,False
847,EXTERNAL_NPZ_SEQUENCE,ids_5_attacks_1000_sequences.npz,846,29735,2026-09-29T07:33:40.435203+00:00,2,,,SEQ-A9BCB8A0104F,,4,FTP-Patator,4,FTP-Patator,0.5690843462944031,0.2120230346918106,0.058154184371232986,0.03813064470887184,False,LOW,DEEP_ANALYSIS,CNN-BiLSTM,BENIGN,0.9800000190734863,BENIGN,0.9995986819267273,FTP-Patator,0.5690843462944031,True,False,ACTIVE,False,False
848,EXTERNAL_NPZ_SEQUENCE,ids_5_attacks_1000_sequences.npz,847,29743,2026-09-29T07:33:40.435203+00:00,3,,,SEQ-D761E6FEF1C8,,4,FTP-Patator,4,FTP-Patator,0.69986891746521,0.45383164286613464,0.052531708031892776,0.031297214329242706,False,MEDIUM,DEEP_ANALYSIS,CNN-BiLSTM,BENIGN,1.0,FTP-Patator,0.6699925065040588,FTP-Patator,0.69986891746521,True,False,ACTIVE,False,False
849,EXTERNAL_NPZ_SEQUENCE,ids_5_attacks_1000_sequences.npz,848,29747,2026-09-29T07:33:40.435203+00:00,4,,,SEQ-B3E689E3067E,,4,FTP-Patator,0,BENIGN,1.0,0.15819934010505676,0.06974652409553528,0.06004668399691582,False,NORMAL,DEEP_ANALYSIS,Random Forest,BENIGN,1.0,BENIGN,0.9995312690734863,BENIGN,0.5782950520515442,False,False,ACTIVE,False,False
850,EXTERNAL_NPZ_SEQUENCE,ids_5_attacks_1000_sequences.npz,849,29748,2026-09-29T07:33:40.435203+00:00,5,,,SEQ-585B1794282C,,4,FTP-Patator,4,FTP-Patator,1.0,,0.044362861663103104,0.04991351440548897,False,HIGH,FAST_ATTACK_PATH,Random Forest,FTP-Patator,1.0,FTP-Patator,0.6691914796829224,FTP-Patator,0.9124060869216919,True,False,ACTIVE,False,False
851,EXTERNAL_NPZ_SEQUENCE,ids_5_attacks_1000_sequences.npz,850,29749,2026-09-29T07:33:40.435203+00:00,1,,,SEQ-84572AA4505D,,4,FTP-Patator,4,FTP-Patator,0.8035780191421509,0.48639175295829773,0.022175438702106476,0.020457357168197632,False,MEDIUM,DEEP_ANALYSIS,CNN-BiLSTM,BENIGN,1.0,FTP-Patator,0.6727103590965271,FTP-Patator,0.8035780191421509,True,False,ACTIVE,False,False
852,EXTERNAL_NPZ_SEQUENCE,ids_5_attacks_1000_sequences.npz,851,29750,2026-09-29T07:33:40.435203+00:00,2,,,SEQ-79B379B220E5,,4,FTP-Patator,4,FTP-Patator,0.8612158894538879,0.5028548836708069,0.03280448168516159,0.021509304642677307,False,MEDIUM,DEEP_ANALYSIS,CNN-BiLSTM,BENIGN,0.9961729645729065,FTP-Patator,0.6524775624275208,FTP-Patator,0.8612158894538879,True,False,ACTIVE,False,False
853,EXTERNAL_NPZ_SEQUENCE,ids_5_attacks_1000_sequences.npz,852,29762,2026-09-29T07:33:40.435203+00:00,3,,,SEQ-89FC99F5F16B,,4,FTP-Patator,4,FTP-Patator,0.8813726902008057,0.5112210512161255,0.0531209334731102,0.031648263335227966,False,MEDIUM,DEEP_ANALYSIS,CNN-BiLSTM,BENIGN,1.0,FTP-Patator,0.6492416262626648,FTP-Patator,0.8813726902008057,True,False,ACTIVE,False,False
854,EXTERNAL_NPZ_SEQUENCE,ids_5_attacks_1000_sequences.npz,853,29778,2026-09-29T07:33:40.435203+00:00,4,,,SEQ-86AAA0060791,,4,FTP-Patator,4,FTP-Patator,0.8987218737602234,0.517340362071991,0.03598308190703392,0.030978817492723465,False,MEDIUM,DEEP_ANALYSIS,CNN-BiLSTM,BENIGN,0.9951786994934082,FTP-Patator,0.6547533273696899,FTP-Patator,0.8987218737602234,True,False,ACTIVE,False,False
855,EXTERNAL_NPZ_SEQUENCE,ids_5_attacks_1000_sequences.npz,854,29791,2026-09-29T07:33:40.435203+00:00,5,,,SEQ-56D3DB9CDC56,,4,FTP-Patator,4,FTP-Patator,1.0,,0.03105521947145462,0.03494083136320114,False,HIGH,FAST_ATTACK_PATH,Random Forest,FTP-Patator,1.0,BENIGN,0.9984310269355774,BENIGN,0.9613098502159119,True,False,ACTIVE,False,False
856,EXTERNAL_NPZ_SEQUENCE,ids_5_attacks_1000_sequences.npz,855,29792,2026-09-29T07:33:40.435203+00:00,1,,,SEQ-5B115151E348,,4,FTP-Patator,0,BENIGN,0.9983657002449036,0.1562553197145462,0.0331466943025589,0.030578596517443657,False,NORMAL,DEEP_ANALYSIS,FedProx70 MLP,BENIGN,0.9240185022354126,BENIGN,0.9983657002449036,BENIGN,0.6125807762145996,False,False,ACTIVE,False,False
857,EXTERNAL_NPZ_SEQUENCE,ids_5_attacks_1000_sequences.npz,856,29804,2026-09-29T07:33:40.435203+00:00,2,,,SEQ-9620E2F04D8C,,4,FTP-Patator,4,FTP-Patator,0.928283154964447,0.5229564905166626,0.03285476565361023,0.021542275324463844,False,MEDIUM,DEEP_ANALYSIS,CNN-BiLSTM,BENIGN,0.9961729645729065,FTP-Patator,0.6412123441696167,FTP-Patator,0.928283154964447,True,False,ACTIVE,False,False
858,EXTERNAL_NPZ_SEQUENCE,ids_5_attacks_1000_sequences.npz,857,29839,2026-09-29T07:33:40.435203+00:00,3,,,SEQ-549500D85E0D,,4,FTP-Patator,4,FTP-Patator,0.654827356338501,0.42756199836730957,0.05293535068631172,0.03153769671916962,False,MEDIUM,DEEP_ANALYSIS,FedProx70 MLP,BENIGN,1.0,FTP-Patator,0.654827356338501,FTP-Patator,0.637638509273529,True,False,ACTIVE,False,False
859,EXTERNAL_NPZ_SEQUENCE,ids_5_attacks_1000_sequences.npz,858,29850,2026-09-29T07:33:40.435203+00:00,4,,,SEQ-D6A8A26EADC8,,4,FTP-Patator,0,BENIGN,1.0,0.04228200018405914,0.03344767913222313,0.028796017169952393,False,NORMAL,DEEP_ANALYSIS,Random Forest,BENIGN,1.0,BENIGN,0.9985809326171875,BENIGN,0.8947453498840332,False,False,ACTIVE,False,False
860,EXTERNAL_NPZ_SEQUENCE,ids_5_attacks_1000_sequences.npz,859,29860,2026-09-29T07:33:40.435203+00:00,5,,,SEQ-56FEB59ACAC9,,4,FTP-Patator,4,FTP-Patator,1.0,,0.044723089784383774,0.05031881853938103,False,HIGH,FAST_ATTACK_PATH,Random Forest,FTP-Patator,1.0,FTP-Patator,0.6319757699966431,FTP-Patator,0.5978688597679138,True,False,ACTIVE,False,False
861,EXTERNAL_NPZ_SEQUENCE,ids_5_attacks_1000_sequences.npz,860,29866,2026-09-29T07:33:40.435203+00:00,1,,,SEQ-664F6025D614,,4,FTP-Patator,0,BENIGN,0.9983787536621094,0.09350336343050003,0.03312954306602478,0.03056277520954609,False,NORMAL,DEEP_ANALYSIS,FedProx70 MLP,BENIGN,0.929018497467041,BENIGN,0.9983787536621094,BENIGN,0.7889963984489441,False,False,ACTIVE,False,False
862,EXTERNAL_NPZ_SEQUENCE,ids_5_attacks_1000_sequences.npz,861,29870,2026-09-29T07:33:40.435203+00:00,2,,,SEQ-104578FDAA0B,,4,FTP-Patator,0,BENIGN,0.9983890056610107,0.01315680518746376,0.02825695462524891,0.018527572974562645,False,NORMAL,DEEP_ANALYSIS,FedProx70 MLP,BENIGN,0.9792075157165527,BENIGN,0.9983890056610107,BENIGN,0.9877815246582031,False,False,ACTIVE,False,False
863,EXTERNAL_NPZ_SEQUENCE,ids_5_attacks_1000_sequences.npz,862,29871,2026-09-29T07:33:40.435203+00:00,3,,,SEQ-3B40F9E41FB1,,4,FTP-Patator,4,FTP-Patator,0.9235305190086365,0.5357804298400879,0.05321510136127472,0.0317043662071228,False,MEDIUM,DEEP_ANALYSIS,CNN-BiLSTM,BENIGN,1.0,FTP-Patator,0.6818749308586121,FTP-Patator,0.9235305190086365,True,False,ACTIVE,False,False
864,EXTERNAL_NPZ_SEQUENCE,ids_5_attacks_1000_sequences.npz,863,29903,2026-09-29T07:33:40.435203+00:00,4,,,SEQ-8C0CF4DF92D3,,4,FTP-Patator,0,BENIGN,1.0,0.025639411062002182,0.08083025366067886,0.06958897411823273,False,NORMAL,DEEP_ANALYSIS,Random Forest,BENIGN,1.0,BENIGN,0.9995986819267273,BENIGN,0.9617300629615784,False,False,ACTIVE,False,False
865,EXTERNAL_NPZ_SEQUENCE,ids_5_attacks_1000_sequences.npz,864,29908,2026-09-29T07:33:40.435203+00:00,5,,,SEQ-C9F297908C64,,4,FTP-Patator,4,FTP-Patator,0.9639207124710083,,0.08264241367578506,0.09298259019851685,False,HIGH,FAST_ATTACK_PATH,Random Forest,FTP-Patator,0.9639207124710083,BENIGN,0.9995986819267273,BENIGN,0.7932887673377991,True,False,ACTIVE,False,False
866,EXTERNAL_NPZ_SEQUENCE,ids_5_attacks_1000_sequences.npz,865,29940,2026-09-29T07:33:40.435203+00:00,1,,,SEQ-A1BFE614B7E9,,4,FTP-Patator,4,FTP-Patator,0.9216064810752869,0.5200669169425964,0.022395381703972816,0.020660260692238808,False,MEDIUM,DEEP_ANALYSIS,CNN-BiLSTM,BENIGN,1.0,FTP-Patator,0.6471510529518127,FTP-Patator,0.9216064810752869,True,False,ACTIVE,False,False
867,EXTERNAL_NPZ_SEQUENCE,ids_5_attacks_1000_sequences.npz,866,29952,2026-09-29T07:33:40.435203+00:00,2,,,SEQ-E6038026BFCA,,4,FTP-Patator,0,BENIGN,0.99837327003479,0.07957743853330612,0.028217075392603874,0.01850142516195774,False,NORMAL,DEEP_ANALYSIS,FedProx70 MLP,BENIGN,0.9792075157165527,BENIGN,0.99837327003479,BENIGN,0.798004686832428,False,False,ACTIVE,False,False
868,EXTERNAL_NPZ_SEQUENCE,ids_5_attacks_1000_sequences.npz,867,29956,2026-09-29T07:33:40.435203+00:00,3,,,SEQ-EF7ED07ADA6F,,4,FTP-Patator,0,BENIGN,0.99837327003479,0.0110649224370718,0.03346788138151169,0.01993941329419613,False,NORMAL,DEEP_ANALYSIS,FedProx70 MLP,BENIGN,0.9869686961174011,BENIGN,0.99837327003479,BENIGN,0.9915701150894165,False,False,ACTIVE,False,False
869,EXTERNAL_NPZ_SEQUENCE,ids_5_attacks_1000_sequences.npz,868,30013,2026-09-29T07:33:40.435203+00:00,4,,,SEQ-BA6C377E7828,,4,FTP-Patator,0,BENIGN,1.0,0.013567447662353516,0.03264020010828972,0.028100838884711266,False,NORMAL,DEEP_ANALYSIS,Random Forest,BENIGN,1.0,BENIGN,0.9984272718429565,BENIGN,0.976572573184967,False,False,ACTIVE,False,False
870,EXTERNAL_NPZ_SEQUENCE,ids_5_attacks_1000_sequences.npz,869,30025,2026-09-29T07:33:40.435203+00:00,5,,,SEQ-7A5751AAC84F,,4,FTP-Patator,4,FTP-Patator,1.0,,0.04455549642443657,0.05013025552034378,False,HIGH,FAST_ATTACK_PATH,Random Forest,FTP-Patator,1.0,FTP-Patator,0.6555033922195435,FTP-Patator,0.6253664493560791,True,False,ACTIVE,False,False
871,EXTERNAL_NPZ_SEQUENCE,ids_5_attacks_1000_sequences.npz,870,30038,2026-09-29T07:33:40.435203+00:00,1,,,SEQ-3703D099B122,,4,FTP-Patator,4,FTP-Patator,0.9221845865249634,0.5035778284072876,0.022771377116441727,0.021007124334573746,False,MEDIUM,DEEP_ANALYSIS,CNN-BiLSTM,BENIGN,1.0,FTP-Patator,0.591325044631958,FTP-Patator,0.9221845865249634,True,False,ACTIVE,False,False
872,EXTERNAL_NPZ_SEQUENCE,ids_5_attacks_1000_sequences.npz,871,30045,2026-09-29T07:33:40.435203+00:00,2,,,SEQ-2BA39CDEB756,,4,FTP-Patator,4,FTP-Patator,0.6654535531997681,0.3581632077693939,0.032774798572063446,0.021489841863512993,False,LOW,DEEP_ANALYSIS,FedProx70 MLP,BENIGN,0.9961729645729065,FTP-Patator,0.6654535531997681,BENIGN,0.5632985830307007,True,False,ACTIVE,False,False
873,EXTERNAL_NPZ_SEQUENCE,ids_5_attacks_1000_sequences.npz,872,30048,2026-09-29T07:33:40.435203+00:00,3,,,SEQ-594472D0B59D,,4,FTP-Patator,4,FTP-Patator,0.7849719524383545,0.4574940800666809,0.05322766676545143,0.03171185031533241,False,MEDIUM,DEEP_ANALYSIS,CNN-BiLSTM,BENIGN,1.0,FTP-Patator,0.5825657844543457,FTP-Patator,0.7849719524383545,True,False,ACTIVE,False,False
874,EXTERNAL_NPZ_SEQUENCE,ids_5_attacks_1000_sequences.npz,873,30051,2026-09-29T07:33:40.435203+00:00,4,,,SEQ-4A98D30F2CA2,,4,FTP-Patator,0,BENIGN,1.0,0.0062890490517020226,0.03264196217060089,0.02810235694050789,False,NORMAL,DEEP_ANALYSIS,Random Forest,BENIGN,1.0,BENIGN,0.9983855485916138,BENIGN,0.9974045157432556,False,False,ACTIVE,False,False
875,EXTERNAL_NPZ_SEQUENCE,ids_5_attacks_1000_sequences.npz,874,30057,2026-09-29T07:33:40.435203+00:00,5,,,SEQ-8D5B7FD4BB43,,4,FTP-Patator,4,FTP-Patator,1.0,,0.04417632147669792,0.04970363900065422,False,HIGH,FAST_ATTACK_PATH,Random Forest,FTP-Patator,1.0,FTP-Patator,0.674440860748291,FTP-Patator,0.777233898639679,True,False,ACTIVE,False,False
876,EXTERNAL_NPZ_SEQUENCE,ids_5_attacks_1000_sequences.npz,875,30086,2026-09-29T07:33:40.435203+00:00,1,,,SEQ-21818846D042,,4,FTP-Patator,4,FTP-Patator,0.9403542876243591,0.5327542424201965,0.02211950719356537,0.020405760034918785,False,MEDIUM,DEEP_ANALYSIS,CNN-BiLSTM,BENIGN,1.0,FTP-Patator,0.667707622051239,FTP-Patator,0.9403542876243591,True,False,ACTIVE,False,False
877,EXTERNAL_NPZ_SEQUENCE,ids_5_attacks_1000_sequences.npz,876,30088,2026-09-29T07:33:40.435203+00:00,2,,,SEQ-6FBF99CC3894,,4,FTP-Patator,0,BENIGN,0.99837327003479,0.015053070150315762,0.028217041864991188,0.01850140281021595,False,NORMAL,DEEP_ANALYSIS,FedProx70 MLP,BENIGN,0.9792075157165527,BENIGN,0.99837327003479,BENIGN,0.9823600053787231,False,False,ACTIVE,False,False
878,EXTERNAL_NPZ_SEQUENCE,ids_5_attacks_1000_sequences.npz,877,30096,2026-09-29T07:33:40.435203+00:00,3,,,SEQ-6262979CF68F,,4,FTP-Patator,4,FTP-Patator,0.7379416823387146,0.4705321788787842,0.05275094136595726,0.03142783045768738,False,MEDIUM,DEEP_ANALYSIS,CNN-BiLSTM,BENIGN,1.0,FTP-Patator,0.6811331510543823,FTP-Patator,0.7379416823387146,True,False,ACTIVE,False,False
879,EXTERNAL_NPZ_SEQUENCE,ids_5_attacks_1000_sequences.npz,878,30098,2026-09-29T07:33:40.435203+00:00,4,,,SEQ-2D6FA10D9145,,4,FTP-Patator,0,BENIGN,1.0,0.013317721895873547,0.08083025366067886,0.06958897411823273,False,NORMAL,DEEP_ANALYSIS,Random Forest,BENIGN,1.0,BENIGN,0.9995986819267273,BENIGN,0.9969348907470703,False,False,ACTIVE,False,False
880,EXTERNAL_NPZ_SEQUENCE,ids_5_attacks_1000_sequences.npz,879,30099,2026-09-29T07:33:40.435203+00:00,5,,,SEQ-D52BA212FEDC,,4,FTP-Patator,4,FTP-Patator,1.0,,0.04464676231145859,0.050232939422130585,False,HIGH,FAST_ATTACK_PATH,Random Forest,FTP-Patator,1.0,FTP-Patator,0.641759991645813,FTP-Patator,0.7617095112800598,True,False,ACTIVE,False,False
881,EXTERNAL_NPZ_SEQUENCE,ids_5_attacks_1000_sequences.npz,880,30111,2026-09-29T07:33:40.435203+00:00,1,,,SEQ-C9D2AC38E892,,4,FTP-Patator,0,BENIGN,0.9983678460121155,0.13983213901519775,0.03314419463276863,0.03057628870010376,False,NORMAL,DEEP_ANALYSIS,FedProx70 MLP,BENIGN,0.9240185022354126,BENIGN,0.9983678460121155,BENIGN,0.6595011949539185,False,False,ACTIVE,False,False
882,EXTERNAL_NPZ_SEQUENCE,ids_5_attacks_1000_sequences.npz,881,30115,2026-09-29T07:33:40.435203+00:00,2,,,SEQ-4269B52F2D26,,4,FTP-Patator,4,FTP-Patator,0.8286596536636353,0.4792846441268921,0.032882798463106155,0.021560655906796455,False,MEDIUM,DEEP_ANALYSIS,CNN-BiLSTM,BENIGN,1.0,FTP-Patator,0.6144044399261475,FTP-Patator,0.8286596536636353,True,False,ACTIVE,False,False
883,EXTERNAL_NPZ_SEQUENCE,ids_5_attacks_1000_sequences.npz,882,30116,2026-09-29T07:33:40.435203+00:00,3,,,SEQ-4525E2866EA8,,4,FTP-Patator,4,FTP-Patator,0.9060736894607544,0.5201252698898315,0.05292949080467224,0.03153420612215996,False,MEDIUM,DEEP_ANALYSIS,CNN-BiLSTM,BENIGN,1.0,FTP-Patator,0.6502001881599426,FTP-Patator,0.9060736894607544,True,False,ACTIVE,False,False
884,EXTERNAL_NPZ_SEQUENCE,ids_5_attacks_1000_sequences.npz,883,30117,2026-09-29T07:33:40.435203+00:00,4,,,SEQ-87DC1068BA1C,,4,FTP-Patator,4,FTP-Patator,0.8665279150009155,0.30863839387893677,0.03264852240681648,0.028108004480600357,False,LOW,DEEP_ANALYSIS,CNN-BiLSTM,BENIGN,1.0,BENIGN,0.9984788298606873,FTP-Patator,0.8665279150009155,True,False,ACTIVE,False,False
885,EXTERNAL_NPZ_SEQUENCE,ids_5_attacks_1000_sequences.npz,884,30119,2026-09-29T07:33:40.435203+00:00,5,,,SEQ-2E1FB8407141,,4,FTP-Patator,4,FTP-Patator,1.0,,0.0310718584805727,0.03495955094695091,False,HIGH,FAST_ATTACK_PATH,Random Forest,FTP-Patator,1.0,BENIGN,0.9984796643257141,BENIGN,0.9588111639022827,True,False,ACTIVE,False,False
886,EXTERNAL_NPZ_SEQUENCE,ids_5_attacks_1000_sequences.npz,885,30121,2026-09-29T07:33:40.435203+00:00,1,,,SEQ-6AE9FD5D92F6,,4,FTP-Patator,4,FTP-Patator,0.908058762550354,0.3339223265647888,0.0333126075565815,0.030731655657291412,False,LOW,DEEP_ANALYSIS,CNN-BiLSTM,BENIGN,0.9466042518615723,BENIGN,0.9985809326171875,FTP-Patator,0.908058762550354,True,False,ACTIVE,False,False
887,EXTERNAL_NPZ_SEQUENCE,ids_5_attacks_1000_sequences.npz,886,30122,2026-09-29T07:33:40.435203+00:00,2,,,SEQ-8D89E693F774,,4,FTP-Patator,4,FTP-Patator,0.7761830687522888,0.280540406703949,0.02814764901995659,0.018455903977155685,False,LOW,DEEP_ANALYSIS,CNN-BiLSTM,BENIGN,0.9792075157165527,BENIGN,0.9983477592468262,FTP-Patator,0.7761830687522888,True,False,ACTIVE,False,False
888,EXTERNAL_NPZ_SEQUENCE,ids_5_attacks_1000_sequences.npz,887,30126,2026-09-29T07:33:40.435203+00:00,3,,,SEQ-907BBAA81A94,,4,FTP-Patator,4,FTP-Patator,0.9019827246665955,0.5270436406135559,0.052766334265470505,0.03143699839711189,False,MEDIUM,DEEP_ANALYSIS,CNN-BiLSTM,BENIGN,1.0,FTP-Patator,0.6781158447265625,FTP-Patator,0.9019827246665955,True,False,ACTIVE,False,False
889,EXTERNAL_NPZ_SEQUENCE,ids_5_attacks_1000_sequences.npz,888,30127,2026-09-29T07:33:40.435203+00:00,4,,,SEQ-360E22B7CF5F,,4,FTP-Patator,0,BENIGN,1.0,0.008825709111988544,0.03264004737138748,0.02810070477426052,False,NORMAL,DEEP_ANALYSIS,Random Forest,BENIGN,1.0,BENIGN,0.998410701751709,BENIGN,0.9901345372200012,False,False,ACTIVE,False,False
890,EXTERNAL_NPZ_SEQUENCE,ids_5_attacks_1000_sequences.npz,889,30137,2026-09-29T07:33:40.435203+00:00,5,,,SEQ-28AACB9256A1,,4,FTP-Patator,4,FTP-Patator,1.0,,0.04482419788837433,0.05043257400393486,False,HIGH,FAST_ATTACK_PATH,Random Forest,FTP-Patator,1.0,FTP-Patator,0.620051383972168,FTP-Patator,0.594984769821167,True,False,ACTIVE,False,False
891,EXTERNAL_NPZ_SEQUENCE,ids_5_attacks_1000_sequences.npz,890,30148,2026-09-29T07:33:40.435203+00:00,1,,,SEQ-4EBCA105D471,,4,FTP-Patator,0,BENIGN,0.9983920454978943,0.023172885179519653,0.03311179578304291,0.0305464006960392,False,NORMAL,DEEP_ANALYSIS,FedProx70 MLP,BENIGN,0.929018497467041,BENIGN,0.9983920454978943,BENIGN,0.9899216294288635,False,False,ACTIVE,False,False
892,EXTERNAL_NPZ_SEQUENCE,ids_5_attacks_1000_sequences.npz,891,30167,2026-09-29T07:33:40.435203+00:00,2,,,SEQ-D4CDA25E5FB3,,4,FTP-Patator,0,BENIGN,0.9983580708503723,0.024227414280176163,0.028175275772809982,0.018474018201231956,False,NORMAL,DEEP_ANALYSIS,FedProx70 MLP,BENIGN,0.9792075157165527,BENIGN,0.9983580708503723,BENIGN,0.9561427235603333,False,False,ACTIVE,False,False
893,EXTERNAL_NPZ_SEQUENCE,ids_5_attacks_1000_sequences.npz,892,30183,2026-09-29T07:33:40.435203+00:00,3,,,SEQ-E828FDC9A17E,,4,FTP-Patator,4,FTP-Patator,0.9302775859832764,0.5268480777740479,0.052739694714546204,0.031421128660440445,False,MEDIUM,DEEP_ANALYSIS,CNN-BiLSTM,BENIGN,1.0,FTP-Patator,0.6444666385650635,FTP-Patator,0.9302775859832764,True,False,ACTIVE,False,False
894,EXTERNAL_NPZ_SEQUENCE,ids_5_attacks_1000_sequences.npz,893,30185,2026-09-29T07:33:40.435203+00:00,4,,,SEQ-0EE16187ACA0,,4,FTP-Patator,4,FTP-Patator,0.8085891604423523,0.2883889973163605,0.032642923295497894,0.028103182092308998,False,LOW,DEEP_ANALYSIS,CNN-BiLSTM,BENIGN,1.0,BENIGN,0.9983787536621094,FTP-Patator,0.8085891604423523,True,False,ACTIVE,False,False
895,EXTERNAL_NPZ_SEQUENCE,ids_5_attacks_1000_sequences.npz,894,30189,2026-09-29T07:33:40.435203+00:00,5,,,SEQ-4BA5AD4CD6BF,,4,FTP-Patator,4,FTP-Patator,1.0,,0.03107443079352379,0.03496244549751282,False,HIGH,FAST_ATTACK_PATH,Random Forest,FTP-Patator,1.0,BENIGN,0.9984859824180603,BENIGN,0.999840259552002,True,False,ACTIVE,False,False
896,EXTERNAL_NPZ_SEQUENCE,ids_5_attacks_1000_sequences.npz,895,30191,2026-09-29T07:33:40.435203+00:00,1,,,SEQ-DF9B4D1818F8,,4,FTP-Patator,4,FTP-Patator,0.9206936359405518,0.5203222036361694,0.021939564496278763,0.020239757373929024,False,MEDIUM,DEEP_ANALYSIS,CNN-BiLSTM,BENIGN,1.0,FTP-Patator,0.6492948532104492,FTP-Patator,0.9206936359405518,True,False,ACTIVE,False,False
897,EXTERNAL_NPZ_SEQUENCE,ids_5_attacks_1000_sequences.npz,896,30193,2026-09-29T07:33:40.435203+00:00,2,,,SEQ-A99BA4805AFB,,4,FTP-Patator,0,BENIGN,0.9983678460121155,0.05769057944417,0.028202081099152565,0.0184915941208601,False,NORMAL,DEEP_ANALYSIS,FedProx70 MLP,BENIGN,0.9753803014755249,BENIGN,0.9983678460121155,BENIGN,0.8627237677574158,False,False,ACTIVE,False,False
898,EXTERNAL_NPZ_SEQUENCE,ids_5_attacks_1000_sequences.npz,897,30197,2026-09-29T07:33:40.435203+00:00,3,,,SEQ-0555D2B06609,,4,FTP-Patator,0,BENIGN,0.9984207153320312,0.05147511139512062,0.03345407173037529,0.019931185990571976,False,NORMAL,DEEP_ANALYSIS,FedProx70 MLP,BENIGN,0.9869686961174011,BENIGN,0.9984207153320312,BENIGN,0.8760658502578735,False,False,ACTIVE,False,False
899,EXTERNAL_NPZ_SEQUENCE,ids_5_attacks_1000_sequences.npz,898,30198,2026-09-29T07:33:40.435203+00:00,4,,,SEQ-7C5F8D0EA85C,,4,FTP-Patator,4,FTP-Patator,0.9134995341300964,0.526130199432373,0.036085307598114014,0.03106682375073433,False,MEDIUM,DEEP_ANALYSIS,CNN-BiLSTM,BENIGN,0.9951786994934082,FTP-Patator,0.666761040687561,FTP-Patator,0.9134995341300964,True,False,ACTIVE,False,False
900,EXTERNAL_NPZ_SEQUENCE,ids_5_attacks_1000_sequences.npz,899,30201,2026-09-29T07:33:40.435203+00:00,5,,,SEQ-15611E39E3C1,,4,FTP-Patator,4,FTP-Patator,1.0,,0.0310527216643095,0.0349380224943161,False,HIGH,FAST_ATTACK_PATH,Random Forest,FTP-Patator,1.0,BENIGN,0.9984207153320312,BENIGN,0.9997864365577698,True,False,ACTIVE,False,False
901,EXTERNAL_NPZ_SEQUENCE,ids_5_attacks_1000_sequences.npz,900,30204,2026-09-29T07:33:40.435203+00:00,1,,,SEQ-C2A5480D41B4,,4,FTP-Patator,4,FTP-Patator,0.6920146942138672,0.2618374228477478,0.0330781415104866,0.030515354126691818,False,LOW,DEEP_ANALYSIS,CNN-BiLSTM,BENIGN,0.929018497467041,BENIGN,0.9984191656112671,FTP-Patator,0.6920146942138672,True,False,ACTIVE,False,False
902,EXTERNAL_NPZ_SEQUENCE,ids_5_attacks_1000_sequences.npz,901,30214,2026-09-29T07:33:40.435203+00:00,2,,,SEQ-6F4152E68273,,4,FTP-Patator,0,BENIGN,0.9983855485916138,0.047749049961566925,0.028248291462659836,0.01852189376950264,False,NORMAL,DEEP_ANALYSIS,FedProx70 MLP,BENIGN,0.9753803014755249,BENIGN,0.9983855485916138,BENIGN,0.8911327719688416,False,False,ACTIVE,False,False
903,EXTERNAL_NPZ_SEQUENCE,ids_5_attacks_1000_sequences.npz,902,30219,2026-09-29T07:33:40.435203+00:00,3,,,SEQ-02FC7D3AABCC,,4,FTP-Patator,4,FTP-Patator,0.6890251636505127,0.4470078647136688,0.05244332551956177,0.031244557350873947,False,MEDIUM,DEEP_ANALYSIS,FedProx70 MLP,BENIGN,1.0,FTP-Patator,0.6890251636505127,FTP-Patator,0.6640965938568115,True,False,ACTIVE,False,False
904,EXTERNAL_NPZ_SEQUENCE,ids_5_attacks_1000_sequences.npz,903,30224,2026-09-29T07:33:40.435203+00:00,4,,,SEQ-25C453FC72C8,,4,FTP-Patator,0,BENIGN,1.0,0.005499502643942833,0.03264039382338524,0.028101006522774696,False,NORMAL,DEEP_ANALYSIS,Random Forest,BENIGN,1.0,BENIGN,0.9984015822410583,BENIGN,0.9996459484100342,False,False,ACTIVE,False,False
905,EXTERNAL_NPZ_SEQUENCE,ids_5_attacks_1000_sequences.npz,904,30227,2026-09-29T07:33:40.435203+00:00,5,,,SEQ-96F410AF9E88,,4,FTP-Patator,4,FTP-Patator,1.0,,0.044466666877269745,0.050030309706926346,False,HIGH,FAST_ATTACK_PATH,Random Forest,FTP-Patator,1.0,FTP-Patator,0.6801040768623352,FTP-Patator,0.611126184463501,True,False,ACTIVE,False,False
906,EXTERNAL_NPZ_SEQUENCE,ids_5_attacks_1000_sequences.npz,905,30247,2026-09-29T07:33:40.435203+00:00,1,,,SEQ-B48F253DA811,,4,FTP-Patator,0,BENIGN,0.9992749094963074,0.01990419067442417,0.0331249013543129,0.030558492988348007,False,NORMAL,DEEP_ANALYSIS,CNN-BiLSTM,BENIGN,0.929018497467041,BENIGN,0.9983820915222168,BENIGN,0.9992749094963074,False,False,ACTIVE,False,False
907,EXTERNAL_NPZ_SEQUENCE,ids_5_attacks_1000_sequences.npz,906,30250,2026-09-29T07:33:40.435203+00:00,2,,,SEQ-96867C29C378,,4,FTP-Patator,4,FTP-Patator,0.9333825707435608,0.5361042022705078,0.03274957090616226,0.021473299711942673,False,MEDIUM,DEEP_ANALYSIS,CNN-BiLSTM,BENIGN,0.9961729645729065,FTP-Patator,0.6791414618492126,FTP-Patator,0.9333825707435608,True,False,ACTIVE,False,False
908,EXTERNAL_NPZ_SEQUENCE,ids_5_attacks_1000_sequences.npz,907,30255,2026-09-29T07:33:40.435203+00:00,3,,,SEQ-78969A75F086,,4,FTP-Patator,4,FTP-Patator,0.6584912538528442,0.21282635629177094,0.053123850375413895,0.03164999932050705,False,LOW,DEEP_ANALYSIS,FedProx70 MLP,BENIGN,1.0,FTP-Patator,0.6584912538528442,BENIGN,0.9791131615638733,True,False,ACTIVE,False,False
909,EXTERNAL_NPZ_SEQUENCE,ids_5_attacks_1000_sequences.npz,908,30291,2026-09-29T07:33:40.435203+00:00,4,,,SEQ-EE7446992B93,,4,FTP-Patator,0,BENIGN,1.0,0.11515658348798752,0.03348831087350845,0.02883100137114525,False,NORMAL,DEEP_ANALYSIS,Random Forest,BENIGN,1.0,BENIGN,0.9985784292221069,BENIGN,0.6865518093109131,False,False,ACTIVE,False,False
910,EXTERNAL_NPZ_SEQUENCE,ids_5_attacks_1000_sequences.npz,909,30292,2026-09-29T07:33:40.435203+00:00,5,,,SEQ-293A371C6E1D,,4,FTP-Patator,4,FTP-Patator,0.7417852878570557,0.43154585361480713,0.32023149728775024,0.36029866337776184,False,MEDIUM,DEEP_ANALYSIS,Random Forest,FTP-Patator,0.7417852878570557,BENIGN,0.9996488094329834,FTP-Patator,0.6715677380561829,True,False,ACTIVE,False,False
911,EXTERNAL_NPZ_SEQUENCE,ids_5_attacks_1000_sequences.npz,910,30300,2026-09-29T07:33:40.435203+00:00,1,,,SEQ-1EBE35AF9614,,4,FTP-Patator,4,FTP-Patator,0.7472932934761047,0.46251967549324036,0.021926265209913254,0.02022748813033104,False,MEDIUM,DEEP_ANALYSIS,CNN-BiLSTM,BENIGN,1.0,FTP-Patator,0.6589268445968628,FTP-Patator,0.7472932934761047,True,False,ACTIVE,False,False
912,EXTERNAL_NPZ_SEQUENCE,ids_5_attacks_1000_sequences.npz,911,30304,2026-09-29T07:33:40.435203+00:00,2,,,SEQ-807AFDE89EE8,,4,FTP-Patator,4,FTP-Patator,0.9317618608474731,0.5511589050292969,0.03277996554970741,0.021493230015039444,False,MEDIUM,DEEP_ANALYSIS,CNN-BiLSTM,BENIGN,0.9316841959953308,FTP-Patator,0.6882070899009705,FTP-Patator,0.9317618608474731,True,False,ACTIVE,False,False
913,EXTERNAL_NPZ_SEQUENCE,ids_5_attacks_1000_sequences.npz,912,30308,2026-09-29T07:33:40.435203+00:00,3,,,SEQ-4BBCF6CDADD2,,4,FTP-Patator,0,BENIGN,0.9985809326171875,0.1560623198747635,0.03406105190515518,0.02029281109571457,False,NORMAL,DEEP_ANALYSIS,FedProx70 MLP,BENIGN,0.9919686913490295,BENIGN,0.9985809326171875,BENIGN,0.574510931968689,False,False,ACTIVE,False,False
914,EXTERNAL_NPZ_SEQUENCE,ids_5_attacks_1000_sequences.npz,913,30309,2026-09-29T07:33:40.435203+00:00,4,,,SEQ-AF898BE692BB,,4,FTP-Patator,4,FTP-Patator,0.9005969762802124,0.5287910103797913,0.035699158906936646,0.030734378844499588,False,MEDIUM,DEEP_ANALYSIS,CNN-BiLSTM,BENIGN,0.9951786994934082,FTP-Patator,0.6908764243125916,FTP-Patator,0.9005969762802124,True,False,ACTIVE,False,False
915,EXTERNAL_NPZ_SEQUENCE,ids_5_attacks_1000_sequences.npz,914,30313,2026-09-29T07:33:40.435203+00:00,5,,,SEQ-FFB5649721C7,,4,FTP-Patator,4,FTP-Patator,1.0,,0.04382215067744255,0.049305155873298645,False,HIGH,FAST_ATTACK_PATH,Random Forest,FTP-Patator,1.0,FTP-Patator,0.6829967498779297,FTP-Patator,0.9365677833557129,True,False,ACTIVE,False,False
916,EXTERNAL_NPZ_SEQUENCE,ids_5_attacks_1000_sequences.npz,915,30314,2026-09-29T07:33:40.435203+00:00,1,,,SEQ-8D51A4636EEC,,4,FTP-Patator,4,FTP-Patator,0.9293732047080994,0.535314679145813,0.02192086912691593,0.020222511142492294,False,MEDIUM,DEEP_ANALYSIS,CNN-BiLSTM,BENIGN,1.0,FTP-Patator,0.6891531348228455,FTP-Patator,0.9293732047080994,True,False,ACTIVE,False,False
917,EXTERNAL_NPZ_SEQUENCE,ids_5_attacks_1000_sequences.npz,916,30316,2026-09-29T07:33:40.435203+00:00,2,,,SEQ-87C0689C47B9,,4,FTP-Patator,4,FTP-Patator,0.9031878113746643,0.5271511673927307,0.032696433365345,0.021438458934426308,False,MEDIUM,DEEP_ANALYSIS,CNN-BiLSTM,BENIGN,0.9961729645729065,FTP-Patator,0.6845519542694092,FTP-Patator,0.9031878113746643,True,False,ACTIVE,False,False
918,EXTERNAL_NPZ_SEQUENCE,ids_5_attacks_1000_sequences.npz,917,30317,2026-09-29T07:33:40.435203+00:00,3,,,SEQ-80123CC0B8DA,,4,FTP-Patator,4,FTP-Patator,0.9419798851013184,0.5346829295158386,0.052893660962581635,0.03151286020874977,False,MEDIUM,DEEP_ANALYSIS,CNN-BiLSTM,BENIGN,1.0,FTP-Patator,0.6568531394004822,FTP-Patator,0.9419798851013184,True,False,ACTIVE,False,False
919,EXTERNAL_NPZ_SEQUENCE,ids_5_attacks_1000_sequences.npz,918,30321,2026-09-29T07:33:40.435203+00:00,4,,,SEQ-EA772A03448A,,4,FTP-Patator,0,BENIGN,1.0,0.11810670793056488,0.03264138847589493,0.028101861476898193,False,NORMAL,DEEP_ANALYSIS,Random Forest,BENIGN,1.0,BENIGN,0.9984421133995056,BENIGN,0.6778767704963684,False,False,ACTIVE,False,False
920,EXTERNAL_NPZ_SEQUENCE,ids_5_attacks_1000_sequences.npz,919,30323,2026-09-29T07:33:40.435203+00:00,5,,,SEQ-DF98FD5A13F8,,4,FTP-Patator,4,FTP-Patator,1.0,,0.043914634734392166,0.049409206956624985,False,HIGH,FAST_ATTACK_PATH,Random Forest,FTP-Patator,1.0,FTP-Patator,0.6795816421508789,BENIGN,0.5814335346221924,True,False,ACTIVE,False,False
921,EXTERNAL_NPZ_SEQUENCE,ids_5_attacks_1000_sequences.npz,920,30325,2026-09-29T07:33:40.435203+00:00,1,,,SEQ-6D64D9078C39,,4,FTP-Patator,4,FTP-Patator,0.9014849066734314,0.5089729428291321,0.02286410704255104,0.021092670038342476,False,MEDIUM,DEEP_ANALYSIS,CNN-BiLSTM,BENIGN,1.0,FTP-Patator,0.6334120631217957,FTP-Patator,0.9014849066734314,True,False,ACTIVE,False,False
922,EXTERNAL_NPZ_SEQUENCE,ids_5_attacks_1000_sequences.npz,921,30326,2026-09-29T07:33:40.435203+00:00,2,,,SEQ-8DC77BC9EB88,,4,FTP-Patator,0,BENIGN,0.9984032511711121,0.14731447398662567,0.02829466015100479,0.018552295863628387,False,NORMAL,DEEP_ANALYSIS,FedProx70 MLP,BENIGN,0.9792075157165527,BENIGN,0.9984032511711121,BENIGN,0.6044778227806091,False,False,ACTIVE,False,False
923,EXTERNAL_NPZ_SEQUENCE,ids_5_attacks_1000_sequences.npz,922,30333,2026-09-29T07:33:40.435203+00:00,3,,,SEQ-CF26ACD3B0FC,,4,FTP-Patator,4,FTP-Patator,0.9520491361618042,0.541669487953186,0.05276675149798393,0.03143724799156189,False,MEDIUM,DEEP_ANALYSIS,CNN-BiLSTM,BENIGN,1.0,FTP-Patator,0.6684575080871582,FTP-Patator,0.9520491361618042,True,False,ACTIVE,False,False
924,EXTERNAL_NPZ_SEQUENCE,ids_5_attacks_1000_sequences.npz,923,30355,2026-09-29T07:33:40.435203+00:00,4,,,SEQ-15568AA0A325,,4,FTP-Patator,0,BENIGN,1.0,0.11109902709722519,0.0326424203813076,0.028102749958634377,False,NORMAL,DEEP_ANALYSIS,Random Forest,BENIGN,1.0,BENIGN,0.9983820915222168,BENIGN,0.6979506015777588,False,False,ACTIVE,False,False
925,EXTERNAL_NPZ_SEQUENCE,ids_5_attacks_1000_sequences.npz,924,30366,2026-09-29T07:33:40.435203+00:00,5,,,SEQ-B13125B1D2FA,,4,FTP-Patator,4,FTP-Patator,1.0,,0.03105451539158821,0.03494003787636757,False,HIGH,FAST_ATTACK_PATH,Random Forest,FTP-Patator,1.0,BENIGN,0.9983890056610107,BENIGN,0.9991917014122009,True,False,ACTIVE,False,False
926,EXTERNAL_NPZ_SEQUENCE,ids_5_attacks_1000_sequences.npz,925,30408,2026-09-29T07:33:40.435203+00:00,1,,,SEQ-239BB6C4B7BD,,4,FTP-Patator,4,FTP-Patator,0.9395505785942078,0.5224713683128357,0.02189907804131508,0.020202407613396645,False,MEDIUM,DEEP_ANALYSIS,CNN-BiLSTM,BENIGN,1.0,FTP-Patator,0.6344794034957886,FTP-Patator,0.9395505785942078,True,False,ACTIVE,False,False
927,EXTERNAL_NPZ_SEQUENCE,ids_5_attacks_1000_sequences.npz,926,30409,2026-09-29T07:33:40.435203+00:00,2,,,SEQ-ED22D65089DC,,4,FTP-Patator,4,FTP-Patator,0.738947331905365,0.2675120234489441,0.02826123870909214,0.018530381843447685,False,LOW,DEEP_ANALYSIS,CNN-BiLSTM,BENIGN,0.9792075157165527,BENIGN,0.9983906745910645,FTP-Patator,0.738947331905365,True,False,ACTIVE,False,False
928,EXTERNAL_NPZ_SEQUENCE,ids_5_attacks_1000_sequences.npz,927,30410,2026-09-29T07:33:40.435203+00:00,3,,,SEQ-D30AFDCC45E4,,4,FTP-Patator,0,BENIGN,0.998555600643158,0.10998386144638062,0.03345917910337448,0.01993422955274582,False,NORMAL,DEEP_ANALYSIS,FedProx70 MLP,BENIGN,0.951991617679596,BENIGN,0.998555600643158,BENIGN,0.728771448135376,False,False,ACTIVE,False,False
929,EXTERNAL_NPZ_SEQUENCE,ids_5_attacks_1000_sequences.npz,928,30421,2026-09-29T07:33:40.435203+00:00,4,,,SEQ-550C6E64F35A,,4,FTP-Patator,0,BENIGN,1.0,0.1783854067325592,0.08083025366067886,0.06958897411823273,False,NORMAL,DEEP_ANALYSIS,Random Forest,BENIGN,1.0,BENIGN,0.9995986819267273,BENIGN,0.5253129601478577,False,False,ACTIVE,False,False
930,EXTERNAL_NPZ_SEQUENCE,ids_5_attacks_1000_sequences.npz,929,30422,2026-09-29T07:33:40.435203+00:00,5,,,SEQ-2C0B78840F18,,4,FTP-Patator,4,FTP-Patator,1.0,,0.04348371922969818,0.04892437905073166,False,HIGH,FAST_ATTACK_PATH,Random Forest,FTP-Patator,1.0,FTP-Patator,0.6697326302528381,FTP-Patator,0.9410116672515869,True,False,ACTIVE,False,False
931,EXTERNAL_NPZ_SEQUENCE,ids_5_attacks_1000_sequences.npz,930,30427,2026-09-29T07:33:40.435203+00:00,1,,,SEQ-399D58213DA3,,4,FTP-Patator,0,BENIGN,0.998327910900116,0.19702772796154022,0.03319977968931198,0.030627567321062088,False,NORMAL,DEEP_ANALYSIS,FedProx70 MLP,BENIGN,0.9240185022354126,BENIGN,0.998327910900116,BENIGN,0.4961433410644531,False,False,ACTIVE,False,False
932,EXTERNAL_NPZ_SEQUENCE,ids_5_attacks_1000_sequences.npz,931,30446,2026-09-29T07:33:40.435203+00:00,2,,,SEQ-5F2E6E9E98EB,,4,FTP-Patator,4,FTP-Patator,0.6774234771728516,0.42568910121917725,0.03256959468126297,0.021355293691158295,False,MEDIUM,DEEP_ANALYSIS,FedProx70 MLP,BENIGN,1.0,FTP-Patator,0.6774234771728516,FTP-Patator,0.6216474175453186,True,False,ACTIVE,False,False
933,EXTERNAL_NPZ_SEQUENCE,ids_5_attacks_1000_sequences.npz,932,30447,2026-09-29T07:33:40.435203+00:00,3,,,SEQ-DF09AE7E8E99,,4,FTP-Patator,0,BENIGN,0.9984149932861328,0.15884579718112946,0.033455509692430496,0.019932042807340622,False,NORMAL,DEEP_ANALYSIS,FedProx70 MLP,BENIGN,0.9869686961174011,BENIGN,0.9984149932861328,BENIGN,0.5692979693412781,False,False,ACTIVE,False,False
934,EXTERNAL_NPZ_SEQUENCE,ids_5_attacks_1000_sequences.npz,933,30449,2026-09-29T07:33:40.435203+00:00,4,,,SEQ-3CC8FE03D4C7,,4,FTP-Patator,0,BENIGN,1.0,0.07258769124746323,0.03264239430427551,0.028102729469537735,False,NORMAL,DEEP_ANALYSIS,Random Forest,BENIGN,1.0,BENIGN,0.9983820915222168,BENIGN,0.8079829812049866,False,False,ACTIVE,False,False
935,EXTERNAL_NPZ_SEQUENCE,ids_5_attacks_1000_sequences.npz,934,30466,2026-09-29T07:33:40.435203+00:00,5,,,SEQ-B396A01FB4A1,,4,FTP-Patator,4,FTP-Patator,1.0,,0.03106052614748478,0.034946803003549576,False,HIGH,FAST_ATTACK_PATH,Random Forest,FTP-Patator,1.0,BENIGN,0.9983696341514587,BENIGN,0.4783608317375183,True,False,ACTIVE,False,False
936,EXTERNAL_NPZ_SEQUENCE,ids_5_attacks_1000_sequences.npz,935,30467,2026-09-29T07:33:40.435203+00:00,1,,,SEQ-8F2F8A922360,,4,FTP-Patator,4,FTP-Patator,0.6867750883102417,0.2600112855434418,0.0330977700650692,0.030533460900187492,False,LOW,DEEP_ANALYSIS,CNN-BiLSTM,BENIGN,0.929018497467041,BENIGN,0.9984032511711121,FTP-Patator,0.6867750883102417,True,False,ACTIVE,False,False
937,EXTERNAL_NPZ_SEQUENCE,ids_5_attacks_1000_sequences.npz,936,30471,2026-09-29T07:33:40.435203+00:00,2,,,SEQ-30690DB304C5,,4,FTP-Patator,0,BENIGN,0.99837327003479,0.022676697000861168,0.028217101469635963,0.018501441925764084,False,NORMAL,DEEP_ANALYSIS,FedProx70 MLP,BENIGN,0.9753803014755249,BENIGN,0.99837327003479,BENIGN,0.9627652168273926,False,False,ACTIVE,False,False
938,EXTERNAL_NPZ_SEQUENCE,ids_5_attacks_1000_sequences.npz,937,30475,2026-09-29T07:33:40.435203+00:00,3,,,SEQ-75D9D3DFD623,,4,FTP-Patator,4,FTP-Patator,0.6970325112342834,0.4338807165622711,0.052099861204624176,0.031039930880069733,False,MEDIUM,DEEP_ANALYSIS,FedProx70 MLP,BENIGN,1.0,FTP-Patator,0.6970325112342834,FTP-Patator,0.6198742389678955,True,False,ACTIVE,False,False
939,EXTERNAL_NPZ_SEQUENCE,ids_5_attacks_1000_sequences.npz,938,30476,2026-09-29T07:33:40.435203+00:00,4,,,SEQ-ED63DF4D3DBD,,4,FTP-Patator,4,FTP-Patator,0.952997624874115,0.5430880784988403,0.03581990301609039,0.03083833120763302,False,MEDIUM,DEEP_ANALYSIS,CNN-BiLSTM,BENIGN,0.9951786994934082,FTP-Patator,0.6773388385772705,FTP-Patator,0.952997624874115,True,False,ACTIVE,False,False
940,EXTERNAL_NPZ_SEQUENCE,ids_5_attacks_1000_sequences.npz,939,30512,2026-09-29T07:33:40.435203+00:00,5,,,SEQ-05604511EE27,,4,FTP-Patator,4,FTP-Patator,1.0,,0.04415682330727577,0.04968170076608658,False,HIGH,FAST_ATTACK_PATH,Random Forest,FTP-Patator,1.0,FTP-Patator,0.6717609763145447,FTP-Patator,0.8934277296066284,True,False,ACTIVE,False,False
941,EXTERNAL_NPZ_SEQUENCE,ids_5_attacks_1000_sequences.npz,940,30521,2026-09-29T07:33:40.435203+00:00,1,,,SEQ-4703B16C9A1D,,4,FTP-Patator,4,FTP-Patator,0.829052746295929,0.4896336793899536,0.022067701444029808,0.020357968285679817,False,MEDIUM,DEEP_ANALYSIS,CNN-BiLSTM,BENIGN,1.0,FTP-Patator,0.653850257396698,FTP-Patator,0.829052746295929,True,False,ACTIVE,False,False
942,EXTERNAL_NPZ_SEQUENCE,ids_5_attacks_1000_sequences.npz,941,30524,2026-09-29T07:33:40.435203+00:00,2,,,SEQ-3170B66E6CDB,,4,FTP-Patator,0,BENIGN,0.999634861946106,0.018283162266016006,0.08939113467931747,0.0586121492087841,False,NORMAL,DEEP_ANALYSIS,FedProx70 MLP,BENIGN,0.9800000190734863,BENIGN,0.999634861946106,BENIGN,0.997814416885376,False,False,ACTIVE,False,False
943,EXTERNAL_NPZ_SEQUENCE,ids_5_attacks_1000_sequences.npz,942,30539,2026-09-29T07:33:40.435203+00:00,3,,,SEQ-1B73019333B9,,4,FTP-Patator,4,FTP-Patator,0.8708509802818298,0.3129163384437561,0.03347243368625641,0.01994212530553341,False,LOW,DEEP_ANALYSIS,CNN-BiLSTM,BENIGN,0.9869686961174011,BENIGN,0.9983620047569275,FTP-Patator,0.8708509802818298,True,False,ACTIVE,False,False
944,EXTERNAL_NPZ_SEQUENCE,ids_5_attacks_1000_sequences.npz,943,30562,2026-09-29T07:33:40.435203+00:00,4,,,SEQ-722853414A47,,4,FTP-Patator,4,FTP-Patator,0.9085158109664917,0.5293548703193665,0.03592854365706444,0.03093186393380165,False,MEDIUM,DEEP_ANALYSIS,CNN-BiLSTM,BENIGN,0.9951786994934082,FTP-Patator,0.6834025979042053,FTP-Patator,0.9085158109664917,True,False,ACTIVE,False,False
945,EXTERNAL_NPZ_SEQUENCE,ids_5_attacks_1000_sequences.npz,944,30566,2026-09-29T07:33:40.435203+00:00,5,,,SEQ-47FBBA8A8565,,4,FTP-Patator,4,FTP-Patator,1.0,,0.04447205364704132,0.05003637075424194,False,HIGH,FAST_ATTACK_PATH,Random Forest,FTP-Patator,1.0,FTP-Patator,0.6460235714912415,FTP-Patator,0.8661431670188904,True,False,ACTIVE,False,False
946,EXTERNAL_NPZ_SEQUENCE,ids_5_attacks_1000_sequences.npz,945,30573,2026-09-29T07:33:40.435203+00:00,1,,,SEQ-3B6FE05CB080,,4,FTP-Patator,4,FTP-Patator,0.7956828474998474,0.4871353209018707,0.02180062234401703,0.020111579447984695,False,MEDIUM,DEEP_ANALYSIS,CNN-BiLSTM,BENIGN,1.0,FTP-Patator,0.6845874190330505,FTP-Patator,0.7956828474998474,True,False,ACTIVE,False,False
947,EXTERNAL_NPZ_SEQUENCE,ids_5_attacks_1000_sequences.npz,946,30584,2026-09-29T07:33:40.435203+00:00,2,,,SEQ-270C7C864B72,,4,FTP-Patator,4,FTP-Patator,0.5732300281524658,0.20951120555400848,0.028265487402677536,0.018533168360590935,False,LOW,DEEP_ANALYSIS,CNN-BiLSTM,BENIGN,0.9792075157165527,BENIGN,0.9983920454978943,FTP-Patator,0.5732300281524658,True,False,ACTIVE,False,False
948,EXTERNAL_NPZ_SEQUENCE,ids_5_attacks_1000_sequences.npz,947,30589,2026-09-29T07:33:40.435203+00:00,3,,,SEQ-7D5C26A82553,,4,FTP-Patator,4,FTP-Patator,0.9505084753036499,0.534656286239624,0.0521557480096817,0.031073225662112236,False,MEDIUM,DEEP_ANALYSIS,CNN-BiLSTM,BENIGN,1.0,FTP-Patator,0.6471831798553467,FTP-Patator,0.9505084753036499,True,False,ACTIVE,False,False
949,EXTERNAL_NPZ_SEQUENCE,ids_5_attacks_1000_sequences.npz,948,30593,2026-09-29T07:33:40.435203+00:00,4,,,SEQ-2904FF66C8C2,,4,FTP-Patator,0,BENIGN,1.0,0.006623079534620047,0.032643549144268036,0.028103720396757126,False,NORMAL,DEEP_ANALYSIS,Random Forest,BENIGN,1.0,BENIGN,0.998456597328186,BENIGN,0.9963899254798889,False,False,ACTIVE,False,False
950,EXTERNAL_NPZ_SEQUENCE,ids_5_attacks_1000_sequences.npz,949,30595,2026-09-29T07:33:40.435203+00:00,5,,,SEQ-D65CB06C9F91,,4,FTP-Patator,4,FTP-Patator,1.0,,0.04436512663960457,0.049916062504053116,False,HIGH,FAST_ATTACK_PATH,Random Forest,FTP-Patator,1.0,FTP-Patator,0.653041422367096,BENIGN,0.7159879207611084,True,False,ACTIVE,False,False
951,EXTERNAL_NPZ_SEQUENCE,ids_5_attacks_1000_sequences.npz,950,30603,2026-09-29T07:33:40.435203+00:00,1,,,SEQ-AFE8A5B17592,,4,FTP-Patator,4,FTP-Patator,0.6673258543014526,0.24004602432250977,0.02204815298318863,0.020339934155344963,False,LOW,DEEP_ANALYSIS,FedProx70 MLP,BENIGN,1.0,FTP-Patator,0.6673258543014526,BENIGN,0.8955970406532288,True,False,ACTIVE,False,False
952,EXTERNAL_NPZ_SEQUENCE,ids_5_attacks_1000_sequences.npz,951,30606,2026-09-29T07:33:40.435203+00:00,2,,,SEQ-5F5E50D66905,,4,FTP-Patator,4,FTP-Patator,0.7771167159080505,0.4907165467739105,0.03293013945221901,0.02159169502556324,False,MEDIUM,DEEP_ANALYSIS,CNN-BiLSTM,BENIGN,0.9316841959953308,FTP-Patator,0.6670767068862915,FTP-Patator,0.7771167159080505,True,False,ACTIVE,False,False
953,EXTERNAL_NPZ_SEQUENCE,ids_5_attacks_1000_sequences.npz,952,30614,2026-09-29T07:33:40.435203+00:00,3,,,SEQ-C1B04018857D,,4,FTP-Patator,4,FTP-Patator,0.8638258576393127,0.5054986476898193,0.053028374910354614,0.031593117862939835,False,MEDIUM,DEEP_ANALYSIS,CNN-BiLSTM,BENIGN,1.0,FTP-Patator,0.6506844162940979,FTP-Patator,0.8638258576393127,True,False,ACTIVE,False,False
954,EXTERNAL_NPZ_SEQUENCE,ids_5_attacks_1000_sequences.npz,953,30617,2026-09-29T07:33:40.435203+00:00,4,,,SEQ-0B848026A556,,4,FTP-Patator,4,FTP-Patator,0.7351186275482178,0.4622972011566162,0.0362345352768898,0.031195299699902534,False,MEDIUM,DEEP_ANALYSIS,CNN-BiLSTM,BENIGN,0.9951786994934082,FTP-Patator,0.662020742893219,FTP-Patator,0.7351186275482178,True,False,ACTIVE,False,False
955,EXTERNAL_NPZ_SEQUENCE,ids_5_attacks_1000_sequences.npz,954,30630,2026-09-29T07:33:40.435203+00:00,5,,,SEQ-18A3DB3941FA,,4,FTP-Patator,4,FTP-Patator,1.0,,0.031054886057972908,0.034940455108881,False,HIGH,FAST_ATTACK_PATH,Random Forest,FTP-Patator,1.0,BENIGN,0.9984298348426819,FTP-Patator,0.6416658759117126,True,False,ACTIVE,False,False
956,EXTERNAL_NPZ_SEQUENCE,ids_5_attacks_1000_sequences.npz,955,30633,2026-09-29T07:33:40.435203+00:00,1,,,SEQ-DA9BD758FC15,,4,FTP-Patator,0,BENIGN,0.9995986819267273,0.022062554955482483,0.08359381556510925,0.07711724191904068,False,NORMAL,DEEP_ANALYSIS,FedProx70 MLP,BENIGN,0.9550060629844666,BENIGN,0.9995986819267273,BENIGN,0.9988448619842529,False,False,ACTIVE,False,False
957,EXTERNAL_NPZ_SEQUENCE,ids_5_attacks_1000_sequences.npz,956,30637,2026-09-29T07:33:40.435203+00:00,2,,,SEQ-0E6934E07722,,4,FTP-Patator,4,FTP-Patator,0.7684009075164795,0.47336629033088684,0.0327664390206337,0.021484361961483955,False,MEDIUM,DEEP_ANALYSIS,CNN-BiLSTM,BENIGN,0.9961729645729065,FTP-Patator,0.6624853014945984,FTP-Patator,0.7684009075164795,True,False,ACTIVE,False,False
958,EXTERNAL_NPZ_SEQUENCE,ids_5_attacks_1000_sequences.npz,957,30639,2026-09-29T07:33:40.435203+00:00,3,,,SEQ-7DE57CDF31D4,,4,FTP-Patator,4,FTP-Patator,0.9238799214363098,0.5218482613563538,0.05382460728287697,0.032067496329545975,False,MEDIUM,DEEP_ANALYSIS,CNN-BiLSTM,BENIGN,1.0,FTP-Patator,0.6347220540046692,FTP-Patator,0.9238799214363098,True,False,ACTIVE,False,False
959,EXTERNAL_NPZ_SEQUENCE,ids_5_attacks_1000_sequences.npz,958,30640,2026-09-29T07:33:40.435203+00:00,4,,,SEQ-29017A98724F,,4,FTP-Patator,0,BENIGN,1.0,0.012693041935563087,0.08083025366067886,0.06958897411823273,False,NORMAL,DEEP_ANALYSIS,Random Forest,BENIGN,1.0,BENIGN,0.9995986819267273,BENIGN,0.9987196922302246,False,False,ACTIVE,False,False
960,EXTERNAL_NPZ_SEQUENCE,ids_5_attacks_1000_sequences.npz,959,30643,2026-09-29T07:33:40.435203+00:00,5,,,SEQ-9DFD3D82AFE3,,4,FTP-Patator,4,FTP-Patator,1.0,,0.044673774391412735,0.05026333034038544,False,HIGH,FAST_ATTACK_PATH,Random Forest,FTP-Patator,1.0,FTP-Patator,0.6768893003463745,FTP-Patator,0.9461818337440491,True,False,ACTIVE,False,False
961,EXTERNAL_NPZ_SEQUENCE,ids_5_attacks_1000_sequences.npz,960,30645,2026-09-29T07:33:40.435203+00:00,1,,,SEQ-59C2712B8116,,4,FTP-Patator,0,BENIGN,0.9984285235404968,0.08720506727695465,0.03306691348552704,0.030504994094371796,False,NORMAL,DEEP_ANALYSIS,FedProx70 MLP,BENIGN,0.9259331226348877,BENIGN,0.9984285235404968,BENIGN,0.8086851239204407,False,False,ACTIVE,False,False
962,EXTERNAL_NPZ_SEQUENCE,ids_5_attacks_1000_sequences.npz,961,30650,2026-09-29T07:33:40.435203+00:00,2,,,SEQ-67586BF21EEC,,4,FTP-Patator,4,FTP-Patator,0.9035114645957947,0.5423927903175354,0.03272905573248863,0.021459849551320076,False,MEDIUM,DEEP_ANALYSIS,CNN-BiLSTM,BENIGN,0.9316841959953308,FTP-Patator,0.6919708251953125,FTP-Patator,0.9035114645957947,True,False,ACTIVE,False,False
963,EXTERNAL_NPZ_SEQUENCE,ids_5_attacks_1000_sequences.npz,962,30669,2026-09-29T07:33:40.435203+00:00,3,,,SEQ-102140934DB1,,4,FTP-Patator,4,FTP-Patator,0.7662382125854492,0.4830529987812042,0.05280942842364311,0.03146267309784889,False,MEDIUM,DEEP_ANALYSIS,CNN-BiLSTM,BENIGN,1.0,FTP-Patator,0.6898272037506104,FTP-Patator,0.7662382125854492,True,False,ACTIVE,False,False
964,EXTERNAL_NPZ_SEQUENCE,ids_5_attacks_1000_sequences.npz,963,30672,2026-09-29T07:33:40.435203+00:00,4,,,SEQ-0C5E6F19F0BF,,4,FTP-Patator,4,FTP-Patator,0.6043111085891724,0.3877476751804352,0.036246057599782944,0.03120522014796734,False,LOW,DEEP_ANALYSIS,FedProx70 MLP,BENIGN,0.9951786994934082,FTP-Patator,0.6043111085891724,FTP-Patator,0.5715805292129517,True,False,ACTIVE,False,False
965,EXTERNAL_NPZ_SEQUENCE,ids_5_attacks_1000_sequences.npz,964,30677,2026-09-29T07:33:40.435203+00:00,5,,,SEQ-A7051D7F2BA7,,4,FTP-Patator,4,FTP-Patator,1.0,,0.044970035552978516,0.050596658140420914,False,HIGH,FAST_ATTACK_PATH,Random Forest,FTP-Patator,1.0,FTP-Patator,0.6487608551979065,FTP-Patator,0.9260923266410828,True,False,ACTIVE,False,False
966,EXTERNAL_NPZ_SEQUENCE,ids_5_attacks_1000_sequences.npz,965,30685,2026-09-29T07:33:40.435203+00:00,1,,,SEQ-FF39074ED5AA,,4,FTP-Patator,0,BENIGN,0.9995986819267273,0.0779479518532753,0.08359381556510925,0.07711724191904068,False,NORMAL,DEEP_ANALYSIS,FedProx70 MLP,BENIGN,0.9550060629844666,BENIGN,0.9995986819267273,BENIGN,0.8391723036766052,False,False,ACTIVE,False,False
967,EXTERNAL_NPZ_SEQUENCE,ids_5_attacks_1000_sequences.npz,966,30687,2026-09-29T07:33:40.435203+00:00,2,,,SEQ-D03CB67C8DAC,,4,FTP-Patator,4,FTP-Patator,0.8173485994338989,0.47455424070358276,0.03286319971084595,0.02154780551791191,False,MEDIUM,DEEP_ANALYSIS,CNN-BiLSTM,BENIGN,1.0,FTP-Patator,0.6118423938751221,FTP-Patator,0.8173485994338989,True,False,ACTIVE,False,False
968,EXTERNAL_NPZ_SEQUENCE,ids_5_attacks_1000_sequences.npz,967,30688,2026-09-29T07:33:40.435203+00:00,3,,,SEQ-17F9B7C535D6,,4,FTP-Patator,0,BENIGN,0.9995312690734863,0.034467265009880066,0.09226364642381668,0.054968614131212234,False,NORMAL,DEEP_ANALYSIS,FedProx70 MLP,BENIGN,0.9919686913490295,BENIGN,0.9995312690734863,BENIGN,0.9460547566413879,False,False,ACTIVE,False,False
969,EXTERNAL_NPZ_SEQUENCE,ids_5_attacks_1000_sequences.npz,968,30690,2026-09-29T07:33:40.435203+00:00,4,,,SEQ-8E1DBD364CD3,,4,FTP-Patator,0,BENIGN,1.0,0.005484896712005138,0.03337335214018822,0.028732027858495712,False,NORMAL,DEEP_ANALYSIS,Random Forest,BENIGN,1.0,BENIGN,0.9985854625701904,BENIGN,0.9998441934585571,False,False,ACTIVE,False,False
970,EXTERNAL_NPZ_SEQUENCE,ids_5_attacks_1000_sequences.npz,969,30712,2026-09-29T07:33:40.435203+00:00,5,,,SEQ-5EE40C8BD8D5,,4,FTP-Patator,4,FTP-Patator,1.0,,0.0310534555464983,0.03493884578347206,False,HIGH,FAST_ATTACK_PATH,Random Forest,FTP-Patator,1.0,BENIGN,0.9983920454978943,BENIGN,0.9498031139373779,True,False,ACTIVE,False,False
971,EXTERNAL_NPZ_SEQUENCE,ids_5_attacks_1000_sequences.npz,970,30721,2026-09-29T07:33:40.435203+00:00,1,,,SEQ-ACF4A08B84C5,,4,FTP-Patator,4,FTP-Patator,0.6274194121360779,0.19802643358707428,0.02259223163127899,0.02084185928106308,False,NORMAL,DEEP_ANALYSIS,FedProx70 MLP,BENIGN,1.0,FTP-Patator,0.6274194121360779,BENIGN,0.981680691242218,True,False,ACTIVE,False,False
972,EXTERNAL_NPZ_SEQUENCE,ids_5_attacks_1000_sequences.npz,971,30723,2026-09-29T07:33:40.435203+00:00,2,,,SEQ-0352E350DC7B,,4,FTP-Patator,4,FTP-Patator,0.7232424020767212,0.2659783661365509,0.058154184371232986,0.03813064470887184,False,LOW,DEEP_ANALYSIS,CNN-BiLSTM,BENIGN,0.9800000190734863,BENIGN,0.9995986819267273,FTP-Patator,0.7232424020767212,True,False,ACTIVE,False,False
973,EXTERNAL_NPZ_SEQUENCE,ids_5_attacks_1000_sequences.npz,972,30745,2026-09-29T07:33:40.435203+00:00,3,,,SEQ-8ACD842C8A00,,4,FTP-Patator,0,BENIGN,0.9995986819267273,0.03140198066830635,0.10100528597831726,0.06017668545246124,False,NORMAL,DEEP_ANALYSIS,FedProx70 MLP,BENIGN,0.9919686913490295,BENIGN,0.9995986819267273,BENIGN,0.9585013389587402,False,False,ACTIVE,False,False
974,EXTERNAL_NPZ_SEQUENCE,ids_5_attacks_1000_sequences.npz,973,30785,2026-09-29T07:33:40.435203+00:00,4,,,SEQ-6E7FDC27A836,,4,FTP-Patator,0,BENIGN,1.0,0.04820447787642479,0.03264008089900017,0.028100738301873207,False,NORMAL,DEEP_ANALYSIS,Random Forest,BENIGN,1.0,BENIGN,0.9984092116355896,BENIGN,0.877625048160553,False,False,ACTIVE,False,False
975,EXTERNAL_NPZ_SEQUENCE,ids_5_attacks_1000_sequences.npz,974,30794,2026-09-29T07:33:40.435203+00:00,5,,,SEQ-FE4DF095247C,,4,FTP-Patator,4,FTP-Patator,1.0,,0.04405522346496582,0.049567390233278275,False,HIGH,FAST_ATTACK_PATH,Random Forest,FTP-Patator,1.0,FTP-Patator,0.6736074090003967,FTP-Patator,0.9100790619850159,True,False,ACTIVE,False,False
976,EXTERNAL_NPZ_SEQUENCE,ids_5_attacks_1000_sequences.npz,975,30800,2026-09-29T07:33:40.435203+00:00,1,,,SEQ-CC4EBCDAF9AE,,4,FTP-Patator,4,FTP-Patator,0.9146872758865356,0.5195080041885376,0.02189629338681698,0.020199839025735855,False,MEDIUM,DEEP_ANALYSIS,CNN-BiLSTM,BENIGN,1.0,FTP-Patator,0.6536100506782532,FTP-Patator,0.9146872758865356,True,False,ACTIVE,False,False
977,EXTERNAL_NPZ_SEQUENCE,ids_5_attacks_1000_sequences.npz,976,30808,2026-09-29T07:33:40.435203+00:00,2,,,SEQ-51CD660CCC0B,,4,FTP-Patator,0,BENIGN,0.9985727071762085,0.016684640198946,0.030177894979715347,0.019787099212408066,False,NORMAL,DEEP_ANALYSIS,FedProx70 MLP,BENIGN,0.9765709042549133,BENIGN,0.9985727071762085,BENIGN,0.9798744320869446,False,False,ACTIVE,False,False
978,EXTERNAL_NPZ_SEQUENCE,ids_5_attacks_1000_sequences.npz,977,30815,2026-09-29T07:33:40.435203+00:00,3,,,SEQ-BDE36B786949,,4,FTP-Patator,4,FTP-Patator,0.6313565969467163,0.22886879742145538,0.03927237540483475,0.023397602140903473,False,LOW,DEEP_ANALYSIS,CNN-BiLSTM,BENIGN,0.9919686913490295,BENIGN,0.9986770749092102,FTP-Patator,0.6313565969467163,True,False,ACTIVE,False,False
979,EXTERNAL_NPZ_SEQUENCE,ids_5_attacks_1000_sequences.npz,978,30817,2026-09-29T07:33:40.435203+00:00,4,,,SEQ-FF9089F1037B,,4,FTP-Patator,4,FTP-Patator,0.8495395183563232,0.3027183413505554,0.03264154493808746,0.028101997449994087,False,LOW,DEEP_ANALYSIS,CNN-BiLSTM,BENIGN,1.0,BENIGN,0.9983890056610107,FTP-Patator,0.8495395183563232,True,False,ACTIVE,False,False
980,EXTERNAL_NPZ_SEQUENCE,ids_5_attacks_1000_sequences.npz,979,30821,2026-09-29T07:33:40.435203+00:00,5,,,SEQ-7C7AB206E612,,4,FTP-Patator,4,FTP-Patator,0.9998852610588074,,0.03046383149921894,0.03427544981241226,False,HIGH,FAST_ATTACK_PATH,Random Forest,FTP-Patator,0.9998852610588074,BENIGN,0.998583197593689,BENIGN,0.9606961011886597,True,False,ACTIVE,False,False
981,EXTERNAL_NPZ_SEQUENCE,ids_5_attacks_1000_sequences.npz,980,30825,2026-09-29T07:33:40.435203+00:00,1,,,SEQ-7CB1564CD472,,4,FTP-Patator,4,FTP-Patator,0.5040662884712219,0.1960744857788086,0.033127255737781525,0.03056066483259201,False,NORMAL,DEEP_ANALYSIS,CNN-BiLSTM,BENIGN,0.929018497467041,BENIGN,0.9983803033828735,FTP-Patator,0.5040662884712219,True,False,ACTIVE,False,False
982,EXTERNAL_NPZ_SEQUENCE,ids_5_attacks_1000_sequences.npz,981,30826,2026-09-29T07:33:40.435203+00:00,2,,,SEQ-8C2EECB69463,,4,FTP-Patator,4,FTP-Patator,0.9408537745475769,0.5199474692344666,0.032942794263362885,0.021599993109703064,False,MEDIUM,DEEP_ANALYSIS,CNN-BiLSTM,BENIGN,1.0,FTP-Patator,0.6190240979194641,FTP-Patator,0.9408537745475769,True,False,ACTIVE,False,False
983,EXTERNAL_NPZ_SEQUENCE,ids_5_attacks_1000_sequences.npz,982,30856,2026-09-29T07:33:40.435203+00:00,3,,,SEQ-149410C2F0CC,,4,FTP-Patator,4,FTP-Patator,0.6581650376319885,0.20752614736557007,0.0527011901140213,0.031398188322782516,False,LOW,DEEP_ANALYSIS,FedProx70 MLP,BENIGN,1.0,FTP-Patator,0.6581650376319885,BENIGN,0.9937958717346191,True,False,ACTIVE,False,False
984,EXTERNAL_NPZ_SEQUENCE,ids_5_attacks_1000_sequences.npz,983,30858,2026-09-29T07:33:40.435203+00:00,4,,,SEQ-41AA2C085B25,,4,FTP-Patator,4,FTP-Patator,0.7813214063644409,0.47200149297714233,0.03622367978096008,0.031185952946543694,False,MEDIUM,DEEP_ANALYSIS,CNN-BiLSTM,BENIGN,0.9951786994934082,FTP-Patator,0.6404706835746765,FTP-Patator,0.7813214063644409,True,False,ACTIVE,False,False
985,EXTERNAL_NPZ_SEQUENCE,ids_5_attacks_1000_sequences.npz,984,30859,2026-09-29T07:33:40.435203+00:00,5,,,SEQ-80DE60174AC6,,4,FTP-Patator,4,FTP-Patator,1.0,,0.04569321870803833,0.05141032487154007,False,HIGH,FAST_ATTACK_PATH,Random Forest,FTP-Patator,1.0,FTP-Patator,0.6427901983261108,FTP-Patator,0.9358727931976318,True,False,ACTIVE,False,False
986,EXTERNAL_NPZ_SEQUENCE,ids_5_attacks_1000_sequences.npz,985,30862,2026-09-29T07:33:40.435203+00:00,1,,,SEQ-814C2B5F106A,,4,FTP-Patator,4,FTP-Patator,0.7795877456665039,0.48271575570106506,0.02189025469124317,0.020194267854094505,False,MEDIUM,DEEP_ANALYSIS,CNN-BiLSTM,BENIGN,1.0,FTP-Patator,0.6885883212089539,FTP-Patator,0.7795877456665039,True,False,ACTIVE,False,False
987,EXTERNAL_NPZ_SEQUENCE,ids_5_attacks_1000_sequences.npz,986,30864,2026-09-29T07:33:40.435203+00:00,2,,,SEQ-573035188BCF,,4,FTP-Patator,4,FTP-Patator,0.8693903088569641,0.5147030353546143,0.03264002501964569,0.02140147238969803,False,MEDIUM,DEEP_ANALYSIS,CNN-BiLSTM,BENIGN,0.9961729645729065,FTP-Patator,0.6825168132781982,FTP-Patator,0.8693903088569641,True,False,ACTIVE,False,False
988,EXTERNAL_NPZ_SEQUENCE,ids_5_attacks_1000_sequences.npz,987,30872,2026-09-29T07:33:40.435203+00:00,3,,,SEQ-B455E410436B,,4,FTP-Patator,0,BENIGN,0.9985809326171875,0.00946437381207943,0.03406105190515518,0.02029281109571457,False,NORMAL,DEEP_ANALYSIS,FedProx70 MLP,BENIGN,0.9919686913490295,BENIGN,0.9985809326171875,BENIGN,0.9933621883392334,False,False,ACTIVE,False,False
989,EXTERNAL_NPZ_SEQUENCE,ids_5_attacks_1000_sequences.npz,988,30875,2026-09-29T07:33:40.435203+00:00,4,,,SEQ-17446410B627,,4,FTP-Patator,0,BENIGN,1.0,0.006417637690901756,0.03264617547392845,0.02810598351061344,False,NORMAL,DEEP_ANALYSIS,Random Forest,BENIGN,1.0,BENIGN,0.9983620047569275,BENIGN,0.9970591068267822,False,False,ACTIVE,False,False
990,EXTERNAL_NPZ_SEQUENCE,ids_5_attacks_1000_sequences.npz,989,30886,2026-09-29T07:33:40.435203+00:00,5,,,SEQ-80A903021698,,4,FTP-Patator,4,FTP-Patator,0.9794067144393921,,0.06410565227270126,0.07212651520967484,False,HIGH,FAST_ATTACK_PATH,Random Forest,FTP-Patator,0.9794067144393921,BENIGN,0.9995312690734863,BENIGN,0.9752734899520874,True,False,ACTIVE,False,False
991,EXTERNAL_NPZ_SEQUENCE,ids_5_attacks_1000_sequences.npz,990,30913,2026-09-29T07:33:40.435203+00:00,1,,,SEQ-A861146BAE70,,4,FTP-Patator,4,FTP-Patator,0.7874186635017395,0.2954130172729492,0.07117083668708801,0.06565675139427185,False,LOW,DEEP_ANALYSIS,CNN-BiLSTM,BENIGN,0.9549988508224487,BENIGN,0.9995312690734863,FTP-Patator,0.7874186635017395,True,False,ACTIVE,False,False
992,EXTERNAL_NPZ_SEQUENCE,ids_5_attacks_1000_sequences.npz,991,30928,2026-09-29T07:33:40.435203+00:00,2,,,SEQ-2AFF4384FBAD,,4,FTP-Patator,4,FTP-Patator,0.6882796883583069,0.43752601742744446,0.03287174925208092,0.021553410217165947,False,MEDIUM,DEEP_ANALYSIS,CNN-BiLSTM,BENIGN,0.9961729645729065,FTP-Patator,0.636439859867096,FTP-Patator,0.6882796883583069,True,False,ACTIVE,False,False
993,EXTERNAL_NPZ_SEQUENCE,ids_5_attacks_1000_sequences.npz,992,30940,2026-09-29T07:33:40.435203+00:00,3,,,SEQ-38B11EF365AB,,4,FTP-Patator,4,FTP-Patator,0.9003297090530396,0.5265361070632935,0.052601009607315063,0.03133850172162056,False,MEDIUM,DEEP_ANALYSIS,CNN-BiLSTM,BENIGN,1.0,FTP-Patator,0.6784350872039795,FTP-Patator,0.9003297090530396,True,False,ACTIVE,False,False
994,EXTERNAL_NPZ_SEQUENCE,ids_5_attacks_1000_sequences.npz,993,30942,2026-09-29T07:33:40.435203+00:00,4,,,SEQ-D7F676C18E1F,,4,FTP-Patator,4,FTP-Patator,0.8079931139945984,0.480592280626297,0.03609882667660713,0.031078463420271873,False,MEDIUM,DEEP_ANALYSIS,CNN-BiLSTM,BENIGN,0.9951786994934082,FTP-Patator,0.6380521655082703,FTP-Patator,0.8079931139945984,True,False,ACTIVE,False,False
995,EXTERNAL_NPZ_SEQUENCE,ids_5_attacks_1000_sequences.npz,994,30943,2026-09-29T07:33:40.435203+00:00,5,,,SEQ-E4880EE146CD,,4,FTP-Patator,4,FTP-Patator,1.0,,0.031066806986927986,0.03495386615395546,False,HIGH,FAST_ATTACK_PATH,Random Forest,FTP-Patator,1.0,BENIGN,0.99835205078125,FTP-Patator,0.9146450757980347,True,False,ACTIVE,False,False
996,EXTERNAL_NPZ_SEQUENCE,ids_5_attacks_1000_sequences.npz,995,30944,2026-09-29T07:33:40.435203+00:00,1,,,SEQ-8E2328446397,,4,FTP-Patator,0,BENIGN,0.9985218644142151,0.17053130269050598,0.03297963738441467,0.030424483120441437,False,NORMAL,DEEP_ANALYSIS,FedProx70 MLP,BENIGN,0.9250667095184326,BENIGN,0.9985218644142151,BENIGN,0.5709878206253052,False,False,ACTIVE,False,False
997,EXTERNAL_NPZ_SEQUENCE,ids_5_attacks_1000_sequences.npz,996,30946,2026-09-29T07:33:40.435203+00:00,2,,,SEQ-44346A4D1CD7,,4,FTP-Patator,4,FTP-Patator,0.9063079953193665,0.5264585018157959,0.032946743071079254,0.021602582186460495,False,MEDIUM,DEEP_ANALYSIS,CNN-BiLSTM,BENIGN,0.9466841816902161,FTP-Patator,0.6454851627349854,FTP-Patator,0.9063079953193665,True,False,ACTIVE,False,False
998,EXTERNAL_NPZ_SEQUENCE,ids_5_attacks_1000_sequences.npz,997,30951,2026-09-29T07:33:40.435203+00:00,3,,,SEQ-C312A5A42102,,4,FTP-Patator,4,FTP-Patator,0.8597111105918884,0.5275795459747314,0.049613308161497116,0.029558498412370682,False,MEDIUM,DEEP_ANALYSIS,CNN-BiLSTM,BENIGN,0.9858927130699158,FTP-Patator,0.7213907837867737,FTP-Patator,0.8597111105918884,True,False,ACTIVE,False,False
999,EXTERNAL_NPZ_SEQUENCE,ids_5_attacks_1000_sequences.npz,998,30954,2026-09-29T07:33:40.435203+00:00,4,,,SEQ-EBBA0D084572,,4,FTP-Patator,0,BENIGN,1.0,0.12182591110467911,0.032648246735334396,0.028107766062021255,False,NORMAL,DEEP_ANALYSIS,Random Forest,BENIGN,1.0,BENIGN,0.9984777569770813,BENIGN,0.6672228574752808,False,False,ACTIVE,False,False
1000,EXTERNAL_NPZ_SEQUENCE,ids_5_attacks_1000_sequences.npz,999,33907,2026-09-29T07:33:40.435203+00:00,5,,,SEQ-E815370DDF4E,,4,FTP-Patator,4,FTP-Patator,1.0,,0.031078390777111053,0.03496690094470978,False,HIGH,FAST_ATTACK_PATH,Random Forest,FTP-Patator,1.0,BENIGN,0.9983235001564026,BENIGN,0.9982506632804871,True,False,ACTIVE,False,False
