client_id,profile_ordinal,validation_index,true_class_id,processing_path,always_run_all_ms,adaptive_ms,latency_savings_ms,latency_savings_percent,rf_ms,ae_ms,fedprox70_ms,cnn_bilstm_ms,risk_fusion_ms
1,0,272,0,DEEP_ANALYSIS,28.113999986089766,26.716899999883026,1.3970999862067401,4.969410211631204,25.92800001730211,0.8227000071201473,0.39289999403990805,0.9175000013783574,0.03819999983534217
1,1,49120,0,DEEP_ANALYSIS,27.828099991893396,28.46760000102222,-0.6395000091288239,-2.298036909868502,25.815100001636893,0.7157000072766095,0.33149999217130244,0.9186000097543001,0.03329999162815511
1,2,35118,0,DEEP_ANALYSIS,29.259699978865683,28.059400006895885,1.2002999719697982,4.102229253330609,27.280100010102615,0.5732999998144805,0.3507999936118722,1.0039999906439334,0.0357000099029392
1,3,25769,0,DEEP_ANALYSIS,27.65089998138137,29.515900008846074,-1.8650000274647027,-6.744807686984848,25.398800004040822,0.9005999891087413,0.34779999987222254,0.9544999920763075,0.03269998705945909
1,4,38498,0,DEEP_ANALYSIS,28.4795000043232,27.965800021775067,0.5136999825481325,1.803753515581919,26.34719997877255,0.748499995097518,0.36109998472966254,0.9743999980855733,0.031199975637719035
1,5,18274,0,DEEP_ANALYSIS,27.35190000385046,27.895300008822232,-0.5434000049717724,-1.9866992965581014,25.135900010354817,0.8306000090669841,0.371300004189834,0.9674000029917806,0.03129997639916837
1,6,35270,0,DEEP_ANALYSIS,26.689000020269305,28.37549999821931,-1.6864999779500067,-6.319082680764257,25.367599999299273,0.505700008943677,0.19069999689236283,0.5879999953322113,0.02440001117065549
1,7,29591,0,DEEP_ANALYSIS,28.060399985406548,27.500600001076236,0.5597999843303114,1.9949821977642808,26.82429997366853,0.4689999914262444,0.18289999570697546,0.5489999894052744,0.021799991372972727
1,8,24081,0,DEEP_ANALYSIS,27.77839999180287,27.95620000688359,-0.1778000150807202,-0.640065717007413,25.70150000974536,0.7430999830830842,0.3412000078242272,0.9490000084042549,0.031100003980100155
1,9,28352,0,DEEP_ANALYSIS,26.30580001277849,28.657899994868785,-2.3520999820902944,-8.94137407319953,24.930399988079444,0.5350999999791384,0.2504000149201602,0.5557000113185495,0.02379997749812901
1,10,45733,0,DEEP_ANALYSIS,28.24539999710396,30.639300006441772,-2.3939000093378127,-8.475362393817267,26.081699994392693,0.8137999975588173,0.3480000013951212,0.9586000232957304,0.031400006264448166
1,11,29408,0,DEEP_ANALYSIS,27.081600012024865,27.302500006044284,-0.22089999401941895,-0.8156829504952964,26.03479998651892,0.2682000049389899,0.1689000055193901,0.5780000064987689,0.021799991372972727
1,12,13473,0,DEEP_ANALYSIS,28.81879999767989,28.216300008352846,0.6024999893270433,2.0906491227099973,26.846400025533512,0.7242000137921423,0.3171999996993691,0.8901000255718827,0.028700014809146523
1,13,35512,0,DEEP_ANALYSIS,30.651100008981302,28.804200002923608,1.8469000060576946,6.025558643952487,28.444700001273304,0.7916000031400472,0.3360999980941415,1.0323000024072826,0.033499993151053786
1,14,44492,0,DEEP_ANALYSIS,27.080200001364574,26.481400011107326,0.5987999902572483,2.211209630014087,25.075000012293458,0.7184999994933605,0.33239999902434647,0.9116000146605074,0.030800001695752144
1,15,9405,0,DEEP_ANALYSIS,26.985600008629262,26.34119999129325,0.6444000173360109,2.3879402982700006,25.47589997993782,0.6707000138703734,0.22799998987466097,0.5798999918624759,0.021599989850074053
1,16,45487,0,DEEP_ANALYSIS,26.65709998109378,26.38870000373572,0.2683999773580581,1.0068611272359613,24.42429997608997,0.8652999822515994,0.35849999403581023,0.9645000100135803,0.032199983252212405
1,17,32397,0,DEEP_ANALYSIS,28.422800009138882,26.840100006666034,1.5827000024728477,5.568416911648242,26.55499998945743,0.977399991825223,0.23740000324323773,0.613499985774979,0.027000001864507794
1,18,9833,0,DEEP_ANALYSIS,27.21550001297146,27.755799994338304,-0.540299981366843,-1.9852656798858188,25.037899991730228,0.8649999799672514,0.31709999893791974,0.9504999907221645,0.03200001083314419
1,19,43934,0,DEEP_ANALYSIS,28.591399983270094,29.12399999331683,-0.5326000100467354,-1.8627979404939237,26.471500023035333,0.8274000138044357,0.32679998548701406,0.9230999858118594,0.031100003980100155
1,20,13101,0,DEEP_ANALYSIS,27.079799998318776,27.183400001376867,-0.1036000030580908,-0.38257299930030025,25.260499998694286,0.4963999963365495,0.3308999876026064,0.9486000053584576,0.031000003218650818
1,21,3936,0,DEEP_ANALYSIS,26.856100012082607,27.35469999606721,-0.4985999839846045,-1.8565613911189023,25.490600004559383,0.5778000049758703,0.18870001076720655,0.5671999824699014,0.021899992134422064
1,22,11164,0,DEEP_ANALYSIS,28.403500007698312,29.173199989600107,-0.7696999819017947,-2.709877239400707,26.66859998134896,0.7295999967027456,0.2502000133972615,0.7178999949246645,0.025899993488565087
1,23,26749,0,DEEP_ANALYSIS,26.52049998869188,26.439600012963638,0.08089997572824359,0.30504694769230845,25.185299979057163,0.5562000151257962,0.16570001025684178,0.5822000093758106,0.022499996703118086
1,24,21661,0,DEEP_ANALYSIS,26.217499980702996,27.02300000237301,-0.8055000216700137,-3.072375406743168,24.799800012260675,0.6474999827332795,0.1871999993454665,0.5478000093717128,0.02479998511262238
1,25,20410,0,DEEP_ANALYSIS,25.836699991486967,27.330400014761835,-1.4937000232748687,-5.781311172738909,24.534399999538437,0.5383000243455172,0.20300000323913991,0.5287000094540417,0.022099993657320738
1,26,26398,0,DEEP_ANALYSIS,27.46020001359284,28.255999990506098,-0.7957999769132584,-2.898012310614403,26.0122999898158,0.551999983144924,0.21510000806301832,0.6406999891623855,0.02500001573935151
1,27,29681,0,DEEP_ANALYSIS,27.46000001206994,28.498300001956522,-1.038299989886582,-3.781136159614716,26.001599995652214,0.5857999785803258,0.20599999697878957,0.635099975625053,0.021700019715353847
1,28,10001,0,DEEP_ANALYSIS,29.679900006158277,27.8866000007838,1.7933000053744763,6.042136277421369,28.395699977409095,0.47060000360943377,0.19000002066604793,0.5928999744355679,0.021700019715353847
1,29,2109,0,DEEP_ANALYSIS,27.25539999664761,27.699700003722683,-0.44430000707507133,-1.6301357056939902,25.106400018557906,0.8190999797079712,0.3755000070668757,0.9109000093303621,0.02989999484270811
1,30,25971,0,DEEP_ANALYSIS,27.67939999466762,26.53119998285547,1.1482000118121505,4.148211348632373,25.752900022780523,0.599899998633191,0.3556000010576099,0.9390999912284315,0.021800020476803184
1,31,14937,0,DEEP_ANALYSIS,27.964600012637675,26.97529998840764,0.9893000242300332,3.5376870178116326,25.62709999619983,0.9824000007938594,0.3505999920889735,0.9593000286258757,0.032400013878941536
1,32,15394,0,DEEP_ANALYSIS,26.60799998557195,26.97990002343431,-0.3719000378623605,-1.3977000829225095,25.356699974508956,0.4864000075031072,0.17340001068077981,0.5607999919448048,0.021599989850074053
1,33,27637,0,DEEP_ANALYSIS,26.905500009888783,30.83510001306422,-3.9296000031754375,-14.605192253372588,25.57560001150705,0.5368000129237771,0.21739999647252262,0.5464999994728714,0.020500010577961802
1,34,28690,0,DEEP_ANALYSIS,26.94030001293868,26.941899996018037,-0.0015999830793589354,-0.0059389950319428805,25.53559999796562,0.5397000059019774,0.20179999410174787,0.6301999965216964,0.02400000812485814
1,35,19832,0,DEEP_ANALYSIS,29.300499998498708,29.979699989780784,-0.6791999912820756,-2.3180491504133935,27.36100001493469,0.5104000156279653,0.3581999917514622,1.0271999926771969,0.02989999484270811
1,36,12455,0,DEEP_ANALYSIS,29.433000017888844,26.826499990420416,2.606500027468428,8.855706268080878,27.853699983097613,0.7909999985713512,0.1720000000204891,0.5848000000696629,0.022299995180219412
1,37,4559,0,DEEP_ANALYSIS,28.66609999909997,37.003799981903285,-8.337699982803315,-29.08557488833533,27.51949999947101,0.43000001460313797,0.17590000061318278,0.5126000032760203,0.020099978428333998
1,38,23306,0,DEEP_ANALYSIS,29.147199995350093,36.97169999941252,-7.824500004062429,-26.844774130313326,27.30610000435263,0.426900020102039,0.37850000080652535,0.9958000155165792,0.028499984182417393
1,39,26407,0,DEEP_ANALYSIS,36.53219999978319,32.57609999855049,3.9561000012326986,10.829076817865273,25.825499993516132,5.906799982767552,2.015199977904558,2.725700003793463,0.022899999748915434
1,40,5058,0,DEEP_ANALYSIS,27.59320000768639,28.51199998985976,-0.9187999821733683,-3.329805828673102,25.527699996018782,0.6578000029549003,0.3696999920066446,1.0011999984271824,0.023999979021027684
1,41,13670,0,DEEP_ANALYSIS,27.43799999007024,280.57810000609607,-253.14010001602583,-922.5894748437815,25.12509998632595,0.7551999879069626,0.5381000228226185,0.9772000194061548,0.030399998649954796
1,42,29307,0,DEEP_ANALYSIS,305.4511999944225,257.6408999739215,47.81030002050102,15.652352985149193,288.69260000647046,6.2692000064998865,3.0683999939356,7.056000002194196,0.27099999715574086
1,43,32455,0,DEEP_ANALYSIS,185.0671999854967,49.74480002420023,135.32239996129647,73.12068263414662,179.93469999055378,0.8492000051774085,0.3622999938670546,3.8449999992735684,0.04909999552182853
1,44,24374,0,DEEP_ANALYSIS,47.9918000055477,42.790799983777106,5.2010000217705965,10.837268077399424,45.29020001064055,1.1072000197600573,0.36589999217540026,1.1685999925248325,0.04269997589290142
1,45,16203,0,DEEP_ANALYSIS,36.49790000054054,42.96070002601482,-6.46280002547428,-17.707320216720866,34.319300000788644,0.6071999960113317,0.36410000757314265,1.1501999979373068,0.03960001049563289
1,46,20096,0,DEEP_ANALYSIS,31.44120000069961,41.75759997451678,-10.31639997381717,-32.81172465932476,29.07800002139993,1.025000005029142,0.30559999868273735,0.9642000077292323,0.05210001836530864
1,47,25783,0,DEEP_ANALYSIS,41.327199985971674,34.593399992445484,6.7337999935261905,16.293869402746733,38.95620000548661,0.8764999802224338,0.5136000108905137,0.9206999966409057,0.04529999569058418
1,48,34011,0,DEEP_ANALYSIS,39.663199975620955,29.553200001828372,10.109999973792583,25.489622572073635,37.68569999374449,0.7079000060912222,0.40439999429509044,0.8148000051733106,0.03580001066438854
1,49,37347,0,DEEP_ANALYSIS,39.906199992401525,39.815700001781806,0.09049999061971903,0.2267817798661636,37.99390001222491,0.5098000110592693,0.34169998252764344,1.0094000026583672,0.036200013710185885
1,50,2801,1,DEEP_ANALYSIS,40.165400016121566,39.509299997007474,0.656100019114092,1.6334955430563296,38.28789998078719,0.6923000037204474,0.2992999798152596,0.8388000132981688,0.03400002606213093
1,51,2993,1,DEEP_ANALYSIS,30.47230001538992,39.26250000949949,-8.790199994109571,-28.846526155459596,28.710999991744757,0.42959998245351017,0.30599997262470424,0.9771999903023243,0.034900003811344504
1,52,1373,1,DEEP_ANALYSIS,30.87229997618124,40.296200022567064,-9.423900046385825,-30.525422639895964,28.92680000513792,0.45810002484358847,0.3604999801609665,1.0762999881990254,0.03700001980178058
1,53,1176,1,DEEP_ANALYSIS,29.213600006187335,29.177899996284395,0.0357000099029392,0.1222033912129216,27.111499977763742,0.8744999940972775,0.36230002297088504,0.818600005004555,0.03309999010525644
1,54,1196,1,DEEP_ANALYSIS,39.70690001733601,39.27130001829937,0.43559999903663993,1.097038547069797,37.826199986739084,0.6470000080298632,0.28989999555051327,0.8968999900389463,0.033100019209086895
1,55,1908,1,DEEP_ANALYSIS,39.30530001525767,30.455500003881752,8.849800011375919,22.51553863713182,37.26409998489544,0.6604999944102019,0.3429999924264848,0.9842000144999474,0.038700003642588854
1,56,1608,1,DEEP_ANALYSIS,31.853799999225885,30.672499997308478,1.181300001917407,3.708505741688951,29.65879999101162,0.9576999873388559,0.35539999953471124,0.8341000066138804,0.03339999238960445
1,57,633,1,DEEP_ANALYSIS,28.989499987801537,44.55150000285357,-15.562000015052035,-53.681505447145874,27.026700001442805,0.6559999892488122,0.28750000637955964,0.9725999843794852,0.032899988582357764
1,58,2797,1,DEEP_ANALYSIS,43.949499988229945,36.28269999171607,7.666799996513873,17.44456705666073,41.55289998743683,0.8117999823298305,0.378400000045076,1.1486999865155667,0.04029998672194779
1,59,2521,1,DEEP_ANALYSIS,32.1832999761682,31.76430001622066,0.41899995994754136,1.3019173305963394,30.35970000200905,0.593100005062297,0.30559999868273735,0.8789999992586672,0.031100003980100155
1,60,2382,1,DEEP_ANALYSIS,40.36220000125468,40.53790000034496,-0.1756999990902841,-0.43530828122555854,38.2689000107348,0.8148999768309295,0.34130000858567655,0.8885999850463122,0.034199998481199145
1,61,1006,1,DEEP_ANALYSIS,28.694800013909116,29.23659997759387,-0.5417999636847526,-1.88814685386247,26.854499999899417,0.7018999895080924,0.2662999904714525,0.8292999991681427,0.031400006264448166
1,62,1866,1,DEEP_ANALYSIS,101.08279998530634,29.30920000653714,71.7735999787692,71.00476044312425,98.90540002379566,0.7039000047370791,0.35940000088885427,1.0591999744065106,0.040000013541430235
1,63,2033,1,DEEP_ANALYSIS,28.456100000767037,29.19800000381656,-0.7419000030495226,-2.6071738679212,26.629200001480058,0.6763999990653247,0.27299998328089714,0.8333000005222857,0.030199997127056122
1,64,387,1,DEEP_ANALYSIS,40.51130000152625,40.22210001130588,0.2891999902203679,0.7138748699979324,38.452799984952435,0.6331999902613461,0.39250002009794116,0.9804000146687031,0.037200021324679255
1,65,1924,1,DEEP_ANALYSIS,39.31289998581633,30.184300005203113,9.128599980613217,23.220367828134574,37.28810002212413,0.7554999901913106,0.30330001027323306,0.916799996048212,0.03290001768618822
1,66,1549,1,DEEP_ANALYSIS,40.81370000494644,43.22759999195114,-2.4138999870046973,-5.914435561373126,37.769799993839115,1.285900012589991,0.6613000005017966,1.0379999876022339,0.039399979868903756
1,67,1746,1,DEEP_ANALYSIS,29.499600001145154,29.595600004540756,-0.09600000339560211,-0.32542815289656624,27.63609998510219,0.6204000092111528,0.2830000012181699,0.9033000096678734,0.03789999755099416
1,68,1409,1,DEEP_ANALYSIS,39.81529999873601,28.36380002554506,11.451499973190948,28.761556420658618,37.713300000177696,0.7393000123556703,0.32029999420046806,0.9939000010490417,0.03509997623041272
1,69,529,1,DEEP_ANALYSIS,39.958000008482486,30.640000011771917,9.317999996710569,23.31948544655012,37.46640001190826,1.0810999956447631,0.35659997956827283,1.0006999946199358,0.03880000440403819
1,70,2194,1,DEEP_ANALYSIS,29.16999999433756,29.214000009233132,-0.04400001489557326,-0.15083995510495196,27.487699990160763,0.508100027218461,0.3339000104460865,0.7931999862194061,0.032499985536560416
1,71,1193,1,DEEP_ANALYSIS,39.524000021629035,31.289700011257082,8.234300010371953,20.833670695946342,37.73660000297241,0.525400013430044,0.2919000107795,0.9260000078938901,0.031899980967864394
1,72,451,1,DEEP_ANALYSIS,40.82160000689328,29.032799997366965,11.788800009526312,28.878828873771766,38.83889998542145,0.7068999984767288,0.2989000058732927,0.9259000071324408,0.0337999954354018
1,73,3042,1,DEEP_ANALYSIS,39.77669999585487,29.8692999931518,9.90740000270307,24.907546387044476,37.74570001405664,0.829099997645244,0.2762999793048948,0.8786999969743192,0.03409999771974981
1,74,1719,1,DEEP_ANALYSIS,39.36300001805648,28.54149998165667,10.821500036399812,27.491553061087327,37.29599999496713,0.7317999843508005,0.4552000027615577,0.8306000090669841,0.03710002056322992
1,75,3051,1,DEEP_ANALYSIS,28.86180000496097,39.63929999736138,-10.777499992400408,-37.341745804308445,26.820300001418218,0.817699998151511,0.3116000152658671,0.8614999824203551,0.032499985536560416
1,76,1396,1,DEEP_ANALYSIS,40.43989998172037,28.677299997070804,11.762599984649569,29.08661987286441,38.48069999366999,0.6547000084538013,0.28229999588802457,0.974599999608472,0.03470000228844583
1,77,378,1,DEEP_ANALYSIS,28.09849998448044,29.65280000353232,-1.5543000190518796,-5.531612078617583,26.247100002365187,0.6605999951716512,0.28670000028796494,0.860299973282963,0.031400006264448166
1,78,695,1,DEEP_ANALYSIS,39.86799999256618,28.74780001002364,11.120199982542545,27.89254536123213,38.02849998464808,0.6334999925456941,0.32079999800771475,0.8380000072065741,0.03359999391250312
1,79,1387,1,DEEP_ANALYSIS,31.41290001804009,39.67839997494593,-8.265499956905842,-26.312438368183305,29.12120000110008,0.7468000112567097,0.38010001298971474,1.1152000224683434,0.03600001218728721
1,80,1068,1,DEEP_ANALYSIS,30.83789997617714,29.058300016913563,1.779599959263578,5.770820842659042,28.956099995411932,0.6068999937269837,0.3327000013086945,0.8938999962992966,0.034100026823580265
1,81,2178,1,DEEP_ANALYSIS,31.268199993064627,39.78160000406206,-8.51340001099743,-27.22702302302571,29.650499986018986,0.41680000140331686,0.28619999648071826,0.8722000056877732,0.030800001695752144
1,82,441,1,DEEP_ANALYSIS,39.70990001107566,39.67440000269562,0.035500008380040526,0.08939838269584931,37.278800009517,0.965300016105175,0.5128999764565378,0.8969999908003956,0.03739999374374747
1,83,1909,1,DEEP_ANALYSIS,29.18589999899268,40.0526000012178,-10.866700002225116,-37.23270484240736,27.299600013066083,0.5603999888990074,0.3378999826963991,0.9407000034116209,0.03359999391250312
1,84,1512,1,DEEP_ANALYSIS,39.94250000687316,29.321399983018637,10.621100023854524,26.59097458102744,37.62519999872893,0.8011999889276922,0.4363000043667853,1.01039998116903,0.053099996875971556
1,85,3027,1,DEEP_ANALYSIS,30.609600013121963,40.076599980238825,-9.466999967116863,-30.928205409605074,28.480099979788065,0.8463000121992081,0.2969999914057553,0.9395999950356781,0.0329999893438071
1,86,2397,1,DEEP_ANALYSIS,30.644399987068027,38.88599999481812,-8.241600007750094,-26.894310253188376,28.772400022717193,0.5715000152122229,0.3620999923441559,0.8950999763328582,0.030499999411404133
1,87,2006,1,DEEP_ANALYSIS,29.66919998289086,39.64299999643117,-9.973800013540313,-33.616679988984664,27.838600013637915,0.7620000105816871,0.2638000005390495,0.7612999761477113,0.031100003980100155
1,88,1901,1,DEEP_ANALYSIS,30.009099980816245,30.579200014472008,-0.5701000336557627,-1.8997571870539516,28.383500000927597,0.4959999932907522,0.23860001238062978,0.844899972435087,0.03359999391250312
1,89,439,1,DEEP_ANALYSIS,38.854400016134605,29.038599983323365,9.81580003281124,25.263033346892882,36.538699991069734,1.0399999737273902,0.3223000094294548,0.9057999996002764,0.03330002073198557
1,90,548,1,DEEP_ANALYSIS,39.68310001073405,39.562399993883446,0.12070001685060561,0.30415974764561476,37.710700009483844,0.7624000136274844,0.29749999521300197,0.8672999974805862,0.03200001083314419
1,91,2210,1,DEEP_ANALYSIS,39.53789998195134,29.634300008183345,9.903599973767996,25.04837125464147,37.67469999729656,0.6466000049840659,0.2975999959744513,0.8727999811526388,0.03309999010525644
1,92,767,1,DEEP_ANALYSIS,40.75800001737662,39.32739997981116,1.4306000375654548,3.5099858603354877,38.490000006277114,0.7336999988183379,0.37730002077296376,1.108399999793619,0.03580001066438854
1,93,428,1,DEEP_ANALYSIS,28.645100013818592,30.23350000148639,-1.588399987667799,-5.545101908883348,26.48669999325648,0.8000000088941306,0.32130000181496143,0.9845000167842954,0.034900003811344504
1,94,823,1,DEEP_ANALYSIS,40.352400013944134,40.56339999078773,-0.2109999768435955,-0.5228932523732976,38.33329997723922,0.6374999938998371,0.4178000090178102,0.913099996978417,0.03480000304989517
1,95,850,1,DEEP_ANALYSIS,29.257999995024875,28.930600004969165,0.3273999900557101,1.1190101514504827,27.494999987538904,0.5460999964270741,0.26359999901615083,0.9076999849639833,0.0329999893438071
1,96,666,1,DEEP_ANALYSIS,41.0200999758672,30.320699996082112,10.699399979785085,26.08331034317254,39.03459999128245,0.6314000056590885,0.3077000146731734,0.9984000062104315,0.03470000228844583
1,97,3080,1,DEEP_ANALYSIS,30.592700000852346,39.328399987425655,-8.735699986573309,-28.5548512760558,28.677099995547906,0.6457999988924712,0.37039999733678997,0.8548999903723598,0.031100003980100155
1,98,2778,1,DEEP_ANALYSIS,40.616099984617904,29.965900001116097,10.650199983501807,26.221621444538602,38.56670000823215,0.8119000121951103,0.3252000024076551,0.8641999738756567,0.034500000765547156
1,99,886,1,DEEP_ANALYSIS,29.11780000431463,29.312400001799688,-0.19459999748505652,-0.6683197132208512,26.556600001640618,0.7894000154919922,0.44460000935941935,1.272600027732551,0.03730002208612859
1,100,47322,2,DEEP_ANALYSIS,29.902300011599436,30.001900013303384,-0.09960000170394778,-0.33308475155861533,28.252299991436303,0.38300000596791506,0.2722000062931329,0.9463999886065722,0.03659998765215278
1,101,48595,2,DEEP_ANALYSIS,30.270299990661442,29.798500007018447,0.47179998364299536,1.5586234156534569,28.592799993930385,0.5154999962542206,0.27630000840872526,0.8407999994233251,0.031400006264448166
1,102,48245,2,DEEP_ANALYSIS,40.247199998702854,30.594200012274086,9.652999986428767,23.984277134160585,38.2431999896653,0.701199984177947,0.30479999259114265,0.9510999952908605,0.03209998249076307
1,103,49762,2,DEEP_ANALYSIS,39.553699985845014,39.93250001803972,-0.3788000321947038,-0.9576854563043762,37.69990001455881,0.6328999879769981,0.2869000018108636,0.8897999941837043,0.031499977922067046
1,104,48393,2,DEEP_ANALYSIS,30.41569999186322,28.539299994008616,1.8763999978546053,6.169182357652718,28.56249999604188,0.5634000117424875,0.3277999931015074,0.9189000120386481,0.03130000550299883
1,105,43617,2,FAST_ATTACK_PATH,29.95629998622462,37.51750002265908,-7.561200036434457,-25.240767517722375,27.845800010254607,0.9596000018063933,0.28989999555051327,0.8156999829225242,0.03269998705945909
1,106,43719,2,DEEP_ANALYSIS,28.6750000086613,29.361300024902448,-0.6863000162411481,-2.393374075096254,26.6925000178162,0.7655000081285834,0.2671999973244965,0.9031000081449747,0.03400002606213093
1,107,43616,2,DEEP_ANALYSIS,39.1280000039842,39.778699981980026,-0.6506999779958278,-1.6630034193661072,37.09889997844584,0.7321999873965979,0.37390002398751676,0.8786999969743192,0.03170000854879618
1,108,48973,2,DEEP_ANALYSIS,40.63309999764897,39.53639999963343,1.0966999980155379,2.699031080766648,38.526899996213615,0.621799990767613,0.45640001189894974,0.9787000017240644,0.03470000228844583
1,109,48628,2,DEEP_ANALYSIS,40.198100003181025,29.62779998779297,10.570300015388057,26.29552146631704,38.36310000042431,0.6530999962706119,0.2626999921631068,0.8722000056877732,0.0329999893438071
1,110,43643,2,DEEP_ANALYSIS,41.16749999229796,41.5015000035055,-0.33400001120753586,-0.8113196362908217,39.01760000735521,0.6810000049881637,0.3505999920889735,1.0507999977562577,0.05080000846646726
1,111,47915,2,DEEP_ANALYSIS,28.55210000416264,40.17469999962486,-11.622599995462224,-40.70663801880686,26.576400006888434,0.7276999822352082,0.29739999445155263,0.9004000166896731,0.03540000761859119
1,112,48178,2,DEEP_ANALYSIS,30.252500000642613,29.211899993242696,1.0406000073999166,3.439715750360508,28.404600016074255,0.6525999924633652,0.27829999453388155,0.8687000081408769,0.03510000533424318
1,113,49200,2,DEEP_ANALYSIS,40.03259999444708,31.17010000278242,8.862499991664663,22.138207343250198,38.15449998364784,0.6012999801896513,0.3141000051982701,0.9182000067085028,0.031499977922067046
1,114,43709,2,DEEP_ANALYSIS,29.767600004561245,28.736100008245558,1.031499996315688,3.465176890839815,27.661899977829307,0.8474999922327697,0.31790000502951443,0.8927999879233539,0.03329999162815511
1,115,43737,2,DEEP_ANALYSIS,28.30599999288097,30.551700008800253,-2.245700015919283,-7.9336537005726075,26.487299997825176,0.6332000193651766,0.2697999880183488,0.8713999995961785,0.032499985536560416
1,116,43741,2,DEEP_ANALYSIS,29.77900000405498,30.346799991093576,-0.5677999870385975,-1.9067127403918223,27.888999989954755,0.6086000066716224,0.3684000112116337,0.8630999946035445,0.035299977753311396
1,117,48914,2,DEEP_ANALYSIS,39.9531000002753,40.263399976538494,-0.3102999762631953,-0.7766605751770379,37.55300000193529,0.9984000062104315,0.375300005543977,0.9848000190686435,0.029400020139291883
1,118,49833,2,DEEP_ANALYSIS,28.86459999717772,39.07020000042394,-10.205600003246218,-35.35680385054387,26.992800005245954,0.519900000654161,0.27359998784959316,1.0308999917469919,0.03470000228844583
1,119,47759,2,DEEP_ANALYSIS,38.70400000596419,28.50149999721907,10.202500008745119,26.360324532794905,36.938599980203435,0.6337999948300421,0.30929999775253236,0.7773000106681138,0.030399998649954796
1,120,43665,2,FAST_ATTACK_PATH,38.989200023934245,27.362799999536946,11.626400024397299,29.819539814256814,37.08460001507774,0.6904999900143594,0.3811000206042081,0.7880000048317015,0.03130000550299883
1,121,48717,2,DEEP_ANALYSIS,29.79980001691729,29.73419998306781,0.06560003384947777,0.2201358190734057,27.920199994696304,0.6663999811280519,0.28979999478906393,0.8783000230323523,0.03290001768618822
1,122,48696,2,DEEP_ANALYSIS,40.03119998378679,30.654800008051097,9.376399975735694,23.42273021926215,37.97919998760335,0.8931999909691513,0.2742999931797385,0.8399000216741115,0.032100011594593525
1,123,47670,2,DEEP_ANALYSIS,39.953600004082546,40.05169999436475,-0.09809999028220773,-0.24553479604387005,37.976000021444634,0.7680999988224357,0.2941999991890043,0.8669999951962382,0.03409999771974981
1,124,47936,2,FAST_ATTACK_PATH,39.44069999852218,36.87599999830127,2.5647000002209097,6.5026736348924015,37.50380000565201,0.7317000126931816,0.31659999513067305,0.8457000076305121,0.03060000017285347
1,125,49171,2,DEEP_ANALYSIS,33.57120000873692,38.996499992208555,-5.425299983471632,-16.160578061134824,31.51380000053905,0.7031999994069338,0.36020000698044896,0.9351999906357378,0.046600005589425564
1,126,49287,2,DEEP_ANALYSIS,38.811400008853525,31.657699990319088,7.153700018534437,18.43195560299953,36.774400010472164,0.7360000163316727,0.32449999707750976,0.9316000214312226,0.032400013878941536
1,127,43728,2,DEEP_ANALYSIS,29.18479999061674,40.116499993018806,-10.931700002402067,-37.45682686164284,27.179600001545623,0.7251999923028052,0.34329999471083283,0.8922000124584883,0.03190001007169485
1,128,48416,2,DEEP_ANALYSIS,29.367599985562265,39.879499992821366,-10.5119000072591,-35.7942086259244,27.304899995215237,0.47259998973459005,0.38330000825226307,1.1580999998841435,0.034199998481199145
1,129,48464,2,DEEP_ANALYSIS,29.58020000369288,29.462000005878508,0.11819999781437218,0.3995916112792197,27.37990001332946,1.0025000083260238,0.35730001400224864,0.7927000115159899,0.033499993151053786
1,130,43667,2,DEEP_ANALYSIS,29.12829999695532,28.70769999572076,0.4206000012345612,1.443956568967379,27.22419999190606,0.5769999988842756,0.3541999903973192,0.9283999970648438,0.03090000245720148
1,131,49824,2,DEEP_ANALYSIS,39.67689999262802,38.7586000142619,0.9182999783661216,2.314444874818199,37.49489999609068,0.7663000142201781,0.3375000087544322,1.03270000545308,0.03359999391250312
1,132,47921,2,DEEP_ANALYSIS,28.469999990193173,32.47410000767559,-4.004100017482415,-14.064278253816909,26.594199996907264,0.7135000196285546,0.28700000257231295,0.8321000204887241,0.031099974876269698
1,133,43623,2,DEEP_ANALYSIS,39.16919999755919,38.90549999778159,0.26369999977760017,0.6732330499321726,37.22369999741204,0.6877999985590577,0.3400999994482845,0.8706999942660332,0.03259998629800975
1,134,47374,2,DEEP_ANALYSIS,39.207200024975464,28.595999989192933,10.611200035782531,27.06441681380733,37.3095000104513,0.6894000107422471,0.28589999419637024,0.8766000100877136,0.03170000854879618
1,135,47651,2,DEEP_ANALYSIS,40.48210001201369,32.39680000115186,8.085300010861829,19.972531090191445,38.28159999102354,0.9068000072147697,0.3569000109564513,0.8864999981597066,0.03609998384490609
1,136,49060,2,DEEP_ANALYSIS,40.05520002101548,40.99279997171834,-0.937599950702861,-2.340769613460767,37.872099986998364,0.7594999915454537,0.2902999985963106,1.0882999922614545,0.03220001235604286
1,137,43717,2,DEEP_ANALYSIS,30.502399982651696,30.195800005458295,0.30659997719340026,1.0051667323482074,28.72820000629872,0.44299999717622995,0.29239998548291624,0.9903000027406961,0.035500008380040526
1,138,47507,2,DEEP_ANALYSIS,31.974900019122288,39.113699982408434,-7.1387999632861465,-22.32626203371036,30.247699993196875,0.5833999894093722,0.2671999973244965,0.833099998999387,0.031100003980100155
1,139,43757,2,DEEP_ANALYSIS,28.592699993168935,30.51069998764433,-1.9179999944753945,-6.708005871896053,26.749600016046315,0.64160002511926,0.29460000223480165,0.8632999961264431,0.031000003218650818
1,140,43610,2,DEEP_ANALYSIS,29.99489998910576,40.27450000285171,-10.279600013745949,-34.27115948871152,28.039700002409518,0.7352999818976969,0.28810001094825566,0.8836000051815063,0.0337999954354018
1,141,47810,2,DEEP_ANALYSIS,40.16510001383722,29.135099990526214,11.030000023311004,27.46165207981824,38.120999990496784,0.5819999787490815,0.3200999926775694,1.094800012651831,0.034500000765547156
1,142,43672,2,DEEP_ANALYSIS,39.703400019789115,39.891500025987625,-0.18810000619851053,-0.4737629676671445,37.6850999891758,0.8137999975588173,0.2933999930974096,0.8654999837744981,0.032800016924738884
1,143,43627,2,DEEP_ANALYSIS,39.75129997706972,34.1115000192076,5.639799957862124,14.187712002161955,37.680899986298755,0.5754999874625355,0.35799999022856355,1.077399996574968,0.042800005758181214
1,144,43753,2,DEEP_ANALYSIS,42.76209999807179,30.05430000484921,12.70779999322258,29.717436687617294,40.7474999956321,0.6336999940685928,0.3085000207647681,1.01940002059564,0.038300000596791506
1,145,43613,2,DEEP_ANALYSIS,39.52049999497831,39.722700021229684,-0.20220002625137568,-0.511633269510933,37.48909998103045,0.4762000171467662,0.2762000076472759,1.188700000056997,0.07760000880807638
1,146,49474,2,DEEP_ANALYSIS,29.034100007265806,29.847900004824623,-0.8137999975588173,-2.80291105064446,26.782499975524843,1.059500005794689,0.32759999157860875,0.8212999964598566,0.030800001695752144
1,147,49216,2,DEEP_ANALYSIS,28.567800007294863,39.710799988824874,-11.14299998153001,-39.00545361800564,26.534500007983297,0.7410999969579279,0.28780000866390765,0.9521000029053539,0.03440000000409782
1,148,48698,2,DEEP_ANALYSIS,30.739200010430068,29.30759999435395,1.4316000160761178,4.657245522298446,28.71179999783635,0.7154000049922615,0.30169999809004366,0.9609999833628535,0.034500000765547156
1,149,49186,2,DEEP_ANALYSIS,29.459399986080825,31.33009999874048,-1.870700012659654,-6.3500954314871825,27.530199993634596,0.7799000013619661,0.25019998429343104,0.8517999958712608,0.03559998003765941
1,150,40117,3,FAST_ATTACK_PATH,30.53160000126809,37.532899994403124,-7.001299993135035,-22.931323588820256,28.856200020527467,0.44100001105107367,0.33889999031089246,0.8506000158376992,0.0323000131174922
1,151,40387,3,FAST_ATTACK_PATH,40.34399997908622,37.74490000796504,2.599099971121177,6.44234575765545,38.26590001699515,0.6511000101454556,0.3443000023253262,1.0306000185664743,0.03770002513192594
1,152,40321,3,FAST_ATTACK_PATH,40.099100006045774,27.276000007987022,12.823099998058751,31.978523199087768,37.81459998572245,0.8233999833464622,0.4026999813504517,1.0065999813377857,0.03819999983534217
1,153,43126,3,DEEP_ANALYSIS,39.90390000399202,39.304499980062246,0.5994000239297748,1.5021088762497157,38.15529998973943,0.46129999100230634,0.2906000008806586,0.9477999992668629,0.03429999924264848
1,154,39254,3,FAST_ATTACK_PATH,39.4199000147637,27.96260002651252,11.45729998825118,29.064761665960965,37.27430000435561,0.8699999889358878,0.3068000078201294,0.9238999919034541,0.03220001235604286
1,155,41073,3,FAST_ATTACK_PATH,39.18580000754446,27.37419999903068,11.811600008513778,30.142551654527118,37.142999994102865,0.7852999842725694,0.3572999848984182,0.8558999979868531,0.032899988582357764
1,156,41859,3,FAST_ATTACK_PATH,39.659000001847744,28.05549997719936,11.603500024648383,29.258176010761154,37.63400000752881,0.7674999942537397,0.30529999639838934,0.905099994270131,0.03399999695830047
1,157,40816,3,FAST_ATTACK_PATH,39.56900001503527,37.87260001990944,1.6963999951258302,4.2871945070161965,37.503300001844764,0.822600006358698,0.31919998582452536,0.8784999954514205,0.032800016924738884
1,158,42846,3,FAST_ATTACK_PATH,29.51930000563152,28.46150001278147,1.0577999928500503,3.5834182810847457,27.291200007312,0.7552000170107931,0.36720000207424164,1.051200000802055,0.03949998063035309
1,159,41854,3,FAST_ATTACK_PATH,28.961900010472164,26.448799995705485,2.513100014766678,8.677262244044696,27.130700007546693,0.5987000185996294,0.3907000063918531,0.7962000090628862,0.03329999162815511
1,160,41098,3,FAST_ATTACK_PATH,39.18880000128411,26.83930000057444,12.349500000709668,31.512830197160945,36.7631999833975,1.055500004440546,0.34359999699518085,0.981399993179366,0.03329999162815511
1,161,41267,3,DEEP_ANALYSIS,40.0239999871701,40.25799999362789,-0.23400000645779073,-0.5846492267959241,38.21630001766607,0.5785000103060156,0.29009999707341194,0.895800010766834,0.03250001464039087
1,162,42724,3,FAST_ATTACK_PATH,29.67519999947399,27.328600001055747,2.3465999984182417,7.907613085875871,27.957200014498085,0.5325000092852861,0.2567000046838075,0.8827999990899116,0.03330002073198557
1,163,42126,3,FAST_ATTACK_PATH,28.585499996552244,28.830000024754554,-0.2445000282023102,-0.8553288493529931,26.54759999131784,0.5907999875489622,0.5284000071696937,0.8733999857213348,0.03329999162815511
1,164,39339,3,FAST_ATTACK_PATH,40.89040000690147,28.13869999954477,12.751700007356703,31.18507034708507,38.971200003288686,0.703999976394698,0.3521000035107136,0.8162999874912202,0.03409999771974981
1,165,41910,3,FAST_ATTACK_PATH,29.059199994662777,27.053400001022965,2.005799993639812,6.9024611620698835,27.047200012020767,0.7074000022839755,0.3845000173896551,0.8734000148251653,0.033499993151053786
1,166,40412,3,DEEP_ANALYSIS,38.870700023835525,39.55910002696328,-0.6884000031277537,-1.7709997574152938,36.83110000565648,0.7705000170972198,0.30350001179613173,0.9203999943565577,0.033100019209086895
1,167,42201,3,FAST_ATTACK_PATH,39.43720000097528,38.759700022637844,0.6774999783374369,1.7179210956170377,37.62200000346638,0.4588000010699034,0.2914000069722533,1.0156999924220145,0.03560000914148986
1,168,41661,3,FAST_ATTACK_PATH,28.225400019437075,37.92779997456819,-9.702399955131114,-34.374711956073874,26.561600010609254,0.4311000229790807,0.32629998167976737,0.8614000107627362,0.033100019209086895
1,169,39301,3,FAST_ATTACK_PATH,29.87970001413487,26.90450000227429,2.9752000118605793,9.957261988752007,27.82889999798499,0.6893000099807978,0.3166999958921224,0.9959999879356474,0.03500000457279384
1,170,41977,3,FAST_ATTACK_PATH,28.804300003685057,37.50199999194592,-8.697699988260865,-30.19583877111449,27.163199993083254,0.4626000009011477,0.27230000705458224,0.8628000214230269,0.031800009310245514
1,171,41217,3,FAST_ATTACK_PATH,29.65129999211058,28.00670001306571,1.6445999790448695,5.546468382440074,27.399599988711998,0.8652000105939806,0.40210000588558614,0.9280999947804958,0.03819999983534217
1,172,39097,3,FAST_ATTACK_PATH,29.111300013028085,26.96059999288991,2.1507000201381743,7.387852892779362,27.095900004496798,0.7068999984767288,0.4041000211145729,0.8528000034857541,0.03369999467395246
1,173,38916,3,FAST_ATTACK_PATH,39.588999992702156,37.952100014081225,1.6368999786209315,4.134734342677708,37.488099973415956,0.7594999915454537,0.3285999991931021,0.965600018389523,0.034900003811344504
1,174,42073,3,FAST_ATTACK_PATH,32.08280002581887,27.542499999981374,4.540300025837496,14.151819735757654,30.215499980840832,0.6111999973654747,0.37190000875853,0.8347999828401953,0.035200006095692515
1,175,41628,3,FAST_ATTACK_PATH,41.14549999940209,30.007500026840717,11.137999972561374,27.06978885351552,38.71930000605062,1.0291000071447343,0.34210001467727125,0.9982000046875328,0.04230000195093453
1,176,39627,3,FAST_ATTACK_PATH,30.099099996732548,28.468600008636713,1.6304999880958349,5.4171054558868414,28.022399987094104,0.6976999866310507,0.3252000024076551,1.0018000029958785,0.03789999755099416
1,177,43389,3,FAST_ATTACK_PATH,39.76680000778288,27.973899996140972,11.792900011641905,29.655139486541238,37.72299998672679,0.759899994591251,0.3127000236418098,0.9243999957107008,0.031800009310245514
1,178,40704,3,DEEP_ANALYSIS,28.480100008891895,39.823500002967194,-11.343399994075298,-39.829214049577516,26.85120000387542,0.42070000199601054,0.2764000091701746,0.8876999781932682,0.031400006264448166
1,179,39470,3,FAST_ATTACK_PATH,28.524199995445088,37.212700000964105,-8.688500005519018,-30.460100570415467,26.748400006908923,0.5315000016707927,0.3192000149283558,0.8756000024732202,0.03429999924264848
1,180,41996,3,DEEP_ANALYSIS,39.395100000547245,40.67139999824576,-1.2762999976985157,-3.239743007837996,37.460199993802235,0.6873999955132604,0.3310000174678862,0.8728000102564692,0.03209998249076307
1,181,41402,3,DEEP_ANALYSIS,41.217599995434284,32.95230001094751,8.265299984486774,20.052841469183864,39.1191000235267,0.7280000136233866,0.3220000071451068,0.9952000109478831,0.03899997682310641
1,182,39341,3,FAST_ATTACK_PATH,40.09319999022409,27.016399981221184,13.076800009002909,32.61600473943566,38.02279999945313,0.47209998592734337,0.3065000055357814,1.239899982465431,0.03759999526664615
1,183,42481,3,DEEP_ANALYSIS,28.879699995741248,28.99790002265945,-0.11820002691820264,-0.4092841232271562,26.625500002410263,0.7880000048317015,0.3766000154428184,1.041300012730062,0.034900003811344504
1,184,41527,3,FAST_ATTACK_PATH,39.206799992825836,27.764600003138185,11.442199989687651,29.184223124002408,37.32329999911599,0.6192000000737607,0.28369997744448483,0.9371000051032752,0.03130000550299883
1,185,41545,3,FAST_ATTACK_PATH,30.06330001517199,37.1856999990996,-7.1223999839276075,-23.691344530817172,27.993099996820092,0.8023999980650842,0.30020001577213407,0.9188000112771988,0.0337999954354018
1,186,42199,3,FAST_ATTACK_PATH,46.170700021320954,28.09570002136752,18.074999999953434,39.14820436252139,37.37769997678697,0.8795000030659139,0.3668999997898936,7.499800005462021,0.03360002301633358
1,187,40369,3,FAST_ATTACK_PATH,39.29099999368191,27.03510000719689,12.25589998648502,31.192639506390265,37.36950000165962,0.6049000076018274,0.2911000046879053,0.979500007815659,0.033899996196851134
1,188,43357,3,DEEP_ANALYSIS,41.15299999830313,32.57339997799136,8.579600020311773,20.84805487003508,39.08300001057796,0.593100005062297,0.35790001857094467,1.0602999827824533,0.04069998976774514
1,189,41908,3,FAST_ATTACK_PATH,29.129500006092712,26.962900010403246,2.1665999956894666,7.437820749536729,27.232499996898696,0.6696000054944307,0.2638000005390495,0.9178000036627054,0.03269998705945909
1,190,40673,3,FAST_ATTACK_PATH,29.482800018740818,27.270900027360767,2.211899991380051,7.502340313586399,26.990999991539866,0.906300003407523,0.3635999746620655,1.1719000176526606,0.03710002056322992
1,191,39200,3,FAST_ATTACK_PATH,40.06720002507791,26.50139998877421,13.565800036303699,33.8576192691601,38.1694000097923,0.6094000127632171,0.3116000152658671,0.9296000062022358,0.03440000000409782
1,192,40907,3,FAST_ATTACK_PATH,39.04340000008233,38.125499995658174,0.9179000044241548,2.350973543344635,37.01219998765737,0.531600002432242,0.3895999980159104,1.0582000249996781,0.03850000211969018
1,193,39007,3,DEEP_ANALYSIS,28.62729999469593,39.61780000827275,-10.99050001357682,-38.39167513392161,26.937599992379546,0.4695000243373215,0.33650000113993883,0.8390000148210675,0.032899988582357764
1,194,39562,3,DEEP_ANALYSIS,40.01249998691492,40.50260002259165,-0.49010003567673266,-1.2248673185554704,38.13910001190379,0.7183999987319112,0.2761000068858266,0.8359000203199685,0.03129997639916837
1,195,41633,3,DEEP_ANALYSIS,39.47590000461787,39.27269999985583,0.2032000047620386,0.5147444510150961,37.263300007907674,0.9349999891128391,0.30280000646598637,0.9231000149156898,0.03710002056322992
1,196,39033,3,FAST_ATTACK_PATH,41.10999999102205,37.672200007364154,3.4377999836578965,8.362442190242453,38.93079998670146,0.7982999959494919,0.37209998117759824,0.9580999903846532,0.036500015994533896
1,197,40405,3,DEEP_ANALYSIS,39.420199987944216,39.340299990726635,0.07989999721758068,0.2026879550129535,37.31700000935234,0.7685000018682331,0.40869999793358147,0.8778000192251056,0.03500000457279384
1,198,43425,3,FAST_ATTACK_PATH,28.845799999544397,28.202800021972507,0.6429999775718898,2.2290939325033303,26.92939998814836,0.759899994591251,0.28660002863034606,0.825700000859797,0.032899988582357764
1,199,40852,3,FAST_ATTACK_PATH,28.771000012056902,27.711399976396933,1.0596000356599689,3.6828752397063993,26.504899986321107,0.7088999846018851,0.6465000042226166,0.8633999968878925,0.034199998481199145
1,200,30013,4,DEEP_ANALYSIS,28.616299998247996,28.27809998416342,0.33820001408457756,1.181843963423935,26.936200010823086,0.5015999777242541,0.28119998751208186,0.8529999759048223,0.0323000131174922
1,201,29855,4,DEEP_ANALYSIS,39.47129999869503,30.758500011870638,8.712799986824393,22.073759889115507,37.68770000897348,0.5020000098738819,0.30360001255758107,0.9333000052720308,0.03309999010525644
1,202,29369,4,DEEP_ANALYSIS,30.35069999168627,29.28550000069663,1.0651999909896404,3.509638958183575,28.08509999886155,0.9968999947886914,0.34649998997338116,0.874500023201108,0.03440000000409782
1,203,30574,4,DEEP_ANALYSIS,40.62819998944178,29.93719998630695,10.691000003134832,26.314234954817454,38.55759999714792,0.5502999993041158,0.37039999733678997,1.0887000244110823,0.04169999738223851
1,204,30585,4,DEEP_ANALYSIS,28.534799988847226,28.814999997848645,-0.28020000900141895,-0.9819589032021764,26.687900011893362,0.6376000237651169,0.3488999791443348,0.8119999838527292,0.03480000304989517
1,205,30954,4,DEEP_ANALYSIS,39.75880000507459,42.2919999982696,-2.533199993195012,-6.371419642624246,37.20739998971112,0.8993999799713492,0.3938000008929521,1.1990999919362366,0.043199979700148106
1,206,30640,4,DEEP_ANALYSIS,29.628200019942597,32.02329998021014,-2.395099960267544,-8.083852406340627,26.6420999832917,1.0458999895490706,0.4403000057209283,1.433900004485622,0.04809998790733516
1,207,30227,4,DEEP_ANALYSIS,30.798799998592585,29.976699996041134,0.8221000025514513,2.6692598496987507,27.960600011283532,1.0207000013906509,0.46510001993738115,1.3014000141993165,0.03540000761859119
1,208,29839,4,DEEP_ANALYSIS,32.65999999712221,40.19870000774972,-7.538700010627508,-23.08236378227731,30.68249998614192,0.6935000128578395,0.29830000130459666,0.9381000127177685,0.03460000152699649
1,209,29669,4,DEEP_ANALYSIS,28.55930000077933,40.16640002373606,-11.607100022956729,-40.64210265181567,26.94730000803247,0.4146000137552619,0.2741000207606703,0.8692000119481236,0.03399999695830047
1,210,30309,4,DEEP_ANALYSIS,29.213700006948784,39.52059999573976,-10.306899988790974,-35.28104959775506,27.324100024998188,0.7019000186119229,0.2775999892037362,0.8668999944347888,0.03170000854879618
1,211,30316,4,DEEP_ANALYSIS,39.4594999961555,29.19189998647198,10.26760000968352,26.020603430565213,37.18329998082481,0.6175000162329525,0.3217000048607588,1.2801000266335905,0.04159999662078917
1,212,30189,4,DEEP_ANALYSIS,40.099100006045774,29.960499989101663,10.13860001694411,25.28385927717955,38.35690001142211,0.5495999939739704,0.2905000001192093,0.8566999749746174,0.03320001997053623
1,213,30333,4,DEEP_ANALYSIS,40.04940000595525,40.112200018484145,-0.06280001252889633,-0.15680637542524511,38.22260000742972,0.627999979769811,0.28670000028796494,0.8672999974805862,0.03269998705945909
1,214,29804,4,DEEP_ANALYSIS,28.755300008924678,28.36980001302436,0.385499995900318,1.3406224097146326,26.622100005624816,0.8678000012878329,0.3643000090960413,0.8531000057701021,0.03540000761859119
1,215,30945,4,DEEP_ANALYSIS,29.930300021078438,39.63889999431558,-9.708599973237142,-32.437362693991886,28.171999991172925,0.6001000001560897,0.3132999991066754,0.8006999851204455,0.032100011594593525
1,216,30112,4,DEEP_ANALYSIS,29.36849999241531,28.98490001098253,0.3835999814327806,1.3061613004812944,27.714299998478964,0.4025000089313835,0.27050002245232463,0.9232000156771392,0.04530002479441464
1,217,29701,4,DEEP_ANALYSIS,28.896100004203618,28.136000008089468,0.7600999961141497,2.630458767804566,26.90470000379719,0.9083000186365098,0.3341000119689852,0.7039000047370791,0.031400006264448166
1,218,30745,4,DEEP_ANALYSIS,29.903699993155897,29.540700023062527,0.3629999700933695,1.2138965083800661,27.90139999706298,0.7975000189617276,0.33989999792538583,0.8186999766621739,0.03339999238960445
1,219,29623,4,DEEP_ANALYSIS,31.462499988265336,29.710100003285334,1.752399984980002,5.569805278136194,29.1000000142958,1.0506999969948083,0.34309999318793416,0.9203999943565577,0.03409999771974981
1,220,30942,4,DEEP_ANALYSIS,30.394099972909316,29.81160001945682,0.5824999534524977,1.9164902200482594,28.507000009994954,0.6474000110756606,0.3136000013910234,0.8801999792922288,0.033199990866705775
1,221,29387,4,DEEP_ANALYSIS,30.4619999951683,29.567899997346103,0.8940999978221953,2.935132289291616,28.607200016267598,0.5981999856885523,0.3231000155210495,0.8886000141501427,0.032199983252212405
1,222,30325,4,DEEP_ANALYSIS,39.15679999045096,30.02189999097027,9.134899999480695,23.329025869602194,37.44200000073761,0.48160000005736947,0.30020001577213407,0.8879000088199973,0.03359999391250312
1,223,29590,4,DEEP_ANALYSIS,39.466299989726394,39.524099993286654,-0.05780000356025994,-0.14645407239925215,37.38090000115335,0.7815999852027744,0.3061999741476029,0.9526000067126006,0.03229998401366174
1,224,30449,4,DEEP_ANALYSIS,28.960199997527525,39.01629999745637,-10.056099999928847,-34.72386240698402,27.169300010427833,0.475099979666993,0.3313000197522342,0.9355999936815351,0.035900011425837874
1,225,30826,4,DEEP_ANALYSIS,39.80220001540147,39.31890000239946,0.4833000130020082,1.214254520642063,38.00879998016171,0.4712000081781298,0.35119999665766954,0.9246999979950488,0.03399999695830047
1,226,30875,4,DEEP_ANALYSIS,40.14289999031462,28.801800013752654,11.341099976561964,28.25182032015191,37.96910002711229,0.8065000001806766,0.4093000025022775,0.8914000063668936,0.051099981646984816
1,227,30035,4,DEEP_ANALYSIS,39.653000014368445,39.67860000557266,-0.025599991204217076,-0.06456003630227423,37.83099999418482,0.46270000166259706,0.3507999936118722,0.9600000048521906,0.036200013710185885
1,228,29372,4,DEEP_ANALYSIS,39.6265999879688,39.397999993525445,0.228599994443357,0.5768852097145937,37.670399993658066,0.6930000090505928,0.27970000519417226,0.9259000071324408,0.04370001261122525
1,229,29393,4,DEEP_ANALYSIS,39.32280000299215,39.227800007211044,0.09499999578110874,0.2415901099969483,37.42979999515228,0.6516999856103212,0.2742999931797385,0.9203999943565577,0.03269998705945909
1,230,30800,4,DEEP_ANALYSIS,39.14820001227781,39.39489999902435,-0.2466999867465347,-0.6301694245691084,37.28940000291914,0.612299976637587,0.2809999859891832,0.9209999989252537,0.032100011594593525
1,231,29374,4,DEEP_ANALYSIS,28.57140000560321,38.93199999583885,-10.360599990235642,-36.26213622084952,26.49269998073578,0.9471999946981668,0.29680001898668706,0.7910999993328005,0.03160000778734684
1,232,30946,4,DEEP_ANALYSIS,30.121599993435666,39.55779998796061,-9.43619999452494,-31.327021129625756,28.212000004714355,0.6447999912779778,0.32320001628249884,0.8978999976534396,0.03190001007169485
1,233,29414,4,DEEP_ANALYSIS,42.230899998685345,29.440200014505535,12.79069998417981,30.287538235221096,39.77319999830797,0.8562000002712011,0.43990000267513096,1.106200012145564,0.0386999745387584
1,234,30191,4,DEEP_ANALYSIS,30.959299998357892,30.30010001384653,0.6591999845113605,2.129247058384153,28.900800010887906,0.762699986808002,0.30640000477433205,0.9412999788764864,0.034199998481199145
1,235,29749,4,DEEP_ANALYSIS,29.770900000585243,30.21430000080727,-0.4434000002220273,-1.489373852363586,27.828100020997226,0.7507000118494034,0.29120000544935465,0.8550000202376395,0.03239998477511108
1,236,30645,4,DEEP_ANALYSIS,29.469700006302446,38.758200011216104,-9.288500004913658,-31.51881424964354,27.869299985468388,0.4582999972626567,0.2550000208429992,0.8418000070378184,0.03279998782090843
1,237,30147,4,DEEP_ANALYSIS,39.67259998898953,28.881200007162988,10.791399981826544,27.201141303623956,37.98560000723228,0.4631000047083944,0.2961999853141606,0.8809999853838235,0.03409999771974981
1,238,30584,4,DEEP_ANALYSIS,28.644900012295693,39.421699999365956,-10.776799987070262,-37.6220548245739,26.74130001105368,0.7689000049140304,0.29399999766610563,0.7962000090628862,0.03170000854879618
1,239,29736,4,DEEP_ANALYSIS,38.63539997837506,28.739800007315353,9.89559997105971,25.612779928765995,36.56760000740178,0.8797000045888126,0.295300007564947,0.8468000160064548,0.03170000854879618
1,240,29380,4,DEEP_ANALYSIS,39.92960002506152,30.345200008014217,9.584400017047301,24.00324574008185,37.59419999551028,0.7563999970443547,0.5166000046301633,1.001099997665733,0.04460001946426928
1,241,29448,4,DEEP_ANALYSIS,30.225700000301003,29.896199994254857,0.32950000604614615,1.0901319276075156,27.7166000159923,1.116100000217557,0.28440001187846065,1.0559000074863434,0.036999990697950125
1,242,29634,4,DEEP_ANALYSIS,39.4594999961555,39.02130000642501,0.43819998973049223,1.1105056824673034,37.55760000785813,0.6898999854456633,0.31350000062957406,0.8544999873265624,0.03220001235604286
1,243,29685,4,DEEP_ANALYSIS,29.151099995942786,40.223399992100894,-11.072299996158108,-37.98244319322131,26.98269998654723,0.8184000034816563,0.35990000469610095,0.9435999963898212,0.034199998481199145
1,244,30045,4,DEEP_ANALYSIS,29.901300003984943,28.692300023976713,1.2089999800082296,4.043302397712161,28.245699999388307,0.440500007243827,0.3145999799016863,0.8554999949410558,0.0323000131174922
1,245,30082,4,DEEP_ANALYSIS,30.628700013039634,28.90459998161532,1.7241000314243138,5.62903430668069,28.629299980821088,0.8136999967973679,0.2871000033337623,0.8517000242136419,0.03290001768618822
1,246,29404,4,DEEP_ANALYSIS,102.06409997772425,31.5732000162825,70.49089996144176,69.0653226519673,99.56560001592152,0.8335000020451844,0.4386999935377389,1.170099974842742,0.039300008211284876
1,247,29748,4,DEEP_ANALYSIS,41.39030000078492,30.768099997658283,10.622200003126636,25.663500875628344,39.16059999028221,0.7959999784361571,0.3643000090960413,0.9969000238925219,0.05669999518431723
1,248,29687,4,DEEP_ANALYSIS,39.841100020566955,28.520500025479123,11.320599995087832,28.414376082095778,37.94129999005236,0.6019999855197966,0.32560000545345247,0.9253000025637448,0.03220001235604286
1,249,30332,4,DEEP_ANALYSIS,29.31049998733215,40.706500003580004,-11.396000016247854,-38.88026482377697,27.503799996338785,0.529499986441806,0.2871000033337623,0.9429999918211251,0.03309999010525644
1,250,5935,5,DEEP_ANALYSIS,28.815099998610094,39.4562000001315,-10.641100001521409,-36.92890186754405,26.916000002529472,0.6877999985590577,0.2962999860756099,0.8698999881744385,0.03259998629800975
1,251,8202,5,DEEP_ANALYSIS,39.10150000592694,29.105800000252202,9.995700005674735,25.563469442756936,37.14359999867156,0.767299992730841,0.2767999831121415,0.8680000028107315,0.03390002530068159
1,252,7896,5,DEEP_ANALYSIS,38.96060000988655,39.36439999961294,-0.4037999897263944,-1.0364316504980087,37.26579999784008,0.5124000017531216,0.28450001263991,0.8479999960400164,0.03749999450519681
1,253,8435,5,DEEP_ANALYSIS,40.052199998172,29.401300009340048,10.650899988831952,26.592546699851855,38.1974000192713,0.5952000210527331,0.35440002102404833,0.8585000177845359,0.031800009310245514
1,254,8185,5,DEEP_ANALYSIS,40.20579997450113,28.85550001519732,11.350299959303811,28.23050397331298,37.689999997382984,1.0312999947927892,0.4290000069886446,0.9979999740608037,0.03960001049563289
1,255,7451,5,DEEP_ANALYSIS,40.128599997842684,39.780500024789944,0.3480999730527401,0.8674610454176174,38.16070000175387,0.7829999958630651,0.28830001247115433,0.8375000033993274,0.03920000744983554
1,256,7099,5,DEEP_ANALYSIS,29.031399986706674,39.4564000016544,-10.425000014947727,-35.9093947233729,27.334500016877428,0.5741000059060752,0.2929000183939934,0.7846000080462545,0.03159997868351638
1,257,8299,5,DEEP_ANALYSIS,29.242599994177,30.0557000155095,-0.8131000213325024,-2.780532584292822,27.357199985999614,0.5744000081904233,0.3315999929327518,0.9332000045105815,0.03350002225488424
1,258,8745,5,DEEP_ANALYSIS,29.99189999536611,29.01580001343973,0.9760999819263816,3.2545453341642028,27.94020000146702,0.7689000049140304,0.28509998810477555,0.9486000053584576,0.034999975468963385
1,259,8359,5,DEEP_ANALYSIS,39.36009999597445,39.067900012014434,0.29219998396001756,0.7423761219862304,37.31099999276921,0.8352000149898231,0.3262000100221485,0.8411000017076731,0.03170000854879618
1,260,8801,5,DEEP_ANALYSIS,32.176699984120205,29.87930001108907,2.2973999730311334,7.139949013307588,30.456600012257695,0.5634999834001064,0.2693000133149326,0.8445999992545694,0.030499999411404133
1,261,5801,5,DEEP_ANALYSIS,40.161000011721626,40.36879999330267,-0.20779998158104718,-0.5174173489713838,38.064599997596815,0.7310000073630363,0.4236999957356602,0.8911000040825456,0.03649998689070344
1,262,6633,5,DEEP_ANALYSIS,30.837099999189377,31.237099989084527,-0.39999998989515007,-1.2971388032780806,28.641399985644966,0.9947999787982553,0.34909998066723347,0.7993000035639852,0.03609998384490609
1,263,5695,5,DEEP_ANALYSIS,29.078499996103346,29.642699984833598,-0.5641999887302518,-1.94026510585435,26.826000015717,0.9849000198300928,0.26810000417754054,0.9503000183030963,0.03709999145939946
1,264,6114,5,DEEP_ANALYSIS,29.819799994584173,40.933099982794374,-11.113299988210201,-37.26819090077258,27.538199996342883,0.9258000063709915,0.37349999183788896,0.9339000098407269,0.03460000152699649
1,265,5589,5,DEEP_ANALYSIS,40.64929997548461,28.391300002112985,12.257999973371625,30.155500785411714,38.63699999055825,0.5773000011686236,0.43670000741258264,0.9344000136479735,0.035900011425837874
1,266,7691,5,DEEP_ANALYSIS,28.60380001948215,39.898899995023385,-11.295099975541234,-39.48810985899811,26.156999985687435,0.6754999922122806,0.44850000995211303,1.2663999805226922,0.04169999738223851
1,267,7320,5,DEEP_ANALYSIS,39.466399990487844,39.15470000356436,0.311699986923486,0.7897857088526231,37.563999998383224,0.7365999917965382,0.28479998582042754,0.8368999988306314,0.03179998020641506
1,268,7786,5,DEEP_ANALYSIS,29.46779999183491,39.35259999707341,-9.884800005238503,-33.544411214876696,26.58889998565428,1.1292000126559287,0.42559998109936714,1.2772000045515597,0.03329999162815511
1,269,8794,5,DEEP_ANALYSIS,39.48369997669943,40.026200003921986,-0.5425000272225589,-1.3739847773706748,37.16710000298917,0.666300009470433,0.35700001171790063,1.2423000007402152,0.03730002208612859
1,270,7249,5,DEEP_ANALYSIS,29.95050000026822,38.904700020793825,-8.954200020525604,-29.8966628952619,28.364700003294274,0.4618000239133835,0.2720000047702342,0.808400014648214,0.03169997944496572
1,271,8405,5,DEEP_ANALYSIS,31.265400000847876,39.65049999533221,-8.385099994484335,-26.81910352740391,29.247900005429983,0.8810999861452729,0.29310001991689205,0.7995000050868839,0.03090000245720148
1,272,8262,5,DEEP_ANALYSIS,29.70600000116974,31.520299991825595,-1.8142999906558543,-6.107520334560062,27.715799980796874,0.8261000039055943,0.2778999914880842,0.840499997138977,0.033199990866705775
1,273,6659,5,DEEP_ANALYSIS,39.043999975547194,28.71919999597594,10.324799979571253,26.444011848267486,37.40639999159612,0.4206000012345612,0.2744000230450183,0.89640001533553,0.034699973184615374
1,274,9181,5,DEEP_ANALYSIS,29.321499983780086,29.39919999334961,-0.07770000956952572,-0.26499329711135994,27.20519999274984,0.9045999904628843,0.30590000096708536,0.8575000101700425,0.03509997623041272
1,275,7336,5,DEEP_ANALYSIS,28.50009998655878,30.044400016777217,-1.5443000302184373,-5.4185775872602555,26.528500020503998,0.7482000219170004,0.28219999512657523,0.8959999831859022,0.030800001695752144
1,276,7746,5,DEEP_ANALYSIS,41.475300007732585,40.762799995718524,0.7125000120140612,1.7178899534933414,36.94109999923967,1.498500001616776,0.4192999913357198,2.5701000122353435,0.03360002301633358
1,277,5774,5,DEEP_ANALYSIS,30.63940000720322,29.263500007800758,1.3758999994024634,4.490623181521159,28.789400006644428,0.7139999943319708,0.28390000807121396,0.8036999788600951,0.033499993151053786
1,278,7286,5,DEEP_ANALYSIS,30.063699989113957,29.093200020724908,0.9704999683890492,3.2281454669267804,27.632699988316745,1.0649999894667417,0.30529999639838934,1.0119999933522195,0.03480000304989517
1,279,7412,5,DEEP_ANALYSIS,28.449300007196143,39.49649998685345,-11.047199979657307,-38.83118381423431,26.717000000644475,0.5394000036176294,0.27180000324733555,0.8754000009503216,0.03300001844763756
1,280,7075,5,DEEP_ANALYSIS,40.009899996221066,38.71729999082163,1.2926000053994358,3.23070041545098,38.15529998973943,0.4820000031031668,0.30709998100064695,1.0034000151790679,0.04939999780617654
1,281,7881,5,DEEP_ANALYSIS,39.374199986923486,40.10600000037812,-0.731800013454631,-1.8585774789015856,37.37659999751486,0.7294999959412962,0.28700000257231295,0.9329000022262335,0.034500000765547156
1,282,7449,5,DEEP_ANALYSIS,28.791300021111965,29.12240001023747,-0.3310999891255051,-1.150000135050232,26.794000004883856,0.5492999916896224,0.2919999824371189,1.1072999914176762,0.035500008380040526
1,283,6707,5,DEEP_ANALYSIS,29.02020001783967,39.672299986705184,-10.652099968865514,-36.70581168399018,26.927600003546104,0.665400002617389,0.3342999843880534,1.0392999975010753,0.03739999374374747
1,284,6678,5,DEEP_ANALYSIS,42.08919999655336,28.84980000089854,13.239399995654821,31.45557529422983,40.00450001331046,0.7495000027120113,0.38640000275336206,0.9032999805640429,0.03250001464039087
1,285,8220,5,DEEP_ANALYSIS,30.902500002412125,28.94159997231327,1.9609000300988555,6.345441404241714,28.98930001538247,0.738600007025525,0.2764000091701746,0.8558999979868531,0.03029999788850546
1,286,7853,5,DEEP_ANALYSIS,28.95360000547953,28.399799979524687,0.5538000259548426,1.9127156065222795,27.10870001465082,0.6507999787572771,0.2724000078160316,0.8761000062804669,0.033400021493434906
1,287,6142,5,DEEP_ANALYSIS,31.444499996723607,40.01319999224506,-8.568699995521456,-27.250234528818336,29.50150001561269,0.666600011754781,0.3254000039305538,0.9045000188052654,0.032400013878941536
1,288,6437,5,DEEP_ANALYSIS,28.36090000346303,28.76209997339174,-0.40119996992871165,-1.4146235481938967,26.349799998570234,0.891800009412691,0.28730000485666096,0.7864999934099615,0.03320001997053623
1,289,7961,5,DEEP_ANALYSIS,28.311399975791574,28.98000000277534,-0.6686000269837677,-2.3615929539177585,26.30120000685565,0.7749999931547791,0.3394999948795885,0.8492999768350273,0.033100019209086895
1,290,6911,5,DEEP_ANALYSIS,29.55629999632947,30.092600005446002,-0.5363000091165304,-1.8145031995991796,27.56820002105087,0.7927000115159899,0.29349999385885894,0.8585999894421548,0.03160000778734684
1,291,7729,5,DEEP_ANALYSIS,30.758500011870638,39.45510002085939,-8.696600008988753,-28.273810509720796,28.884500003186986,0.6971000111661851,0.2677000011317432,0.8629999938420951,0.032499985536560416
1,292,8549,5,DEEP_ANALYSIS,30.78619998996146,29.707100009545684,1.0790999804157764,3.5051418517635873,28.570300026331097,0.8895999926608056,0.39809997542761266,0.8706999942660332,0.040000013541430235
1,293,7219,5,DEEP_ANALYSIS,28.882000013254583,28.946600010385737,-0.06459999713115394,-0.22366871096706456,27.076999976998195,0.5335999885573983,0.28369997744448483,0.9422000148333609,0.03360002301633358
1,294,7761,5,DEEP_ANALYSIS,31.358900014311075,28.813099983381107,2.5458000309299678,8.118269549531892,29.269799997564405,0.7848000095691532,0.3006000188179314,0.9569000103510916,0.0337999954354018
1,295,8476,5,DEEP_ANALYSIS,39.407100004609674,28.960199997527525,10.44690000708215,26.510197415846676,37.39690000656992,0.8154000097420067,0.2964000159408897,0.8498000097461045,0.032899988582357764
1,296,8994,5,DEEP_ANALYSIS,40.24000000208616,32.02939999755472,8.210600004531443,20.404075556922916,38.538699998753145,0.47050000284798443,0.27650000993162394,0.9070999803952873,0.03480000304989517
1,297,7818,5,DEEP_ANALYSIS,39.94280000915751,38.86820000479929,1.0746000043582171,2.690347206785324,38.23750000447035,0.5082999996375293,0.2514999941922724,0.9017999982461333,0.03190001007169485
1,298,5832,5,DEEP_ANALYSIS,27.89880000636913,40.294599981280044,-12.395799974910915,-44.43130160466052,25.90739997685887,0.8008000149857253,0.33439998514950275,0.8110000053420663,0.03290001768618822
1,299,7940,5,DEEP_ANALYSIS,39.54280001926236,38.950599991949275,0.5922000273130834,1.4976178394666206,37.2505999985151,0.9649999847169966,0.3087999939452857,0.9725000127218664,0.033100019209086895
2,0,49678,0,DEEP_ANALYSIS,28.837399993790314,39.417200023308396,-10.579800029518083,-36.68777362659698,27.001399983419105,0.6411999929696321,0.30890002381056547,0.8432000176981091,0.03200001083314419
2,1,33734,0,DEEP_ANALYSIS,40.25819999515079,29.90150000550784,10.356699989642948,25.72569064411832,38.51169999688864,0.526699994225055,0.30410001636482775,0.8717000018805265,0.0315000070258975
2,2,25757,0,DEEP_ANALYSIS,30.83669999614358,38.92130000167526,-8.084600005531684,-26.21746168216034,28.552499978104606,1.1403999815229326,0.27760001830756664,0.8174999966286123,0.033899996196851134
2,3,11191,0,DEEP_ANALYSIS,29.542200005380437,39.24159999587573,-9.699399990495294,-32.83235503357492,27.66029999474995,0.6880000000819564,0.2896999940276146,0.8579000132158399,0.03279998782090843
2,4,26692,0,DEEP_ANALYSIS,39.16439999011345,40.63289999612607,-1.4685000060126185,-3.7495787153213693,37.20280001289211,0.7021999917924404,0.32729998929426074,0.8850999874994159,0.03480000304989517
2,5,22325,0,DEEP_ANALYSIS,40.16659999615513,40.021699998760596,0.14489999739453197,0.36074748026569897,38.03440000046976,0.8696000149939209,0.3121999907307327,0.9040999866556376,0.033199990866705775
2,6,47446,0,DEEP_ANALYSIS,39.34980000485666,40.22980001172982,-0.8800000068731606,-2.2363519173275304,37.190700008068234,0.8517999958712608,0.3333000058773905,0.9241999941878021,0.035699980799108744
2,7,35737,0,DEEP_ANALYSIS,39.21320001245476,39.58860001876019,-0.37540000630542636,-0.9573307105418408,37.36710001248866,0.5996999971102923,0.30079999123699963,0.9012999944388866,0.03179998020641506
2,8,21515,0,DEEP_ANALYSIS,28.516000020317733,29.12540000397712,-0.6093999836593866,-2.137045810159866,26.689099991926923,0.6524999917019159,0.2666999935172498,0.8640000014565885,0.03170000854879618
2,9,25018,0,DEEP_ANALYSIS,30.382400000235066,39.77269999450073,-9.39029999426566,-30.907038266210073,27.89140000822954,0.8014999912120402,0.43280000681988895,1.2104000197723508,0.03330002073198557
2,10,12129,0,DEEP_ANALYSIS,30.21259998786263,28.778000007150695,1.434599980711937,4.748349964214473,28.042899997672066,0.6822000141255558,0.4484000091906637,0.9833000076469034,0.039099977584555745
2,11,18323,0,DEEP_ANALYSIS,39.438100007828325,39.93490000721067,-0.49679999938234687,-1.2596955717535423,37.648300000000745,0.5605000187642872,0.29239998548291624,0.8928000170271844,0.032400013878941536
2,12,10247,0,DEEP_ANALYSIS,39.753499993821606,29.688999988138676,10.06450000568293,25.31726768019704,37.458500009961426,1.03270000545308,0.312299991492182,0.9012000227812678,0.03580001066438854
2,13,27831,0,DEEP_ANALYSIS,40.12669998337515,28.989999991608784,11.136699991766363,27.753839703689557,37.793499999679625,0.903200008906424,0.3453000099398196,1.029300008667633,0.03880000440403819
2,14,16168,0,DEEP_ANALYSIS,29.322699992917478,28.92989999963902,0.3927999932784587,1.3395764829750825,27.37140000681393,0.6324000132735819,0.305800000205636,0.9679000067990273,0.030800001695752144
2,15,33763,0,DEEP_ANALYSIS,39.48629999649711,38.74350001569837,0.7427999807987362,1.881158733192604,37.38249998423271,0.9486000053584576,0.3315999929327518,0.7738000131212175,0.031899980967864394
2,16,24768,0,DEEP_ANALYSIS,39.08620000584051,39.5526000065729,-0.4664000007323921,-1.1932600269729459,37.10259997751564,0.5844999977853149,0.3730999887920916,0.9594000002834946,0.0523999915458262
2,17,16347,0,DEEP_ANALYSIS,29.207400017185137,29.91519999341108,-0.7077999762259424,-2.4233583811276764,27.078899991465732,0.8345999813172966,0.31949998810887337,0.9231000149156898,0.035900011425837874
2,18,15938,0,DEEP_ANALYSIS,28.958300012163818,30.567500012693927,-1.6092000005301088,-5.556956036280344,26.95050000329502,0.6820000126026571,0.3364000003784895,0.9399999980814755,0.03580001066438854
2,19,26955,0,DEEP_ANALYSIS,29.23200000077486,31.983799999579787,-2.751799998804927,-9.413656262766777,27.051999990362674,0.8205999911297113,0.34660001983866096,0.9625999955460429,0.03580001066438854
2,20,33286,0,DEEP_ANALYSIS,39.0033999865409,30.649300024379045,8.354099962161854,21.41890185226069,37.1195999905467,0.5698000022675842,0.31400000443682075,0.9501999884378165,0.036200013710185885
2,21,45728,0,DEEP_ANALYSIS,39.41840000334196,28.562999999849126,10.855400003492832,27.538915842785332,37.46069999760948,0.6119000026956201,0.30139999580569565,1.001099997665733,0.03160000778734684
2,22,4983,0,DEEP_ANALYSIS,29.000300011830404,39.916699985042214,-10.91639997321181,-37.6423691091422,27.029899996705353,0.7843000057619065,0.2788000274449587,0.8616000122856349,0.03409999771974981
2,23,21737,0,DEEP_ANALYSIS,28.648800012888387,28.517300001112744,0.13150001177564263,0.45900704991652014,26.538000005530193,0.896700017619878,0.30109999352134764,0.8674999990034848,0.03339999238960445
2,24,9445,0,DEEP_ANALYSIS,40.661900013219565,31.181400001514703,9.480500011704862,23.315437814324127,38.9102999761235,0.5613999965135008,0.2829000004567206,0.8624999900348485,0.032899988582357764
2,25,26099,0,DEEP_ANALYSIS,39.29109999444336,29.58919998491183,9.701900009531528,24.69236038416739,37.18650000519119,0.8586999902036041,0.3564000071492046,0.8446000283583999,0.032400013878941536
2,26,33510,0,DEEP_ANALYSIS,40.53339999518357,28.41739999712445,12.115999998059124,29.891398203700703,38.55550001026131,0.7515000179409981,0.3029000072274357,0.8759000047575682,0.03409999771974981
2,27,3424,0,DEEP_ANALYSIS,29.48990001459606,28.899699973408133,0.5902000411879271,2.0013633172571184,27.496499998960644,0.6241000082809478,0.3429999924264848,0.9770000178832561,0.03640001523308456
2,28,22796,0,DEEP_ANALYSIS,28.607199987163767,41.320999996969476,-12.71380000980571,-44.442657846662634,26.60080001805909,0.7929999846965075,0.2817999920807779,0.8832000021357089,0.0337999954354018
2,29,22587,0,DEEP_ANALYSIS,30.10490001179278,29.15489999577403,0.9500000160187483,3.155632523763944,27.242999989539385,0.9956999856512994,0.47759999870322645,1.3389000087045133,0.0337999954354018
2,30,43802,0,DEEP_ANALYSIS,28.52809999603778,39.69950001919642,-11.17140002315864,-39.159285142404215,26.558499987004325,0.7317000126931816,0.3311999898869544,0.8601000008638948,0.03320001997053623
2,31,14615,0,DEEP_ANALYSIS,39.91989998030476,29.027900018263608,10.891999962041155,27.284637404940714,38.1694000097923,0.5545000021811575,0.2770999853964895,0.8745999948587269,0.03200001083314419
2,32,28720,0,DEEP_ANALYSIS,39.38870001002215,29.023999988567084,10.364700021455064,26.313892103110405,37.51860000193119,0.7120000082068145,0.33939999411813915,0.7744999893475324,0.03190001007169485
2,33,30707,0,DEEP_ANALYSIS,38.70540001662448,28.83939997991547,9.86600003670901,25.48998339371621,37.002400000346825,0.4214999789837748,0.29009999707341194,0.9294000046793371,0.05050000618211925
2,34,23739,0,DEEP_ANALYSIS,39.347800018731505,28.2895999844186,11.058200034312904,28.103731413315742,37.67089999746531,0.4556999774649739,0.28989999555051327,0.8801000076346099,0.03260001540184021
2,35,4178,0,DEEP_ANALYSIS,29.423999978462234,29.069800017168745,0.35419996129348874,1.2037790971749451,27.392299991333857,0.7934999885037541,0.2806999837048352,0.9110999817494303,0.033499993151053786
2,36,9560,0,DEEP_ANALYSIS,29.296299995621666,39.24040001584217,-9.944100020220503,-33.94319426585149,27.59349998086691,0.39400000241585076,0.26339999749325216,1.001399999950081,0.03239998477511108
2,37,30235,0,DEEP_ANALYSIS,29.49149999767542,28.618100011954084,0.8733999857213348,2.961531240493627,27.71470000152476,0.6062000175006688,0.31770000350661576,0.8065000001806766,0.032499985536560416
2,38,25644,0,DEEP_ANALYSIS,29.877399996621534,38.999599986709654,-9.12219999008812,-30.532107851150492,28.02170001086779,0.6185999955050647,0.39030000334605575,0.8031000033952296,0.031000003218650818
2,39,32143,0,DEEP_ANALYSIS,29.069399985019118,39.63290000683628,-10.563500021817163,-36.33889941746665,27.373300021281466,0.49700000090524554,0.2830000012181699,0.8707999950274825,0.03329999162815511
2,40,16468,0,DEEP_ANALYSIS,28.452300000935793,29.026500007603317,-0.5742000066675246,-2.0181145518943606,26.711200014688075,0.5796000186819583,0.27489999774843454,0.8418999786954373,0.032899988582357764
2,41,47029,0,DEEP_ANALYSIS,38.661900005536154,29.68700000201352,8.974900003522635,23.213809984086353,36.975499999243766,0.4833999846596271,0.27650000993162394,0.8813999884296209,0.0329999893438071
2,42,28703,0,DEEP_ANALYSIS,38.93120001885109,28.985299984924495,9.945900033926591,25.54737595838462,37.19569998793304,0.5593000096268952,0.28360000578686595,0.8496000082232058,0.03090000245720148
2,43,17333,0,DEEP_ANALYSIS,30.14919999986887,41.87190000084229,-11.722700000973418,-38.882292070849,28.047900006640702,0.914699980057776,0.309199996991083,0.8310000121127814,0.033400021493434906
2,44,4531,0,DEEP_ANALYSIS,31.08550002798438,28.834299999289215,2.251200028695166,7.241961772107729,28.534999990370125,1.0968999995384365,0.37480000173673034,1.0241999989375472,0.03940000897273421
2,45,46864,0,DEEP_ANALYSIS,30.576599994674325,28.543599997647107,2.0329999970272183,6.648875275149349,27.49400000902824,1.3623999839182943,0.471399980597198,1.1993999942205846,0.03460000152699649
2,46,10156,0,DEEP_ANALYSIS,29.799100011587143,28.905399987706915,0.8937000238802284,2.9990839439201866,27.73979998892173,0.7464999798685312,0.3115000145044178,0.9516999998595566,0.03480000304989517
2,47,24284,0,DEEP_ANALYSIS,28.522100008558482,28.17559998948127,0.3465000190772116,1.2148475006161508,26.694700005464256,0.6966000073589385,0.2930000191554427,0.7931000145617872,0.03279998782090843
2,48,13495,0,DEEP_ANALYSIS,28.352699999231845,39.503200008766726,-11.15050000953488,-39.32782419253538,26.534500007983297,0.6195000023581088,0.2730000123847276,0.8831000013742596,0.031100003980100155
2,49,37043,0,DEEP_ANALYSIS,28.74619999784045,41.01539999828674,-12.26920000044629,-42.68111959621797,26.828300004126504,0.741399999242276,0.27889999910257757,0.8520999981556088,0.03359999391250312
2,50,2620,1,FAST_ATTACK_PATH,40.32920001191087,38.193499989574775,2.1357000223360956,5.29566671718094,38.26979998848401,0.7594000198878348,0.30839999089948833,0.9435999963898212,0.033199990866705775
2,51,1101,1,FAST_ATTACK_PATH,29.39519999199547,27.80650000204332,1.588699989952147,5.404623851461333,27.178099990123883,0.8546000171918422,0.3347999881953001,0.9772999910637736,0.03500000457279384
2,52,2612,1,FAST_ATTACK_PATH,29.384299996308982,38.75429998151958,-9.369999985210598,-31.887776759655946,27.351099997758865,0.6487999926321208,0.3980000037699938,0.9387999889440835,0.034199998481199145
2,53,3103,1,FAST_ATTACK_PATH,31.54920000815764,37.71860001143068,-6.16940000327304,-19.554854011124924,29.87519997986965,0.45369999133981764,0.3281999961473048,0.8493000059388578,0.03060000017285347
2,54,2607,1,FAST_ATTACK_PATH,39.52649998245761,37.58440000819974,1.9420999742578715,4.913412457768337,37.079400004586205,1.1329999833833426,0.35180000122636557,0.9147999808192253,0.0329999893438071
2,55,1746,1,FAST_ATTACK_PATH,31.270399980712682,37.29670000029728,-6.026300019584596,-19.271579587410354,28.6350000242237,0.9840000129770488,0.4065999819431454,1.1949999898206443,0.03679998917505145
2,56,2525,1,FAST_ATTACK_PATH,39.88060000119731,26.45859998301603,13.42200001818128,33.65546159731378,37.75570000289008,0.8524000004399568,0.30189999961294234,0.9242999949492514,0.0337999954354018
2,57,2271,1,FAST_ATTACK_PATH,40.84229998989031,39.276499999687076,1.5657999902032316,3.8337703571807027,39.028999977745116,0.45479999971576035,0.35810002009384334,0.9558000019751489,0.03239998477511108
2,58,2571,1,FAST_ATTACK_PATH,40.92470000614412,27.97870000358671,12.946000002557412,31.63370776233863,38.661799975670874,0.7995000050868839,0.3451000084169209,1.070900005288422,0.03440000000409782
2,59,1403,1,FAST_ATTACK_PATH,41.853100003208965,26.874100003624335,14.97899999958463,35.789463620224446,39.22549998969771,1.1709000100381672,0.35539999953471124,1.0375000128988177,0.04910002462565899
2,60,3001,1,FAST_ATTACK_PATH,28.56099998462014,28.161800000816584,0.39919998380355537,1.3977101082543373,26.31449999171309,0.8390999864786863,0.3262000100221485,1.0311999940313399,0.036699988413602114
2,61,1054,1,FAST_ATTACK_PATH,40.5826999922283,37.72459999890998,2.8580999933183193,7.042656092043292,38.645299995550886,0.6908999930601567,0.3635000030044466,0.8365999965462834,0.03359999391250312
2,62,2605,1,FAST_ATTACK_PATH,39.470799994887784,39.16789998766035,0.3029000072274357,0.7674027566369747,37.15280001051724,0.9900000004563481,0.32419999479316175,0.9552999981679022,0.03470000228844583
2,63,2226,1,FAST_ATTACK_PATH,39.88730002311058,37.38209998118691,2.505200041923672,6.280695962053502,38.05850000935607,0.607599999057129,0.2896999940276146,0.8860999951139092,0.03329999162815511
2,64,1605,1,FAST_ATTACK_PATH,40.110899979481474,37.362200004281476,2.7486999751999974,6.852750690226548,37.89380000671372,0.904199987417087,0.3939000016544014,0.8719000034034252,0.03309999010525644
2,65,2318,1,FAST_ATTACK_PATH,41.07880001538433,39.60970000480302,1.4691000105813146,3.576297287240925,38.99729999830015,0.6503000040538609,0.40610000723972917,0.975800008745864,0.03440000000409782
2,66,3048,1,FAST_ATTACK_PATH,40.69409999647178,37.276499992003664,3.417600004468113,8.398269048251276,38.57929998775944,0.7462999783456326,0.33080001594498754,0.988799991318956,0.03589998232200742
2,67,2858,1,FAST_ATTACK_PATH,39.25699999672361,38.66150000249036,0.5954999942332506,1.5169269029292893,36.943099985364825,1.0274999949615449,0.3127000236418098,0.9291000023949891,0.03279998782090843
2,68,1572,1,FAST_ATTACK_PATH,39.358100009849295,38.669300003675744,0.6888000061735511,1.7500844959517357,37.279299984220415,0.8252999978139997,0.30070001957938075,0.9055999980773777,0.03530000685714185
2,69,1591,1,FAST_ATTACK_PATH,38.47610001685098,26.601099991239607,11.87500002561137,30.863315201932107,36.51249999529682,0.7277999829966575,0.3515999997034669,0.8399999933317304,0.0323000131174922
2,70,1818,1,FAST_ATTACK_PATH,30.729200021596625,26.88379999017343,3.845400031423196,12.513830586935654,28.364900004817173,0.925499974982813,0.35909999860450625,1.0318999993614852,0.03480000304989517
2,71,2174,1,FAST_ATTACK_PATH,39.00419999263249,37.17979998327792,1.8244000093545765,4.67744501797034,37.069000012706965,0.6154000002425164,0.32369999098591506,0.9452999802306294,0.03739999374374747
2,72,1522,1,FAST_ATTACK_PATH,40.664800006197765,37.91159999673255,2.7532000094652176,6.770474732558871,38.84880000259727,0.4893000004813075,0.32190000638365746,0.9584999934304506,0.0337999954354018
2,73,1930,1,FAST_ATTACK_PATH,40.20879999734461,38.17009998601861,2.038700011326,5.070283150605429,37.98379999352619,0.8165999897755682,0.3651999868452549,0.9865000029094517,0.036299985367804766
2,74,1760,1,FAST_ATTACK_PATH,29.261999996379018,36.877700011245906,-7.6157000148668885,-26.02590395669907,27.205499995034188,0.746300007449463,0.3181000065524131,0.943400023970753,0.034900003811344504
2,75,1989,1,FAST_ATTACK_PATH,28.577599994605407,37.98789999564178,-9.410300001036376,-32.92893735937503,26.581999991321936,0.742600008379668,0.29990001348778605,0.9082000178750604,0.03160000778734684
2,76,1725,1,FAST_ATTACK_PATH,39.012699999148026,27.408699999796227,11.6039999993518,29.74416023398845,37.168399983784184,0.6118000019341707,0.28750000637955964,0.9009000204969198,0.032800016924738884
2,77,2057,1,FAST_ATTACK_PATH,39.652699982980266,38.22700001182966,1.4256999711506069,3.5954675766405466,37.640900001861155,0.6467000057455152,0.33779998193494976,0.9781999979168177,0.036699988413602114
2,78,1328,1,FAST_ATTACK_PATH,31.889700010651723,37.208099995041266,-5.3183999843895435,-16.677485152300285,29.96230000280775,0.6685999978799373,0.3080999886151403,0.9060999727807939,0.03200001083314419
2,79,1947,1,FAST_ATTACK_PATH,41.50859999936074,37.87759999977425,3.6309999995864928,8.747584836979355,38.91430000658147,1.1026999854948372,0.37140000495128334,1.0689000191632658,0.03749999450519681
2,80,2615,1,FAST_ATTACK_PATH,39.93669999181293,28.10290001798421,11.833799973828718,29.631391617871934,38.0536999728065,0.5910999898333102,0.31980001949705184,0.9233000164385885,0.03509997623041272
2,81,876,1,FAST_ATTACK_PATH,39.40159999183379,37.26509999250993,2.13649999932386,5.422368634184048,37.359400012064725,0.830300006782636,0.30670000705868006,0.8575999818276614,0.0337999954354018
2,82,2519,1,FAST_ATTACK_PATH,28.390199993737042,36.88259999034926,-8.492399996612221,-29.913139035602665,26.601200021104887,0.5602000164799392,0.33489998895674944,0.8483999990858138,0.03329999162815511
2,83,3076,1,FAST_ATTACK_PATH,32.15990000171587,37.97790000680834,-5.818000005092472,-18.090852287420223,30.160599999362603,0.6895000115036964,0.3879000141751021,0.8750999986659735,0.033499993151053786
2,84,1539,1,FAST_ATTACK_PATH,39.014099980704486,27.00659999391064,12.007499986793846,30.77733432972308,37.181799998506904,0.5627000064123422,0.29999998514540493,0.9262000094167888,0.031800009310245514
2,85,2756,1,FAST_ATTACK_PATH,27.942100015934557,27.02030001091771,0.9218000050168484,3.2989646608206726,25.936099991668016,0.7358999864663929,0.30139999580569565,0.9210999996867031,0.03390002530068159
2,86,822,1,FAST_ATTACK_PATH,28.677299997070804,37.467399990418926,-8.790099993348122,-30.651769846693977,26.71310000005178,0.7030999986454844,0.3114999854005873,0.9006999898701906,0.03510000533424318
2,87,2795,1,FAST_ATTACK_PATH,39.756700018187985,37.366599979577586,2.3901000386103988,6.011816970515587,37.849799991818145,0.7405000214930624,0.3308999876026064,0.7879999757278711,0.033400021493434906
2,88,910,1,FAST_ATTACK_PATH,33.62069997820072,27.24520000629127,6.3754999719094485,18.963019734994365,31.52580000460148,0.7868999964557588,0.3400999994482845,0.9188000112771988,0.03609998384490609
2,89,1843,1,FAST_ATTACK_PATH,39.37939999741502,27.812999993329868,11.566400004085153,29.371701968146812,37.54720001597889,0.6526999932248145,0.31060000765137374,0.8223999757319689,0.03250001464039087
2,90,2195,1,FAST_ATTACK_PATH,40.61550000915304,36.79969999939203,3.8158000097610056,9.394935452970131,38.54810001212172,0.7121000089682639,0.37140000495128334,0.9343000128865242,0.033899996196851134
2,91,1409,1,FAST_ATTACK_PATH,29.053799982648343,39.090100006433204,-10.036300023784861,-34.54384634636017,27.059299987740815,0.6849000055808574,0.3327000013086945,0.9317999938502908,0.03279998782090843
2,92,2330,1,FAST_ATTACK_PATH,29.291699989698827,37.49359998619184,-8.201899996493012,-28.000764719621664,27.275300002656877,0.7542999810539186,0.3276999923400581,0.8845999836921692,0.035200006095692515
2,93,2629,1,FAST_ATTACK_PATH,40.37219999008812,28.435300017008558,11.936899973079562,29.567127815700456,38.48570000263862,0.5901000113226473,0.30610000248998404,0.9422000148333609,0.035299977753311396
2,94,508,1,FAST_ATTACK_PATH,29.718400008277968,27.527700003702193,2.190700004575774,7.371527417241714,27.438499993877485,0.7762000022921711,0.3829000052064657,1.0693000222090632,0.03640001523308456
2,95,1776,1,FAST_ATTACK_PATH,29.305200005182996,37.99569999682717,-8.690499991644174,-29.655146493138247,27.54889999050647,0.4847999953199178,0.3355000226292759,0.8883999835234135,0.033899996196851134
2,96,3091,1,FAST_ATTACK_PATH,30.40119999786839,30.048799992073327,0.3524000057950616,1.1591647889549441,28.384100005496293,0.7463999791070819,0.3181000065524131,0.9054999973159283,0.033899996196851134
2,97,2189,1,FAST_ATTACK_PATH,29.142599989427254,27.40390002145432,1.7386999679729342,5.966179986012652,27.23009997862391,0.5455999926198274,0.34840000444091856,0.9698999929241836,0.035500008380040526
2,98,2558,1,FAST_ATTACK_PATH,28.83180000935681,27.809199993498623,1.0226000158581883,3.546778264022097,26.83170000091195,0.4344999906606972,0.5667999794241041,0.9504999907221645,0.034500000765547156
2,99,3118,1,FAST_ATTACK_PATH,29.386999987764284,27.912499994272366,1.4744999934919178,5.017524735787416,27.26920001441613,0.7034000009298325,0.3072999825235456,1.0574999905657023,0.03749999450519681
2,100,43699,2,DEEP_ANALYSIS,30.01010001753457,29.463000013493,0.5471000040415674,1.8230529179239754,27.841400005854666,0.8363999950233847,0.3130999975837767,0.9651999862398952,0.035500008380040526
2,101,48696,2,DEEP_ANALYSIS,29.770399996777996,39.42000001552515,-9.649600018747151,-32.41340398446616,28.041299985488877,0.49749997560866177,0.27329998556524515,0.9107000078074634,0.03390002530068159
2,102,48393,2,DEEP_ANALYSIS,27.736499992897734,39.50990000157617,-11.773400008678436,-42.44731675479299,26.005799998529255,0.5575999966822565,0.28199999360367656,0.8478999952785671,0.03169997944496572
2,103,43721,2,DEEP_ANALYSIS,32.15339998132549,30.412100022658706,1.7412999586667866,5.415601335094029,29.196200019214302,1.0970000002998859,0.46099998871795833,1.348399993730709,0.035500008380040526
2,104,48972,2,DEEP_ANALYSIS,30.05430000484921,28.76400001696311,1.290299987886101,4.293229214048949,27.80839998740703,0.8719000034034252,0.31189998844638467,1.0158999939449131,0.03130000550299883
2,105,48536,2,DEEP_ANALYSIS,28.604699997231364,39.278100011870265,-10.6734000146389,-37.3134485440224,26.534700009506196,0.8504000143148005,0.31650002347305417,0.8550999918952584,0.03369999467395246
2,106,43720,2,DEEP_ANALYSIS,39.316700014751405,28.416099987225607,10.900600027525797,27.72511432403013,37.45509998407215,0.6809000042267144,0.2840000088326633,0.8532000065315515,0.031200004741549492
2,107,48416,2,DEEP_ANALYSIS,28.081600001314655,40.00670000095852,-11.925099999643862,-42.46588513149387,26.077399990754202,0.687599997036159,0.30280000646598637,0.9384999866597354,0.058200006606057286
2,108,48656,2,DEEP_ANALYSIS,30.770199984544888,29.32820000569336,1.441999978851527,4.6863523135235,28.594300005352125,0.7454999722540379,0.37510000402107835,1.0040999914053828,0.03709999145939946
2,109,43662,2,DEEP_ANALYSIS,39.1622000024654,28.901899990160018,10.260300012305379,26.199498525770913,37.44750001351349,0.49340000259689987,0.29659998835995793,0.8785999962128699,0.032100011594593525
2,110,47904,2,DEEP_ANALYSIS,39.17030000593513,29.521699994802475,9.648600011132658,24.63243837721613,37.26779998396523,0.7676999957766384,0.27540000155568123,0.8165999897755682,0.030399998649954796
2,111,43730,2,DEEP_ANALYSIS,39.07320002326742,28.732399980071932,10.340800043195486,26.46519874757562,37.35840000445023,0.5565000174101442,0.25610000011511147,0.8577000116929412,0.03179998020641506
2,112,47570,2,DEEP_ANALYSIS,39.399499975843355,28.17710000090301,11.222399974940345,28.483610151958853,37.45540001546033,0.7330999942496419,0.2865999995265156,0.8802000083960593,0.030199997127056122
2,113,49184,2,DEEP_ANALYSIS,39.198300015414134,29.56219998304732,9.636100032366812,24.582953925495655,37.168400012888014,0.8469000167679042,0.2651000104378909,0.8723000064492226,0.0329999893438071
2,114,43718,2,DEEP_ANALYSIS,28.775099985068664,28.736100008245558,0.03899997682310641,0.13553376649722645,26.85240001301281,0.7436999876517802,0.2714000002015382,0.8629999938420951,0.032499985536560416
2,115,48900,2,DEEP_ANALYSIS,28.890799992950633,39.08590000355616,-10.195100010605529,-35.28839635140992,27.018099994165823,0.624599982984364,0.3412000078242272,0.8623999892733991,0.03179998020641506
2,116,47387,2,DEEP_ANALYSIS,30.63809999730438,29.401899984804913,1.2362000124994665,4.03484554397378,28.705800010357052,0.8086999878287315,0.27680001221597195,0.8039000094868243,0.03090000245720148
2,117,47956,2,DEEP_ANALYSIS,29.025800002273172,29.75050001987256,-0.724700017599389,-2.4967443362203063,26.77850000327453,0.9894000249914825,0.315699988277629,0.8960999839473516,0.03339999238960445
2,118,47490,2,DEEP_ANALYSIS,30.44849997968413,32.23420001449995,-1.785700034815818,-5.864656833693858,28.521700005512685,0.7085999823175371,0.27910000062547624,0.8908000017981976,0.03409999771974981
2,119,43653,2,DEEP_ANALYSIS,38.72949999640696,28.731900005368516,9.997599991038442,25.813914437227297,36.54130001086742,0.693199981469661,0.362000020686537,1.0684000153560191,0.03819999983534217
2,120,49850,2,DEEP_ANALYSIS,29.59200000623241,28.554099990287796,1.037900015944615,3.507366909049816,27.957299986155704,0.4899999767076224,0.27669998235069215,0.8242999901995063,0.03029999788850546
2,121,43739,2,DEEP_ANALYSIS,30.34900000784546,39.74209999432787,-9.393099986482412,-30.950278375083922,28.430999984266236,0.6591000128537416,0.33989999792538583,0.8727999811526388,0.033899996196851134
2,122,47585,2,DEEP_ANALYSIS,29.508299980079755,28.275499993469566,1.232799986610189,4.1778075573395235,27.593900013016537,0.7439000182785094,0.27799999224953353,0.8477999945171177,0.03229998401366174
2,123,47915,2,DEEP_ANALYSIS,39.27000000840053,31.056400010129437,8.213599998271093,20.915711730364304,37.14670002227649,0.5954000225756317,0.41360000614076853,1.0616000217851251,0.03660001675598323
2,124,43667,2,DEEP_ANALYSIS,28.42439999221824,29.114400007529184,-0.6900000153109431,-2.427491927709449,26.51799999875948,0.6606000242754817,0.28429998201318085,0.9151000122074038,0.03429999924264848
2,125,48155,2,DEEP_ANALYSIS,29.038799984846264,39.07709999475628,-10.038300009910017,-34.56857726610069,27.036799991037697,0.6524999917019159,0.3476999991107732,0.9544999920763075,0.03480000304989517
2,126,43713,2,DEEP_ANALYSIS,38.94870000658557,38.68729999521747,0.2614000113680959,0.6711392455303965,37.1543999935966,0.5882999976165593,0.2761000068858266,0.8854999905452132,0.03239998477511108
2,127,43716,2,DEEP_ANALYSIS,28.19799998542294,29.255400004331023,-1.0574000189080834,-3.749911410223102,26.337399991462007,0.47140000970102847,0.4150999884586781,0.9279999940190464,0.033499993151053786
2,128,43674,2,DEEP_ANALYSIS,29.244800010928884,28.710099984891713,0.5347000260371715,1.8283593180235536,27.463499980513006,0.5240000027697533,0.31350000062957406,0.898900005267933,0.0323000131174922
2,129,43691,2,DEEP_ANALYSIS,28.53270000196062,39.282400015508756,-10.749700013548136,-37.67501853245389,26.802700012922287,0.5286000086925924,0.3318999952170998,0.8259000023826957,0.031100003980100155
2,130,43613,2,DEEP_ANALYSIS,39.245399995706975,28.693900007056072,10.551499988650903,26.88595348704593,37.3159000009764,0.6936000136192888,0.29510000604204834,0.8972999930847436,0.03179998020641506
2,131,49225,2,DEEP_ANALYSIS,29.828300001099706,27.936400001635775,1.8918999994639307,6.342634341863869,27.366299997083843,0.8070000039879233,0.41870001587085426,1.1901000107172877,0.031800009310245514
2,132,49171,2,DEEP_ANALYSIS,28.658999974140897,30.69880002294667,-2.0398000488057733,-7.117485085475038,26.44650000729598,1.0710000060498714,0.28649999876506627,0.8107000030577183,0.031100003980100155
2,133,47608,2,DEEP_ANALYSIS,30.75219999300316,39.24820001702756,-8.496000024024397,-27.627291790367632,28.7341000221204,0.8113000076264143,0.26580001576803625,0.895200006198138,0.033199990866705775
2,134,43717,2,DEEP_ANALYSIS,28.940599993802607,29.88710001227446,-0.946500018471852,-3.270492037741226,26.616600021952763,0.957900017965585,0.4690999921876937,0.8451000030618161,0.03470000228844583
2,135,43741,2,DEEP_ANALYSIS,30.630399996880442,29.293600004166365,1.3367999927140772,4.364291660736471,28.284400003030896,0.8814999891910702,0.36029997863806784,1.0415000142529607,0.04420001641847193
2,136,49111,2,DEEP_ANALYSIS,40.362400002777576,28.657699993345886,11.70470000943169,28.99901891023879,38.10839998186566,1.0043999936897308,0.2986000035889447,0.9025000035762787,0.03429999924264848
2,137,43732,2,DEEP_ANALYSIS,40.182000026106834,28.477300016675144,11.70470000943169,29.129212089559942,38.085600011982024,0.836799998069182,0.3421999863348901,0.8655999845359474,0.03200001083314419
2,138,49367,2,DEEP_ANALYSIS,28.77730000182055,39.316800015512854,-10.539500013692304,-36.624353268115975,26.83349998551421,0.7776000129524618,0.3277999931015074,0.7939999923110008,0.031499977922067046
2,139,43627,2,DEEP_ANALYSIS,30.325200001243502,28.89719998347573,1.428000017767772,4.7089549869719445,28.38319999864325,0.6231000006664544,0.30899999546818435,0.9630999993532896,0.03369999467395246
2,140,48956,2,DEEP_ANALYSIS,39.811499998904765,40.42989999288693,-0.618399993982166,-1.5533200055239782,37.75710001355037,0.8726000087335706,0.27359998784959316,0.8639000006951392,0.030099996365606785
2,141,49210,2,DEEP_ANALYSIS,39.48619999573566,28.711199993267655,10.775000002468005,27.288014556051632,37.6731000142172,0.5367999838199466,0.33920002169907093,0.8885999850463122,0.034199998481199145
2,142,43612,2,DEEP_ANALYSIS,28.773300000466406,29.60370000801049,-0.8304000075440854,-2.8860089302604317,27.050200005760416,0.5320000054780394,0.2628999936860055,0.8814999891910702,0.033100019209086895
2,143,49493,2,DEEP_ANALYSIS,28.875300020445138,29.31330000865273,-0.43799998820759356,-1.5168673153091672,26.93259998341091,0.6985999934840947,0.27719998615793884,0.9203999943565577,0.03440000000409782
2,144,49103,2,DEEP_ANALYSIS,28.79370001028292,30.04969999892637,-1.2559999886434525,-4.362065271899426,27.050100004998967,0.4689000197686255,0.31659999513067305,0.912499992409721,0.0329999893438071
2,145,49583,2,DEEP_ANALYSIS,29.469500004779547,31.890600017504767,-2.421100012725219,-8.215612794016018,27.411799994297326,0.8062999986577779,0.3148999821860343,0.8892999903764576,0.03369999467395246
2,146,43742,2,DEEP_ANALYSIS,39.7917999944184,28.62190001178533,11.16989998263307,28.070858780451935,37.974099977873266,0.6498000002466142,0.3076000139117241,0.815200008219108,0.032499985536560416
2,147,49474,2,DEEP_ANALYSIS,39.347699988866225,40.6389000127092,-1.2912000238429755,-3.2815133393014886,37.18089999165386,0.8021000248845667,0.3512999974191189,0.9661000221967697,0.03460000152699649
2,148,47651,2,DEEP_ANALYSIS,29.212099994765595,29.36670000781305,-0.15460001304745674,-0.5292327942022618,27.63169998070225,0.354000017978251,0.3020000003743917,0.8800000068731606,0.03339999238960445
2,149,49462,2,DEEP_ANALYSIS,30.228299990994856,39.0882000210695,-8.859900030074641,-29.30995137905223,28.17420000792481,0.797300017438829,0.34810000215657055,0.8597999985795468,0.03480000304989517
2,150,40676,3,DEEP_ANALYSIS,40.07119999732822,29.484700004104525,10.586499993223697,26.419223766519494,37.82370002591051,0.7707999902777374,0.3755000070668757,1.0483000078238547,0.03659998765215278
2,151,39964,3,DEEP_ANALYSIS,29.119699989678338,28.923600009875372,0.19609997980296612,0.6734271983312844,26.900899974862114,0.9437999979127198,0.2798000059556216,0.9477999992668629,0.034199998481199145
2,152,38921,3,DEEP_ANALYSIS,28.634100017370656,40.00489998725243,-11.370799969881773,-39.710694462140474,26.815099990926683,0.5872999900020659,0.29150000773370266,0.8932999917306006,0.03409999771974981
2,153,39693,3,DEEP_ANALYSIS,39.90360000170767,39.732900011586025,0.17069999012164772,0.4277809273206994,37.90269998717122,0.679899996612221,0.3066000062972307,0.9654999885242432,0.03359999391250312
2,154,40945,3,DEEP_ANALYSIS,28.91210000962019,30.55660001700744,-1.6445000073872507,-5.687929990696148,26.654600020265207,1.0531000152695924,0.3512999974191189,0.8034000056795776,0.035200006095692515
2,155,41694,3,DEEP_ANALYSIS,31.034799991175532,39.66980002587661,-8.63500003470108,-27.823604589545813,28.924899990670383,0.6833000225014985,0.34950001281686127,1.0105999826919287,0.050700007705017924
2,156,42307,3,DEEP_ANALYSIS,29.07499999855645,30.868499976349995,-1.7934999777935445,-6.1685295885901645,26.97279999847524,0.680800003465265,0.4447000101208687,0.9262000094167888,0.034199998481199145
2,157,41683,3,DEEP_ANALYSIS,30.881599988788366,27.90770001593046,2.9738999728579074,9.630006132899812,28.4201999893412,0.6951999966986477,0.4167000006418675,1.3027999957557768,0.03229998401366174
2,158,41370,3,DEEP_ANALYSIS,28.644900012295693,39.950599981239066,-11.305699968943372,-39.46845673781529,26.587999978801236,0.891800009412691,0.3020000003743917,0.8178999996744096,0.033100019209086895
2,159,41598,3,DEEP_ANALYSIS,29.7017999982927,28.494799975305796,1.2070000229869038,4.06372685512758,27.733800001442432,0.8118999830912799,0.2595999976620078,0.8545000164303929,0.030399998649954796
2,160,42589,3,DEEP_ANALYSIS,29.11790000507608,29.48379999725148,-0.36589999217540026,-1.2566153194825638,27.075200021499768,0.7759000000078231,0.3559000033419579,0.8574999810662121,0.03260001540184021
2,161,43486,3,DEEP_ANALYSIS,41.10439997748472,28.39220000896603,12.71219996851869,30.926616069038605,39.23719999147579,0.5324000085238367,0.3206999972462654,0.9652999870013446,0.03470000228844583
2,162,39342,3,DEEP_ANALYSIS,30.614900024374947,39.67249998822808,-9.057599963853136,-29.585593801193745,28.866700013168156,0.4813999985344708,0.29960001120343804,0.9196000173687935,0.03409999771974981
2,163,40378,3,DEEP_ANALYSIS,31.800800003111362,29.164600011426955,2.636199991684407,8.289728533327725,29.642099980264902,0.9303999831900001,0.33400001120753586,0.8468999876640737,0.033199990866705775
2,164,41058,3,DEEP_ANALYSIS,29.081499989842996,29.177499993238598,-0.09600000339560211,-0.33010678069952054,27.038400003220886,0.9125999931711704,0.2896999940276146,0.7918000046629459,0.031000003218650818
2,165,42758,3,DEEP_ANALYSIS,30.122199998004362,29.47670000139624,0.6454999966081232,2.142937755711364,27.79180000652559,0.9885999897960573,0.4413000133354217,0.8353000157512724,0.051700015319511294
2,166,39613,3,DEEP_ANALYSIS,29.480500001227483,38.95620000548661,-9.475700004259124,-32.14226354323904,26.915299997199327,1.1042999976780266,0.4412999842315912,0.9611999848857522,0.037299992982298136
2,167,43444,3,DEEP_ANALYSIS,28.933399997185916,30.329100001836196,-1.3957000046502799,-4.8238368279774475,27.1239000139758,0.478199974168092,0.3242999955546111,0.957600015681237,0.03559998003765941
2,168,39354,3,DEEP_ANALYSIS,28.11520002433099,41.08309998991899,-12.967899965588003,-46.124160434090946,26.259200007189065,0.5852000031154603,0.30169999809004366,0.9210999996867031,0.03510000533424318
2,169,43387,3,DEEP_ANALYSIS,30.117400019662455,30.4957999906037,-0.37839997094124556,-1.2564164592368638,27.699099999153987,1.0359000007156283,0.34410000080242753,0.9906000050250441,0.03329999162815511
2,170,41671,3,DEEP_ANALYSIS,30.31970001757145,27.941099979216233,2.3786000383552164,7.84506455201313,28.420799993909895,0.6102999905124307,0.32240001019090414,0.9206000249832869,0.03300001844763756
2,171,40726,3,DEEP_ANALYSIS,39.088399993488565,39.483900007326156,-0.3955000138375908,-1.0118091656437054,37.1506999945268,0.6773000059183687,0.295300007564947,0.9156000160146505,0.03679998917505145
2,172,40281,3,DEEP_ANALYSIS,30.14160000020638,29.5740999863483,0.5675000138580799,1.8827799912884327,28.336699993815273,0.533499987795949,0.40400002035312355,0.8205000194720924,0.033400021493434906
2,173,40264,3,DEEP_ANALYSIS,29.47080001467839,39.000799995847046,-9.529999981168658,-32.33709290695228,27.696299977833405,0.5617999995592982,0.2901999978348613,0.8766999817453325,0.03300001844763756
2,174,40648,3,DEEP_ANALYSIS,30.42629998526536,98.51010001148097,-68.08380002621561,-223.76628133945556,28.469500015489757,0.8057999948505312,0.34130000858567655,0.7657000096514821,0.03209998249076307
2,175,41340,3,DEEP_ANALYSIS,29.638999985763803,42.835600004764274,-13.19660001900047,-44.52444423003158,27.693700016243383,0.7263000006787479,0.3493000112939626,0.8221000025514513,0.03329999162815511
2,176,42695,3,DEEP_ANALYSIS,38.96130001521669,29.02039999025874,9.940900024957955,25.514805771561637,36.97499999543652,0.6197000038810074,0.37709999014623463,0.9399999980814755,0.03530000685714185
2,177,41294,3,DEEP_ANALYSIS,28.6128000007011,29.329400014830753,-0.7166000141296536,-2.504473571660567,26.541900006122887,0.833400001283735,0.281400018138811,0.8902999979909509,0.052099989261478186
2,178,42838,3,DEEP_ANALYSIS,38.64489999250509,30.623800004832447,8.021099987672642,20.75590825497874,36.92140002385713,0.3819999983534217,0.2969999914057553,0.970299995969981,0.0610999995842576
2,179,40522,3,DEEP_ANALYSIS,29.192800022428855,28.607700020074844,0.5851000023540109,2.0042613312339963,27.337699983036146,0.4963999963365495,0.32569997711107135,0.9882999875117093,0.03330002073198557
2,180,41478,3,DEEP_ANALYSIS,27.78890001354739,39.38150001340546,-11.592599999858066,-41.71665662982899,26.179099979344755,0.48699998296797276,0.2610999799799174,0.8139999990817159,0.03250001464039087
2,181,41385,3,DEEP_ANALYSIS,29.68959999270737,28.986599994823337,0.7029999978840351,2.367832500460472,27.650800009723753,0.7830999966245145,0.2969999914057553,0.9068000072147697,0.03540000761859119
2,182,39104,3,DEEP_ANALYSIS,28.74450001399964,29.39340000739321,-0.6488999933935702,-2.257475319026359,26.722999988123775,0.7444999937433749,0.35489999572746456,0.8767999825067818,0.03250001464039087
2,183,41616,3,DEEP_ANALYSIS,29.712899995502084,28.14619999844581,1.5666999970562756,5.272793962532911,27.715699980035424,0.8159000135492533,0.36369997542351484,0.7721000001765788,0.03329999162815511
2,184,40542,3,DEEP_ANALYSIS,39.035300025716424,40.03319999901578,-0.9978999732993543,-2.556404005200264,36.9555999932345,0.7254999945871532,0.40249997982755303,0.899800012120977,0.03710002056322992
2,185,39469,3,DEEP_ANALYSIS,30.04549999604933,39.54659998998977,-9.501099993940443,-31.622372718675802,28.076699993107468,0.7611000037286431,0.2862999972421676,0.8725000079721212,0.033100019209086895
2,186,41282,3,DEEP_ANALYSIS,29.129100003046915,28.720500005874783,0.40859999717213213,1.4027209804950802,27.459000004455447,0.46270000166259706,0.3360999980941415,0.8271000115200877,0.0315000070258975
2,187,41416,3,DEEP_ANALYSIS,39.852900023106486,40.30429999693297,-0.4513999738264829,-1.13266531059161,37.32719999970868,0.7440999906975776,0.42470000335015357,1.3003000058233738,0.041799998143687844
2,188,40117,3,DEEP_ANALYSIS,41.239899990614504,38.89039999921806,2.349499991396442,5.69715249535316,37.184600019827485,1.1710000107996166,0.521400012075901,2.318900020327419,0.031400006264448166
2,189,40624,3,DEEP_ANALYSIS,38.95860002376139,39.40370000782423,-0.4450999840628356,-1.1424948119063902,37.27100000833161,0.542099995072931,0.2832000027410686,0.818000000435859,0.032100011594593525
2,190,42857,3,DEEP_ANALYSIS,39.08810002030805,29.709399997955188,9.37870002235286,23.993747502386142,37.4147999973502,0.5152999947313219,0.28649999876506627,0.8296000014524907,0.030300026992335916
2,191,39877,3,DEEP_ANALYSIS,28.86629998101853,28.139200003352016,0.7270999776665121,2.5188540898716765,26.85840000049211,0.9073999826796353,0.3239999932702631,0.7340000011026859,0.030499999411404133
2,192,42396,3,DEEP_ANALYSIS,28.50729998317547,40.909500006819144,-12.402200023643672,-43.50534786164681,26.64789999835193,0.5409999866969883,0.375000003259629,0.8995999814942479,0.030700000934302807
2,193,41523,3,DEEP_ANALYSIS,38.98690000642091,39.305999991483986,-0.319099985063076,-0.818480015108978,36.98199999053031,0.7642999989911914,0.3206999972462654,0.8764999802224338,0.031000003218650818
2,194,42135,3,DEEP_ANALYSIS,28.93739999854006,29.172400012612343,-0.2350000140722841,-0.8120978874540915,26.922799996100366,0.7773999823257327,0.3868999774567783,0.8047999872360379,0.032400013878941536
2,195,40160,3,DEEP_ANALYSIS,39.56949998973869,39.14259999874048,0.4268999909982085,1.0788612216705133,37.74950001388788,0.5575999966822565,0.28649999876506627,0.9289000008720905,0.033499993151053786
2,196,39938,3,DEEP_ANALYSIS,39.45690000546165,29.136700002709404,10.320200002752244,26.155628043063995,37.58969999034889,0.6633000157307833,0.30059998971410096,0.8562000002712011,0.03300001844763756
2,197,39677,3,DEEP_ANALYSIS,28.58879999257624,32.91780001018196,-4.329000017605722,-15.14229355107542,26.95319999475032,0.4707000043708831,0.27320001390762627,0.8478999952785671,0.031000003218650818
2,198,43500,3,DEEP_ANALYSIS,29.86179999425076,30.30330000910908,-0.44150001485832036,-1.4784775698160244,27.66769999288954,0.5760000203736126,0.3939999733120203,1.1615999974310398,0.046200002543628216
2,199,39160,3,DEEP_ANALYSIS,29.14030000101775,29.15029998985119,-0.00999998883344233,-0.03431669829443442,26.812099997187033,0.9264000109396875,0.37220001104287803,0.9717000066302717,0.03179998020641506
2,200,29748,4,DEEP_ANALYSIS,28.954000008525327,30.892299982951954,-1.9382999744266272,-6.694411735359214,26.878299977397546,0.8274999854620546,0.32740001915954053,0.8709999965503812,0.03500000457279384
2,201,29685,4,DEEP_ANALYSIS,28.933499997947365,39.125599985709414,-10.192099987762049,-35.22594911948126,27.229600003920496,0.5433000042103231,0.2922999847214669,0.8187000057660043,0.03560000914148986
2,202,30645,4,DEEP_ANALYSIS,39.23930000746623,28.82760000647977,10.411700000986457,26.533857635088747,37.43229998508468,0.6024999893270433,0.3291999746579677,0.8272000122815371,0.03460000152699649
2,203,30098,4,DEEP_ANALYSIS,29.375200014328584,28.766300005372614,0.6089000089559704,2.072836980374473,27.286300028208643,0.8651000098325312,0.30109999352134764,0.8756000024732202,0.03409999771974981
2,204,30316,4,DEEP_ANALYSIS,31.252600019797683,28.761699999449775,2.490900020347908,7.970216938014725,29.2085999972187,0.7853999850340188,0.3124000213574618,0.8975999953690916,0.034900003811344504
2,205,29379,4,DEEP_ANALYSIS,40.82080000080168,39.941800001543015,0.8789999992586672,2.153313994927597,38.753500004531816,0.7990000012796372,0.3040999872609973,0.9174000006169081,0.03309999010525644
2,206,30325,4,DEEP_ANALYSIS,39.65819999575615,40.58999998960644,-0.9317999938502908,-2.3495771213771763,37.91760001331568,0.4102999810129404,0.27110002702102065,1.0097000049427152,0.03659998765215278
2,207,30422,4,DEEP_ANALYSIS,38.91250002197921,28.592599992407486,10.319900029571727,26.52078387084528,37.14050000417046,0.5019999807700515,0.3100000030826777,0.9154999861493707,0.0315000070258975
2,208,30954,4,DEEP_ANALYSIS,39.26290001254529,29.979799990542233,9.283100022003055,23.64343952952257,37.491399998543784,0.6713000184390694,0.27379998937249184,0.7809000089764595,0.03250001464039087
2,209,30300,4,DEEP_ANALYSIS,28.23480000370182,28.565700020408258,-0.3309000167064369,-1.1719580682811748,26.459099986823276,0.6189999985508621,0.31629999284632504,0.7966000121086836,0.031000003218650818
2,210,30462,4,DEEP_ANALYSIS,28.597299999091774,39.80470000533387,-11.207400006242096,-39.19041310402742,26.743499998701736,0.6474000110756606,0.28089998522773385,0.8825999975670129,0.03090000245720148
2,211,30116,4,DEEP_ANALYSIS,40.88459999184124,39.91150000365451,0.9730999881867319,2.3801137552548384,38.45380002167076,0.9362999990116805,0.3965000214520842,1.0325000039301813,0.05039997631683946
2,212,30637,4,DEEP_ANALYSIS,28.84690000792034,32.130900013726205,-3.284000005805865,-11.384238878022229,26.74889998161234,0.8601000008638948,0.28150001890026033,0.90970000019297,0.03409999771974981
2,213,30291,4,DEEP_ANALYSIS,30.570799979614094,29.723700019530952,0.8470999600831419,2.7709446944405256,28.47029999247752,0.6992999988142401,0.43139999615959823,0.916499993763864,0.03589998232200742
2,214,30410,4,DEEP_ANALYSIS,39.79989999788813,28.25099998153746,11.548900016350672,29.017409634103302,37.805400002980605,0.529799988726154,0.5586000042967498,0.8601000008638948,0.03290001768618822
2,215,29482,4,DEEP_ANALYSIS,39.56429997924715,38.88300000107847,0.6812999781686813,1.7220069065446546,37.734300014562905,0.6294000195339322,0.27860002592206,0.8742999925743788,0.0337999954354018
2,216,30323,4,DEEP_ANALYSIS,28.606399981072173,29.970500007038936,-1.3641000259667635,-4.768513433599962,26.495099999010563,0.897099991561845,0.30529999639838934,0.8618999854661524,0.03409999771974981
2,217,30745,4,DEEP_ANALYSIS,28.70140000595711,28.336699993815273,0.36470001214183867,1.2706697654683863,26.845599990338087,0.6212999869603664,0.29850000282749534,0.8810999861452729,0.04099999205209315
2,218,30650,4,DEEP_ANALYSIS,39.176000020233914,39.66889998991974,-0.4928999696858227,-1.2581681882561928,37.03159998985939,0.8855999913066626,0.3000000142492354,0.9129000245593488,0.033400021493434906
2,219,30219,4,DEEP_ANALYSIS,31.433299998752773,39.86509999958798,-8.43180000083521,-26.824418693454938,29.532299988204613,0.7044999802019447,0.28910001856274903,0.8636999991722405,0.031000003218650818
2,220,29372,4,DEEP_ANALYSIS,38.414400012698025,38.92930000438355,-0.5148999916855246,-1.3403827510395123,36.62520000943914,0.6873999955132604,0.2700999903026968,0.7875000010244548,0.03160000778734684
2,221,30606,4,DEEP_ANALYSIS,28.947200014954433,29.06469997833483,-0.11749996338039637,-0.40591132586120465,27.067499991972,0.611600000411272,0.33019998227246106,0.8930999902077019,0.03250001464039087
2,222,29567,4,DEEP_ANALYSIS,30.031499976757914,29.5627000159584,0.46879996079951525,1.5610274583764734,28.08099999674596,0.7368999940808862,0.29379999614320695,0.8743999933358282,0.03339999238960445
2,223,30164,4,DEEP_ANALYSIS,29.015599982813,40.14710002229549,-11.13150003948249,-38.36384581423815,26.57560000079684,0.7077000045683235,0.4074999887961894,1.2673999881371856,0.041799998143687844
2,224,30928,4,DEEP_ANALYSIS,39.3970999866724,30.157300003338605,9.239799983333796,23.45299523685631,37.601100018946454,0.6157000025268644,0.305499997921288,0.829399999929592,0.03229998401366174
2,225,29952,4,DEEP_ANALYSIS,29.071400000248104,28.79350000876002,0.2778999914880842,0.9559222861152628,27.273699990473688,0.6555999862030149,0.28279999969527125,0.8154000097420067,0.031899980967864394
2,226,30539,4,DEEP_ANALYSIS,39.97700000763871,30.78040000400506,9.196600003633648,23.00472772313176,37.654399988241494,0.843599991640076,0.37039999733678997,1.0349000222049654,0.05460000829771161
2,227,30333,4,DEEP_ANALYSIS,29.84219999052584,30.480200017336756,-0.6380000268109143,-2.137912174750734,27.73880001041107,0.7945999968796968,0.3164999943692237,0.9469999931752682,0.03339999238960445
2,228,29649,4,DEEP_ANALYSIS,28.437499975552782,31.10160000505857,-2.6641000295057893,-9.36826384807409,26.48060000501573,0.7188000017777085,0.32839999767020345,0.8616000122856349,0.03530000685714185
2,229,30446,4,DEEP_ANALYSIS,28.924300015205517,30.472599988570437,-1.5482999733649194,-5.352938437752954,26.914499991107732,0.7194999780040234,0.32029999420046806,0.9170999983325601,0.03689998993650079
2,230,29444,4,DEEP_ANALYSIS,29.351500008488074,30.154700012644753,-0.8032000041566789,-2.7364870753603867,27.324499998940155,0.8193999819923192,0.2843000111170113,0.8780999924056232,0.03229998401366174
2,231,30746,4,DEEP_ANALYSIS,40.73409998090938,30.16560000833124,10.568499972578138,25.945092631311894,38.658600009512156,0.7847000088077039,0.4388999950606376,0.8037999796215445,0.03259998629800975
2,232,29404,4,DEEP_ANALYSIS,38.761200004955754,40.77089999918826,-2.0096999942325056,-5.184823983714535,36.92189999856055,0.5957999965175986,0.2925999870058149,0.9022000012919307,0.03489997470751405
2,233,30121,4,DEEP_ANALYSIS,39.58670000429265,39.56869998364709,0.018000020645558834,0.04546986903077794,37.559199990937486,0.7818000158295035,0.29299999005161226,0.9061999735422432,0.03250001464039087
2,234,29940,4,DEEP_ANALYSIS,39.88640001625754,38.41599999577738,1.470400020480156,3.686469623432615,38.08179998304695,0.6128000095486641,0.2795000036712736,0.8649000083096325,0.0329999893438071
2,235,30573,4,DEEP_ANALYSIS,39.236500015249476,29.67059999355115,9.565900021698326,24.38010530495964,36.88259999034926,1.1363999801687896,0.34050000249408185,0.8313000143971294,0.03330002073198557
2,236,30471,4,DEEP_ANALYSIS,39.40479998709634,40.38109999964945,-0.9763000125531107,-2.477616972736352,37.360900023486465,0.7940000214148313,0.32869999995455146,0.8750999986659735,0.03369999467395246
2,237,29804,4,DEEP_ANALYSIS,31.118599988985807,33.0932000069879,-1.9746000180020928,-6.345401202820781,29.14460000465624,0.6965000065974891,0.3609000123105943,0.8696000149939209,0.03269998705945909
2,238,29471,4,DEEP_ANALYSIS,29.494999995222315,28.994099993724376,0.5009000014979392,1.6982539466996998,27.791000000433996,0.5182000168133527,0.29070000164210796,0.8480999968014657,0.03329999162815511
2,239,30640,4,DEEP_ANALYSIS,28.739400004269555,38.82570000132546,-10.086299997055903,-35.09572223344075,26.15060002426617,0.8849000150803477,0.4321000014897436,1.2255999899934977,0.032800016924738884
2,240,29688,4,DEEP_ANALYSIS,29.54489999683574,30.24419999564998,-0.6992999988142401,-2.3669059597058553,27.5831000180915,0.7789000228513032,0.3113000129815191,0.824499991722405,0.0329999893438071
2,241,30112,4,DEEP_ANALYSIS,30.546599999070168,29.186700005084276,1.3598999939858913,4.4518866061273155,28.114299988374114,0.9203999943565577,0.4358000005595386,1.0171000030823052,0.042100000428035855
2,242,30821,4,DEEP_ANALYSIS,28.958899987628683,28.635800001211464,0.32309998641721904,1.1157191279891439,26.948200014885515,0.7844000065233558,0.26369999977760017,0.9153000137303025,0.034500000765547156
2,243,29590,4,DEEP_ANALYSIS,29.044299997622147,30.25890002027154,-1.2146000226493925,-4.181887746472911,26.602700003422797,1.1054999777115881,0.38750001112930477,0.897999998414889,0.03600001218728721
2,244,29386,4,DEEP_ANALYSIS,29.24249999341555,29.34790001017973,-0.10540001676417887,-0.3604343568022963,27.30600000359118,0.7996999775059521,0.31850000959821045,0.7699000125285238,0.033199990866705775
2,245,30512,4,DEEP_ANALYSIS,29.024099989328533,30.067199986660853,-1.0430999973323196,-3.5939098808088534,27.211700013140216,0.594600016484037,0.27809999301098287,0.8953000069595873,0.031000003218650818
2,246,29669,4,DEEP_ANALYSIS,29.550100007327273,38.154799985932186,-8.604699978604913,-29.119021514212413,27.60960001614876,0.662000005831942,0.23669999791309237,0.9968999947886914,0.0315000070258975
2,247,29735,4,DEEP_ANALYSIS,29.95669998927042,29.19339999789372,0.763299991376698,2.5480109346159256,27.896200015675277,0.909399997908622,0.34440000308677554,0.7622000121045858,0.03130000550299883
2,248,30721,4,DEEP_ANALYSIS,28.651800006628036,38.9349999895785,-10.283199982950464,-35.89024068495398,26.691699982620776,0.7397000154014677,0.2682000049389899,0.9079000155907124,0.03159997868351638
2,249,30193,4,DEEP_ANALYSIS,40.651499992236495,39.53619999811053,1.1152999941259623,2.743564184197284,38.850100012496114,0.601100007770583,0.28390000807121396,0.8696999866515398,0.03369999467395246
2,250,8743,5,DEEP_ANALYSIS,39.352199994027615,28.419800015399233,10.932399978628382,27.780911817605023,37.62490002554841,0.5096000095363706,0.3239999932702631,0.845799979288131,0.033400021493434906
2,251,6918,5,DEEP_ANALYSIS,29.917600011685863,29.20399999129586,0.7136000203900039,2.385218132842443,27.96990002389066,0.701499986462295,0.36219999310560524,0.8385000110138208,0.031400006264448166
2,252,7366,5,DEEP_ANALYSIS,40.561200003139675,39.85329999704845,0.7079000060912222,1.7452639617082992,38.68800000054762,0.664100021822378,0.3324999997857958,0.8314999868161976,0.0315000070258975
2,253,8386,5,DEEP_ANALYSIS,40.79630001797341,39.36149997753091,1.4348000404424965,3.516985706572347,38.925300003029406,0.6241000082809478,0.27489999774843454,0.9251000010408461,0.033199990866705775
2,254,5700,5,DEEP_ANALYSIS,39.706099982140586,28.46760000102222,11.238499981118366,28.304215186516263,37.746200017863885,0.6677999917883426,0.28139998903498054,0.963500002399087,0.03500000457279384
2,255,5906,5,DEEP_ANALYSIS,39.3377999716904,28.8674000184983,10.4703999531921,26.616638349697148,37.152000004425645,0.8381000079680234,0.3927999932784587,0.9076000133063644,0.033899996196851134
2,256,7629,5,DEEP_ANALYSIS,38.98270000354387,28.879799996502697,10.102900007041171,25.916368045627237,37.14859997853637,0.5820999795105308,0.30419998802244663,0.8961999847088009,0.03399999695830047
2,257,7473,5,DEEP_ANALYSIS,29.457800003001466,30.044899991480634,-0.5870999884791672,-1.9930204849627173,27.142000006278977,0.8704999927431345,0.4484000091906637,0.9452999802306294,0.03540000761859119
2,258,8123,5,DEEP_ANALYSIS,30.960400006733835,29.89259999594651,1.0678000107873231,3.4489218826471184,28.88850000454113,0.7334000256378204,0.3902000025846064,0.8932999917306006,0.03960001049563289
2,259,6649,5,DEEP_ANALYSIS,29.69150000717491,29.06780000193976,0.6237000052351505,2.1006011992807174,27.720099984435365,0.7566999993287027,0.29070000164210796,0.8773999870754778,0.0337999954354018
2,260,7894,5,DEEP_ANALYSIS,29.986800014739856,39.19300000416115,-9.206199989421293,-30.700841653314235,28.12509998329915,0.5770999996457249,0.33260000054724514,0.906000001123175,0.03300001844763756
2,261,5850,5,DEEP_ANALYSIS,39.23419999773614,28.835399978561327,10.398800019174814,26.504427310292645,36.78280001622625,0.8396000193897635,0.28459998429752886,1.2771000037901103,0.036299985367804766
2,262,8607,5,DEEP_ANALYSIS,27.953799988608807,30.247299990151078,-2.29350000154227,-8.20460904233726,26.02730001672171,0.7331000233534724,0.28059998294338584,0.8672999974805862,0.0329999893438071
2,263,6227,5,DEEP_ANALYSIS,40.37040000548586,30.068199994275346,10.302200011210516,25.519192303793293,38.45200000796467,0.6945000204723328,0.28860001475550234,0.8871000027284026,0.033199990866705775
2,264,6289,5,DEEP_ANALYSIS,30.170799989718944,27.941000007558614,2.22979998216033,7.39058952006629,27.904300019145012,0.7261999999172986,0.27889999910257757,1.2030999932903796,0.04539999645203352
2,265,6551,5,DEEP_ANALYSIS,28.727099997922778,39.88789999857545,-11.16080000065267,-38.85111967953498,26.834400021471083,0.5570000212173909,0.42199998279102147,0.8670999959576875,0.033899996196851134
2,266,6467,5,DEEP_ANALYSIS,28.600499994354323,40.55299999890849,-11.952500004554167,-41.79122745026683,26.724099996499717,0.5107999895699322,0.35030001890845597,0.965600018389523,0.03630001447163522
2,267,6374,5,DEEP_ANALYSIS,28.11019998625852,29.62469999329187,-1.514500007033348,-5.387724056654528,26.247300003888085,0.6475999834947288,0.29180001001805067,0.877900019986555,0.03179998020641506
2,268,7509,5,DEEP_ANALYSIS,40.26880001765676,28.22589999414049,12.042900023516268,29.906279845030863,38.20009998162277,0.8098999969661236,0.30690000858157873,0.9041000157594681,0.0329999893438071
2,269,6131,5,DEEP_ANALYSIS,39.445600006729364,28.37569999974221,11.069900006987154,28.063713075979692,37.67180000431836,0.6113999988883734,0.2935999946203083,0.8230000094044954,0.033100019209086895
2,270,7157,5,DEEP_ANALYSIS,29.740800004219636,30.653399997390807,-0.9125999931711704,-3.068511919792643,27.81579998554662,0.6867999909445643,0.28249999741092324,0.9076999849639833,0.034900003811344504
2,271,8801,5,DEEP_ANALYSIS,29.739300021901727,28.0909999855794,1.6483000363223255,5.542497755859832,27.634300000499934,0.9713000035844743,0.28020000900141895,0.8074000070337206,0.032100011594593525
2,272,6862,5,DEEP_ANALYSIS,29.01279999059625,30.348900007084012,-1.3361000164877623,-4.605208793776625,27.02300000237301,0.8243999909609556,0.2972999936901033,0.82380001549609,0.03200001083314419
2,273,7073,5,DEEP_ANALYSIS,29.49290000833571,29.057800013106316,0.43509999522939324,1.475270302704783,27.353899989975616,0.8728999819140881,0.3077999863307923,0.910000002477318,0.03399999695830047
2,274,6964,5,DEEP_ANALYSIS,30.07649999926798,28.87209999607876,1.204400003189221,4.0044553163384515,27.099600003566593,1.0725999891292304,0.4993999900761992,1.3496999745257199,0.039300008211284876
2,275,5983,5,DEEP_ANALYSIS,31.246600003214553,30.013799987500533,1.2328000157140195,3.9453893082357534,29.164699983084574,0.7869999972172081,0.308899994706735,0.9323999984189868,0.039399979868903756
2,276,6606,5,DEEP_ANALYSIS,39.039700001012534,39.746399997966364,-0.7066999969538301,-1.8102085746957615,37.07580000627786,0.61039999127388,0.3176000027451664,0.9865000029094517,0.0357000099029392
2,277,8442,5,DEEP_ANALYSIS,39.010100008454174,39.614299981622025,-0.6041999731678516,-1.5488295929436502,36.919299978762865,0.7161000103224069,0.3369000041857362,0.9889000211842358,0.03630001447163522
2,278,6661,5,DEEP_ANALYSIS,29.816700000083074,28.959899995243177,0.8568000048398972,2.873557452157717,28.010400012135506,0.5816999764647335,0.28470001416280866,0.8934999932534993,0.03359999391250312
2,279,6444,5,DEEP_ANALYSIS,38.99040000396781,39.073399995686486,-0.08299999171867967,-0.2128728910455735,36.92640000372194,0.8801000076346099,0.28539999038912356,0.8511999913025647,0.033899996196851134
2,280,9230,5,DEEP_ANALYSIS,39.669299992965534,29.89159998833202,9.777700004633516,24.648027583968897,38.09469999396242,0.4895000020042062,0.2604000037536025,0.7788999937474728,0.030700000934302807
2,281,8392,5,DEEP_ANALYSIS,29.04839999973774,28.894899995066226,0.15350000467151403,0.5284284321095134,27.19490000163205,0.6037999992258847,0.28569999267347157,0.9182999783661216,0.0323000131174922
2,282,5088,5,DEEP_ANALYSIS,40.506399993319064,29.21750000678003,11.288899986539036,27.869423074874522,38.529699988430366,0.5759999912697822,0.3772000200115144,0.9759000095073134,0.03559998003765941
2,283,8432,5,DEEP_ANALYSIS,42.3548000107985,29.118699982063845,13.236100028734654,31.250531286560356,40.710899978876114,0.4146999854128808,0.24960000882856548,0.9321999968960881,0.03369999467395246
2,284,5543,5,DEEP_ANALYSIS,29.074399993987754,39.10569997970015,-10.031299985712394,-34.50217369158693,27.08840000559576,0.7445000228472054,0.3097000007983297,0.8861999958753586,0.032100011594593525
2,285,6463,5,DEEP_ANALYSIS,30.220699991332367,28.848799993284047,1.3718999980483204,4.539603643998308,28.13099999912083,0.8534000080544502,0.2914000069722533,0.899800012120977,0.033199990866705775
2,286,6852,5,DEEP_ANALYSIS,28.989899990847334,28.85110001079738,0.13879998004995286,0.4787873710974328,26.87490000971593,0.9941999742295593,0.3107000084128231,0.7654000073671341,0.03190001007169485
2,287,7200,5,DEEP_ANALYSIS,29.49119999539107,40.110700007062405,-10.619500011671335,-36.00904681169625,27.441300015198067,0.7738999847788364,0.29700002050958574,0.9328000014647841,0.033499993151053786
2,288,7570,5,DEEP_ANALYSIS,39.472200005548075,40.233600011561066,-0.7614000060129911,-1.9289525435774324,37.274900008924305,0.826900009997189,0.33710000570863485,0.9769999887794256,0.03779999678954482
2,289,8886,5,DEEP_ANALYSIS,32.34629999496974,30.057900003157556,2.2883999918121845,7.07468858004798,30.103900004178286,0.9648999839555472,0.34070000401698053,0.8843999821692705,0.03749999450519681
2,290,8417,5,DEEP_ANALYSIS,28.894600021885708,29.291800019564107,-0.3971999976783991,-1.3746513098556372,27.151199989020824,0.606399989919737,0.30700000934302807,0.7864999934099615,0.031800009310245514
2,291,8256,5,DEEP_ANALYSIS,34.016699995845556,28.510899981483817,5.505800014361739,16.185579480179324,31.871100014541298,0.9920000156853348,0.3266999847255647,0.7817999867256731,0.03170000854879618
2,292,5936,5,DEEP_ANALYSIS,39.10090000135824,39.47450002306141,-0.37360002170316875,-0.9554767836295099,37.43110000505112,0.4845999937970191,0.25680000544525683,0.8845999836921692,0.032100011594593525
2,293,8617,5,DEEP_ANALYSIS,29.185299994423985,28.841399995144457,0.34389999927952886,1.178332925634593,26.79020000505261,1.0214000067207962,0.3904000041075051,0.9370000043418258,0.03339999238960445
2,294,6396,5,DEEP_ANALYSIS,29.304299998329952,39.344700024230406,-10.040400025900453,-34.262548590045334,27.156600001035258,0.9543999913148582,0.29379999614320695,0.8539999835193157,0.03270001616328955
2,295,8189,5,DEEP_ANALYSIS,28.472900012275204,29.30929997819476,-0.8363999659195542,-2.9375299514941102,26.616199989803135,0.5908999883104116,0.33209999673999846,0.8886999858077615,0.03200001083314419
2,296,6526,5,DEEP_ANALYSIS,39.5301999815274,28.97260000463575,10.557599976891652,26.707681675845947,37.565200007520616,0.7330999942496419,0.30059998971410096,0.8859999943524599,0.0329999893438071
2,297,5875,5,DEEP_ANALYSIS,40.72049999376759,41.06839999440126,-0.3479000006336719,-0.8543608273152814,38.48709998419508,0.7033000001683831,0.2893999917432666,1.1885999992955476,0.035299977753311396
2,298,6304,5,DEEP_ANALYSIS,29.204999998910353,38.927000015974045,-9.722000017063692,-33.28882046713379,27.414899988798425,0.6626999820582569,0.28360000578686595,0.7996000058483332,0.031099974876269698
2,299,8309,5,DEEP_ANALYSIS,30.163200019160286,28.708199999528006,1.4550000196322799,4.823758814409724,28.266999986954033,0.7387999794445932,0.26599998818710446,0.843899993924424,0.034900003811344504
3,0,16752,0,DEEP_ANALYSIS,49.93590002413839,46.07740000938065,3.8585000147577375,7.7269059191735545,46.54039998422377,0.821699999505654,0.8175999973900616,1.6712000069674104,0.06370001938194036
3,1,36213,0,DEEP_ANALYSIS,28.964900004211813,39.84919999493286,-10.884299990721047,-37.57755072221327,27.15169999282807,0.5475999787449837,0.29329999233596027,0.9263000101782382,0.03339999238960445
3,2,29162,0,DEEP_ANALYSIS,29.56529997754842,29.243299999507144,0.32199997804127634,1.089114530499605,27.522799995495006,0.7499000057578087,0.34020000020973384,0.9036000119522214,0.03409999771974981
3,3,46490,0,DEEP_ANALYSIS,30.144299991661683,29.361299995798618,0.7829999958630651,2.5975059831532112,28.26449999702163,0.7434999861288816,0.2833999751601368,0.8100999984890223,0.031100003980100155
3,4,48468,0,DEEP_ANALYSIS,28.37280000676401,39.92459998698905,-11.551799980225042,-40.71434605492274,26.60059998743236,0.5754999874625355,0.35909999860450625,0.7939999923110008,0.031200004741549492
3,5,12680,0,DEEP_ANALYSIS,28.86739998939447,28.29399998881854,0.5734000005759299,1.9863236757954994,27.06309998757206,0.4835000145249069,0.28619999648071826,0.9873999806586653,0.03470000228844583
3,6,19137,0,DEEP_ANALYSIS,39.4135000242386,40.017299994360656,-0.6037999701220542,-1.5319623219220013,37.547399988397956,0.7194000063464046,0.2825999981723726,0.821099994936958,0.031100003980100155
3,7,41460,0,DEEP_ANALYSIS,30.597699980717152,29.875700012780726,0.7219999679364264,2.3596543805300234,28.707000019494444,0.7096000190358609,0.29009999707341194,0.8458000083919615,0.032100011594593525
3,8,30356,0,DEEP_ANALYSIS,40.403899998636916,30.724600015673786,9.67929998296313,23.956350706960652,38.69459999259561,0.4943999811075628,0.2875999780371785,0.8824999968055636,0.032899988582357764
3,9,38550,0,DEEP_ANALYSIS,28.951100015547127,39.33860000688583,-10.3874999913387,-35.879465670597924,27.15499998885207,0.4343999898992479,0.2852999896276742,1.0183000122196972,0.04430001717992127
3,10,13998,0,DEEP_ANALYSIS,40.709799999604,31.37879999121651,9.331000008387491,22.920770940850254,38.221700000576675,0.6315999780781567,0.47530001029372215,1.3225000002421439,0.043400010326877236
3,11,32334,0,DEEP_ANALYSIS,29.31509999325499,29.04540000599809,0.2696999872568995,0.920003640850462,27.463900012662634,0.5934999790042639,0.2930000191554427,0.9149000106845051,0.03540000761859119
3,12,44685,0,DEEP_ANALYSIS,39.01379997842014,40.71590001694858,-1.7021000385284424,-4.362815310146492,36.8192000023555,0.8652999822515994,0.3142000059597194,0.9674000029917806,0.03509997623041272
3,13,47844,0,DEEP_ANALYSIS,29.639999993378296,39.00670001166873,-9.36670001829043,-31.60155202558364,27.88059998420067,0.44529998558573425,0.4212000058032572,0.8459000091534108,0.033199990866705775
3,14,38031,0,DEEP_ANALYSIS,39.94260000763461,31.700999999884516,8.241600007750094,20.633609244703145,37.94060001382604,0.7437999884132296,0.3882000164594501,0.8224999764934182,0.03160000778734684
3,15,22357,0,DEEP_ANALYSIS,30.32570000505075,28.90929998829961,1.4164000167511404,4.670625959220195,28.274200012674555,0.7319000142160803,0.42490000487305224,0.835299986647442,0.034500000765547156
3,16,1448,0,DEEP_ANALYSIS,29.166399996029213,30.120200011879206,-0.9538000158499926,-3.270201382343537,27.388300019083545,0.5604000180028379,0.28899998869746923,0.8843000105116516,0.03269998705945909
3,17,16406,0,DEEP_ANALYSIS,28.902499994728714,40.389100002357736,-11.486600007629022,-39.74258285519927,26.920300006167963,0.7267000037245452,0.3009999927598983,0.9085999918170273,0.0337999954354018
3,18,23555,0,DEEP_ANALYSIS,28.391700005158782,31.00389998871833,-2.612199983559549,-9.200576165164154,26.45679999841377,0.6997000018600374,0.3284999984316528,0.8621999877505004,0.032400013878941536
3,19,28282,0,DEEP_ANALYSIS,39.27840001415461,39.611499989405274,-0.3330999752506614,-0.8480487370428107,37.37839998211712,0.46549999387934804,0.3591999993659556,1.0263999865856022,0.03540000761859119
3,20,3279,0,DEEP_ANALYSIS,30.271700001321733,39.03169999830425,-8.759999996982515,-28.937918903134058,28.265300003113225,0.7763000030536205,0.2786999975796789,0.904199987417087,0.033499993151053786
3,21,1277,0,DEEP_ANALYSIS,39.337199996225536,30.929300002753735,8.407899993471801,21.373915770005368,37.372600025264546,0.5431000026874244,0.33000000985339284,1.0299999848939478,0.048999994760379195
3,22,32305,0,DEEP_ANALYSIS,40.309400006663054,39.25370000069961,1.0557000059634447,2.6189921104976506,38.53910000179894,0.5416000203695148,0.2874000056181103,0.895200006198138,0.03209998249076307
3,23,48982,0,DEEP_ANALYSIS,39.60660001030192,39.809899986721575,-0.20329997641965747,-0.5132982289991515,37.501399987377226,0.8710999973118305,0.308899994706735,0.8786999969743192,0.0337999954354018
3,24,29781,0,DEEP_ANALYSIS,38.934500014875084,40.950700000394136,-2.0161999855190516,-5.178440675361836,37.393600010545924,0.3863000019919127,0.24530000519007444,0.8629999938420951,0.03259998629800975
3,25,5090,0,DEEP_ANALYSIS,28.95769997849129,28.647300001466647,0.3103999770246446,1.071908256716515,26.763200003188103,0.8911000040825456,0.4048999981023371,0.8448000007774681,0.034900003811344504
3,26,27656,0,DEEP_ANALYSIS,28.50739998393692,39.84660000423901,-11.339200020302087,-39.77633886882491,26.309200009563938,1.0234999936074018,0.285400019492954,0.8440000237897038,0.0315000070258975
3,27,27848,0,DEEP_ANALYSIS,40.36090002045967,40.301999979419634,0.0589000410400331,0.14593341825919545,38.41449998435564,0.6568999961018562,0.35459999344311655,0.8836000051815063,0.03399999695830047
3,28,38562,0,DEEP_ANALYSIS,29.16710000135936,40.00139998970553,-10.834299988346174,-37.14561950910866,27.01430002343841,0.7482999935746193,0.35459999344311655,0.9972999978344887,0.035900011425837874
3,29,18909,0,DEEP_ANALYSIS,28.940800024429336,40.448600018862635,-11.507799994433299,-39.763240769845346,27.058899984695017,0.6493999972008169,0.38010001298971474,0.8061999978963286,0.03279998782090843
3,30,28301,0,DEEP_ANALYSIS,40.81970002152957,29.03809997951612,11.781600042013451,28.862534599224084,38.76339999260381,0.8495000074617565,0.28909998945891857,0.8717000018805265,0.03400002606213093
3,31,17594,0,DEEP_ANALYSIS,39.62939998018555,30.12850001687184,9.500899963313714,23.97437248119856,37.44270000606775,1.0517000046093017,0.29090000316500664,0.7989000005181879,0.03139997716061771
3,32,45297,0,DEEP_ANALYSIS,38.8665999926161,31.168999994406477,7.6975999982096255,19.805179767903596,37.2730000235606,0.44750000233761966,0.26440000510774553,0.8387999841943383,0.03090000245720148
3,33,17130,0,DEEP_ANALYSIS,28.88669999083504,30.773400008911267,-1.8867000180762261,-6.531379557633183,26.925900019705296,0.6735000060871243,0.3488000074867159,0.8911999757401645,0.03460000152699649
3,34,15274,0,DEEP_ANALYSIS,39.10409999662079,40.389200003119186,-1.2851000064983964,-3.2863561790437554,37.42829998373054,0.4975000047124922,0.2849999873433262,0.8487000013701618,0.032499985536560416
3,35,16888,0,DEEP_ANALYSIS,29.5627000159584,39.22519998741336,-9.662499971454963,-32.68476819180588,27.82449999358505,0.5932000058237463,0.2799999783746898,0.8230000094044954,0.03029999788850546
3,36,48115,0,DEEP_ANALYSIS,39.432400022633374,39.750600000843406,-0.318199978210032,-0.8069505737094163,37.58790000574663,0.42470000335015357,0.35119999665766954,1.0183000122196972,0.03740002284757793
3,37,35277,0,DEEP_ANALYSIS,29.041600006166846,28.536800004076213,0.5048000020906329,1.7381962494609149,26.86030001495965,0.892400013981387,0.3575999871827662,0.8819999929983169,0.03510000533424318
3,38,20946,0,DEEP_ANALYSIS,28.700700000626966,39.78409999399446,-11.083399993367493,-38.61717656059043,26.887000014539808,0.5834000185132027,0.3271999885328114,0.8585999894421548,0.032100011594593525
3,39,13886,0,DEEP_ANALYSIS,29.86169999348931,32.22470000036992,-2.363000006880611,-7.913146295742745,27.0392999809701,1.0951999865937978,0.37620001239702106,1.2985000212211162,0.03710002056322992
3,40,48192,0,DEEP_ANALYSIS,30.177999986335635,39.392100006807595,-9.21410002047196,-30.532507206057502,27.988499990897253,0.7294999959412962,0.3195999888703227,1.0902000067289919,0.035999983083456755
3,41,48188,0,DEEP_ANALYSIS,41.03860000032,29.081899992888793,11.956700007431209,29.13525316979131,38.62140001729131,0.8140999998431653,0.6430000066757202,0.9085999918170273,0.03510000533424318
3,42,20902,0,DEEP_ANALYSIS,29.785599996102974,39.6832000114955,-9.897600015392527,-33.22948007321487,28.05560000706464,0.5726999952457845,0.3026000049430877,0.8095999946817756,0.03169997944496572
3,43,46711,0,DEEP_ANALYSIS,32.94930001720786,38.855599996168166,-5.9062999789603055,-17.925418676195623,31.060100009199232,0.7060999923851341,0.2862999972421676,0.8512000204063952,0.03369999467395246
3,44,12235,0,DEEP_ANALYSIS,40.0740000186488,39.533000002847984,0.5410000158008188,1.3500025341844075,38.35239997715689,0.5475000070873648,0.2830000012181699,0.8448000007774681,0.03360002301633358
3,45,48126,0,DEEP_ANALYSIS,29.459699988365173,28.395900008035824,1.0637999803293496,3.611034670242695,27.584900002693757,0.5304999940562993,0.30499999411404133,0.9940000018104911,0.03279998782090843
3,46,4710,0,DEEP_ANALYSIS,29.532199987443164,33.34610001184046,-3.8139000243972987,-12.914378292233344,27.374400000553578,0.823200010927394,0.33939999411813915,0.9460999863222241,0.03610001294873655
3,47,32257,0,DEEP_ANALYSIS,40.03120001289062,30.61439999146387,9.416800021426752,23.523651597739782,37.95450000325218,0.839299988001585,0.3062000032514334,0.8863999973982573,0.03339999238960445
3,48,12044,0,DEEP_ANALYSIS,28.92069998779334,29.210500011686236,-0.2898000238928944,-1.0020505175020358,27.114199998322874,0.5868999869562685,0.31120001222006977,0.8619999862276018,0.03339999238960445
3,49,44280,0,DEEP_ANALYSIS,40.03110001212917,31.379600026411936,8.651499985717237,21.61194666920441,37.915000022621825,0.6890000076964498,0.36929998896084726,1.0079999919980764,0.036200013710185885
3,50,2666,1,DEEP_ANALYSIS,38.97540000616573,39.56629999447614,-0.5908999883104116,-1.5160844743528838,37.047000019811094,0.48790001892484725,0.34749999758787453,1.0299999848939478,0.050300004659220576
3,51,1789,1,DEEP_ANALYSIS,40.22570000961423,29.0409000008367,11.184800008777529,27.80510968386947,37.67389999120496,1.0845999931916595,0.5598999850917608,0.8609000069554895,0.03339999238960445
3,52,1118,1,DEEP_ANALYSIS,29.937599989352748,29.110900009982288,0.8266999793704599,2.7614103323729164,27.748300024541095,1.0106000117957592,0.30759998480789363,0.8262000046670437,0.031199975637719035
3,53,3159,1,DEEP_ANALYSIS,39.29029998835176,30.526300019118935,8.763999969232827,22.305759874144652,37.33189997728914,0.6983999919611961,0.3464000183157623,0.8650000090710819,0.03549997927621007
3,54,788,1,DEEP_ANALYSIS,39.732999983243644,31.99550000135787,7.737499981885776,19.47373715840451,37.387199990917,0.8540000126231462,0.4188999882899225,1.014699984807521,0.03880000440403819
3,55,499,1,DEEP_ANALYSIS,29.235699999844655,39.609800005564466,-10.37410000571981,-35.4843564743616,27.40829999675043,0.7131999882403761,0.2872000040952116,0.7828999951016158,0.031000003218650818
3,56,2226,1,DEEP_ANALYSIS,28.433999978005886,29.50450000935234,-1.0705000313464552,-3.764859084808689,26.503800007048994,0.6626999820582569,0.28310000197961926,0.9373000066261739,0.03400002606213093
3,57,1943,1,DEEP_ANALYSIS,28.4115000104066,29.74739999626763,-1.3358999858610332,-4.701969221518463,26.489199983188882,0.7581000099889934,0.26199998683296144,0.8558999979868531,0.03339999238960445
3,58,2234,1,DEEP_ANALYSIS,29.031000012764707,29.482799989636987,-0.45179997687228024,-1.5562673579057809,27.180500008398667,0.6129000103101134,0.298700004350394,0.893300020834431,0.032899988582357764
3,59,2292,1,DEEP_ANALYSIS,38.89660001732409,30.703900003572926,8.192700013751164,21.062766437432145,36.940099991625175,0.7508999842684716,0.2723999787122011,0.8886000141501427,0.03220001235604286
3,60,2541,1,DEEP_ANALYSIS,30.983900011051446,30.191099998774007,0.7928000122774392,2.558748291837569,28.73699998599477,1.0244000004604459,0.26780000189319253,0.9111000108532608,0.030700000934302807
3,61,1357,1,DEEP_ANALYSIS,28.931699984241277,29.575499997008592,-0.6438000127673149,-2.2252408711482023,27.20660000341013,0.5898000090382993,0.27809999301098287,0.8132999937515706,0.031499977922067046
3,62,2987,1,DEEP_ANALYSIS,28.63200000138022,29.094700003042817,-0.46270000166259706,-1.6160240347872743,26.339000003645197,0.8268999808933586,0.34339999547228217,1.0713000083342195,0.03470000228844583
3,63,2037,1,DEEP_ANALYSIS,29.078899999149144,29.081799992127344,-0.0028999929782003164,-0.009972842777014162,27.49430001131259,0.37659998633898795,0.2582999877631664,0.9028000058606267,0.0329999893438071
3,64,1536,1,DEEP_ANALYSIS,32.12700001313351,39.67450000345707,-7.5474999903235584,-23.492700803804095,30.075799993937835,0.8711999980732799,0.2834000042639673,0.8518999966327101,0.0315000070258975
3,65,3015,1,DEEP_ANALYSIS,39.05950000626035,28.8482999894768,10.21120001678355,26.14267979658451,37.13439998682588,0.7775999838486314,0.29429999995045364,0.8092999923974276,0.031100003980100155
3,66,2271,1,DEEP_ANALYSIS,30.030200025066733,29.27179998368956,0.7584000413771719,2.5254578415865434,27.95180000248365,0.9070999803952873,0.2969000197481364,0.8290000259876251,0.03290001768618822
3,67,1412,1,DEEP_ANALYSIS,28.88980001443997,28.790899988962337,0.09890002547763288,0.34233544513357567,26.97239999542944,0.7126000127755105,0.2838000073097646,0.8701999904587865,0.03329999162815511
3,68,1890,1,DEEP_ANALYSIS,39.22390000661835,39.92479998851195,-0.700899981893599,-1.7869206829900504,37.10190000128932,0.6101000180933625,0.3429999924264848,1.122800022130832,0.032400013878941536
3,69,1915,1,DEEP_ANALYSIS,29.966200003400445,32.764200004749,-2.798000001348555,-9.337186566968949,27.63189998222515,1.001099997665733,0.38270000368356705,0.9006999898701906,0.035699980799108744
3,70,2178,1,DEEP_ANALYSIS,39.855999988503754,41.38370000873692,-1.5277000202331692,-3.8330490281860343,37.76140001718886,0.6883000023663044,0.3738999948836863,0.978900003246963,0.03659998765215278
3,71,3198,1,DEEP_ANALYSIS,39.69959999085404,30.113100016023964,9.586499974830076,24.14759840663031,37.44489999371581,0.750000006519258,0.4039999912492931,1.0470999986864626,0.03679998917505145
3,72,2025,1,DEEP_ANALYSIS,40.40739999618381,32.372799993027,8.034600003156811,19.883981656616413,38.554900005692616,0.6432999798562378,0.2992999798152596,0.8643000037409365,0.0323000131174922
3,73,2590,1,DEEP_ANALYSIS,45.29999999795109,40.568700002040714,4.731299995910376,10.444370852371682,43.23519999161363,0.6736000068485737,0.3397999971639365,0.9958000155165792,0.03850000211969018
3,74,1962,1,DEEP_ANALYSIS,40.27700002188794,39.53790001105517,0.7391000108327717,1.8350423577503752,38.19309998652898,0.8806000114418566,0.3066999779548496,0.8515999943483621,0.0323000131174922
3,75,1128,1,DEEP_ANALYSIS,39.40629999851808,28.185400005895644,11.220899992622435,28.474888515400863,37.57799998857081,0.6261999951675534,0.2888999879360199,0.8654999837744981,0.033899996196851134
3,76,2974,1,DEEP_ANALYSIS,29.766299994662404,30.1300999999512,-0.36380000528879464,-1.2221875253357994,27.893399994354695,0.6821999850217253,0.2800000074785203,0.8679000020492822,0.03159997868351638
3,77,1091,1,DEEP_ANALYSIS,29.304000025149435,28.788300027372316,0.5156999977771193,1.759828000732093,27.30590000282973,0.7647000020369887,0.28750000637955964,0.9001999860629439,0.032100011594593525
3,78,588,1,DEEP_ANALYSIS,40.93329998431727,28.0485000112094,12.884799973107874,31.477550009514044,38.72930002398789,0.953300012042746,0.3620999923441559,0.8449000015389174,0.031199975637719035
3,79,1906,1,DEEP_ANALYSIS,39.34590000426397,29.954500001622364,9.391400002641603,23.86881479804464,37.16300000087358,1.045600016368553,0.28539999038912356,0.8074999786913395,0.031000003218650818
3,80,856,1,DEEP_ANALYSIS,39.68519999762066,39.83009999501519,-0.14489999739453197,-0.36512351557562894,37.07699998631142,1.0220999829471111,0.4440000047907233,1.0901999776251614,0.03680001827888191
3,81,2577,1,DEEP_ANALYSIS,40.26570002315566,29.321299982257187,10.944400040898472,27.180453921339154,38.21659999084659,0.5475000070873648,0.5557999829761684,0.8961999847088009,0.035500008380040526
3,82,2220,1,DEEP_ANALYSIS,28.513800003565848,29.321300011361018,-0.80750000779517,-2.8319620944742074,26.399700000183657,0.9248999995179474,0.29919997905381024,0.8430999878328294,0.03339999238960445
3,83,665,1,DEEP_ANALYSIS,30.046200001379475,29.319099994609132,0.7271000067703426,2.419939981551611,28.17410000716336,0.5403000104706734,0.37200000951997936,0.9131999977398664,0.031200004741549492
3,84,1123,1,DEEP_ANALYSIS,39.306299993768334,40.79860000638291,-1.492300012614578,-3.796592436457181,37.504700012505054,0.5769999988842756,0.295000005280599,0.8811000152491033,0.03440000000409782
3,85,3199,1,DEEP_ANALYSIS,29.19790000305511,28.748700016876683,0.44919998617842793,1.538466760045846,26.988199999323115,0.9664000244811177,0.30869999318383634,0.8866999996826053,0.034900003811344504
3,86,2519,1,DEEP_ANALYSIS,31.5905999741517,29.638800013344735,1.9517999608069658,6.1784200439497265,29.425799992168322,0.8577999833505601,0.31400000443682075,0.9411000064574182,0.03700001980178058
3,87,974,1,DEEP_ANALYSIS,29.280500020831823,28.705199976684526,0.5753000441472977,1.9647890020252263,27.587799995671958,0.46290000318549573,0.26369999977760017,0.9223000088240951,0.030800001695752144
3,88,1342,1,DEEP_ANALYSIS,40.325399982975796,28.874400013592094,11.450999969383702,28.39649445316842,38.675099989632145,0.4087999986950308,0.27310001314617693,0.9221000073011965,0.034500000765547156
3,89,552,1,DEEP_ANALYSIS,38.954999996349216,39.86980000627227,-0.9148000099230558,-2.3483506867123323,36.93970001768321,0.5068000173196197,0.2995999820996076,1.1608999921008945,0.03510000533424318
3,90,3112,1,DEEP_ANALYSIS,39.20510000898503,39.9310999782756,-0.7259999692905694,-1.8517998146266295,37.13659997447394,0.5429000011645257,0.37349999183788896,1.1014000046998262,0.035500008380040526
3,91,3011,1,DEEP_ANALYSIS,28.29700001166202,29.22900000703521,-0.9319999953731894,-3.2936353499985334,26.325599988922477,0.7317999843508005,0.29719999292865396,0.8963999862316996,0.03359999391250312
3,92,715,1,DEEP_ANALYSIS,29.45440000621602,30.07929999148473,-0.624899985268712,-2.1215845005732046,27.307100011967123,0.9209999989252537,0.3037999849766493,0.8767999825067818,0.033899996196851134
3,93,2035,1,DEEP_ANALYSIS,40.02099999343045,39.4510000187438,0.5699999746866524,1.4242522045431634,37.6445000001695,1.012300024740398,0.361400016117841,0.9320999961346388,0.035200006095692515
3,94,1133,1,DEEP_ANALYSIS,29.603400005726144,28.948099992703646,0.6553000130224973,2.213597130382806,27.375100005883723,0.880700012203306,0.38919999497011304,0.893999997060746,0.0515999854542315
3,95,1914,1,DEEP_ANALYSIS,29.523099976358935,34.50380000867881,-4.980700032319874,-16.870518462858726,27.712900016922504,0.6167000101413578,0.29689999064430594,0.8524000004399568,0.032100011594593525
3,96,2057,1,DEEP_ANALYSIS,28.078800009097904,28.613800008315593,-0.534999999217689,-1.9053520771697579,26.28489999915473,0.5495999939739704,0.30419998802244663,0.8955999801401049,0.03170000854879618
3,97,2211,1,DEEP_ANALYSIS,39.75589998299256,29.02780001750216,10.7280999654904,26.984925432652375,38.08590001426637,0.4121999954804778,0.26890001026913524,0.9412000072188675,0.035500008380040526
3,98,2710,1,DEEP_ANALYSIS,39.86739998799749,40.84239999065176,-0.9750000026542693,-2.445607195221669,37.46490000048652,0.6964999774936587,0.42699999175965786,1.229099987540394,0.03460000152699649
3,99,2756,1,DEEP_ANALYSIS,31.28260001540184,28.96530000725761,2.3173000081442297,7.407632380311477,29.610300000058487,0.4969000001437962,0.2877000079024583,0.8427999855484813,0.03220001235604286
3,100,43691,2,DEEP_ANALYSIS,29.820800002198666,30.139799986500293,-0.3189999843016267,-1.069723093539097,27.3534000152722,0.8573000086471438,0.4285000031813979,1.1227999930270016,0.043100008042529225
3,101,49333,2,DEEP_ANALYSIS,29.698300000745803,39.08930000034161,-9.390999999595806,-31.621338592983346,27.31629999470897,1.0017000022344291,0.38270000368356705,0.9483000030741096,0.036200013710185885
3,102,43721,2,DEEP_ANALYSIS,32.539499981794506,28.266500012250617,4.272999969543889,13.131732116149866,30.75200002058409,0.6546000076923519,0.3060000017285347,0.7836000004317611,0.031400006264448166
3,103,49169,2,DEEP_ANALYSIS,30.485099996440113,39.762600004905835,-9.277500008465722,-30.432900038212434,28.69889998692088,0.5336999893188477,0.30270000570453703,0.9046999912243336,0.03309999010525644
3,104,47580,2,DEEP_ANALYSIS,30.14919999986887,39.81640000711195,-9.667200007243082,-32.06453241639953,28.056400013156235,0.82970000221394,0.3023000026587397,0.9159999899566174,0.033199990866705775
3,105,49963,2,DEEP_ANALYSIS,27.9803000157699,40.19020000123419,-12.20989998546429,-43.63748772737498,26.128500001505017,0.6677000201307237,0.3603000077418983,0.7799000013619661,0.03170000854879618
3,106,49103,2,DEEP_ANALYSIS,39.4285999936983,39.90130001329817,-0.47270001959986985,-1.1988759927449097,37.480999977560714,0.6141999911051244,0.2967000182252377,0.9905999759212136,0.03399999695830047
3,107,48393,2,DEEP_ANALYSIS,40.41119999601506,39.98530001263134,0.42589998338371515,1.0539157051156933,38.13319999608211,0.7205000147223473,0.39840000681579113,1.1064000136684626,0.03609998384490609
3,108,48580,2,DEEP_ANALYSIS,41.11039999406785,29.20700001413934,11.903399979928508,28.95471700991999,39.12489998037927,0.6738000083714724,0.30899999546818435,0.9486000053584576,0.039099977584555745
3,109,48416,2,DEEP_ANALYSIS,29.32509998208843,29.001100017922,0.3239999641664326,1.1048554458955964,27.438399993116036,0.7205000147223473,0.3009999927598983,0.8224000048357993,0.03139997716061771
3,110,43644,2,DEEP_ANALYSIS,29.426599998259917,39.753699995344505,-10.327099997084588,-35.09443835745638,27.40839999751188,0.6951000250410289,0.39599998854100704,0.8810999861452729,0.033899996196851134
3,111,47299,2,DEEP_ANALYSIS,39.97709997929633,32.298400008585304,7.678699970711023,19.207746371517022,38.06859999895096,0.6178999901749194,0.3144000074826181,0.9290000016335398,0.03399999695830047
3,112,49225,2,DEEP_ANALYSIS,31.848899991018698,39.11490002064966,-7.266000029630959,-22.813974836430617,30.000500002643093,0.5447000148706138,0.291300006210804,0.9623999940231442,0.034500000765547156
3,113,48160,2,DEEP_ANALYSIS,30.20989999640733,41.39190001296811,-11.182000016560778,-37.014356280194846,27.870099991559982,0.8884999842848629,0.4075000179000199,0.9895999974105507,0.03950000973418355
3,114,43609,2,DEEP_ANALYSIS,39.525600004708394,41.14740001386963,-1.621800009161234,-4.103163542028561,37.21810001297854,0.7627000159118325,0.3139999753329903,1.1371000146027654,0.07880001794546843
3,115,43643,2,DEEP_ANALYSIS,29.2366000066977,29.689299990423024,-0.4526999837253243,-1.54840160491171,26.96099999593571,0.8434999908786267,0.3929999948013574,0.9870000067166984,0.03610001294873655
3,116,48561,2,DEEP_ANALYSIS,29.00549999321811,39.432099991245195,-10.426599998027086,-35.94697557520116,27.11629998520948,0.5748999828938395,0.3635000030044466,0.907299981918186,0.030700000934302807
3,117,47631,2,DEEP_ANALYSIS,40.72889999952167,41.38979999697767,-0.6608999974559993,-1.6226806947002275,38.81920001003891,0.6451999943237752,0.32729998929426074,0.8860999951139092,0.037999998312443495
3,118,43678,2,DEEP_ANALYSIS,40.50129998358898,41.152299992972985,-0.6510000093840063,-1.60735583709113,38.22660000878386,0.6482000171672553,0.5075999943073839,1.0655000223778188,0.037900026654824615
3,119,47956,2,DEEP_ANALYSIS,29.545500001404434,29.936299979453906,-0.390799978049472,-1.3227055830190568,27.389900002162904,0.8981999999377877,0.3533999843057245,0.8565000025555491,0.03400002606213093
3,120,43659,2,DEEP_ANALYSIS,39.030600019032136,40.51890000118874,-1.4882999821566045,-3.813161933024033,37.037700007203966,0.767599995015189,0.30940002761781216,0.8622000168543309,0.03960001049563289
3,121,49850,2,DEEP_ANALYSIS,39.59880000911653,29.81419998104684,9.78460002806969,24.70933469149837,37.49519999837503,0.8761000062804669,0.298700004350394,0.8835999760776758,0.03250001464039087
3,122,43614,2,DEEP_ANALYSIS,28.6809999961406,39.704700000584126,-11.023700004443526,-38.435549687691875,26.879499986534938,0.5256000149529427,0.4155999922659248,0.8137999975588173,0.032800016924738884
3,123,47868,2,DEEP_ANALYSIS,40.66279999096878,30.638600001111627,10.024199989857152,24.652016073864885,38.73190001468174,0.6176000169944018,0.35930000012740493,0.9043000172823668,0.03609998384490609
3,124,43699,2,DEEP_ANALYSIS,28.827200003433973,29.942499997559935,-1.1152999941259623,-3.8689154478863874,26.638300012564287,0.7823999912943691,0.3141000051982701,1.0455000156071037,0.0337999954354018
3,125,49184,2,DEEP_ANALYSIS,39.56510001444258,40.829300007317215,-1.2641999928746372,-3.1952402304383463,37.574199988739565,0.6318000087048858,0.32479999936185777,0.9833000076469034,0.035900011425837874
3,126,48464,2,DEEP_ANALYSIS,39.018599985865876,28.82760000647977,10.190999979386106,26.118312761292568,36.93769997335039,0.7596999930683523,0.32649998320266604,0.9457000123802572,0.03360002301633358
3,127,43744,2,DEEP_ANALYSIS,41.481399995973334,31.06919999117963,10.412200004793704,25.100888605024018,39.441200002329424,0.5028999876230955,0.5105999880470335,0.9642999793868512,0.0391000066883862
3,128,48491,2,DEEP_ANALYSIS,40.22230001282878,29.68819998204708,10.534100030781701,26.18970080632356,38.49390000686981,0.49970002146437764,0.2877999795600772,0.8940999978221953,0.03440000000409782
3,129,43709,2,DEEP_ANALYSIS,29.797199997119606,29.18779998435639,0.6094000127632171,2.045158648537868,27.29560001171194,1.0303000162821263,0.32079999800771475,1.099100016290322,0.03659998765215278
3,130,49442,2,DEEP_ANALYSIS,32.27730002254248,39.76349998265505,-7.486199960112572,-23.19338964189758,30.32679998432286,0.6711999885737896,0.30929999775253236,0.9216000034939498,0.0337999954354018
3,131,48390,2,DEEP_ANALYSIS,28.72669999487698,41.13280001911335,-12.406100024236366,-43.186652231021405,26.67180000571534,0.7904999947641045,0.30350001179613173,0.913099996978417,0.03429999924264848
3,132,49367,2,DEEP_ANALYSIS,29.171800008043647,28.648700012126938,0.5230999959167093,1.7931701018534099,26.95499997935258,0.979200005531311,0.3352999920025468,0.8551999926567078,0.03329999162815511
3,133,43684,2,DEEP_ANALYSIS,29.24370000255294,29.938099993159994,-0.694399990607053,-2.374528498604598,27.060400025220588,0.9495000122115016,0.28539999038912356,0.9021000005304813,0.03409999771974981
3,134,47720,2,DEEP_ANALYSIS,28.941099997609854,31.19080001488328,-2.249700017273426,-7.773374258266689,26.827800000319257,0.9236000187229365,0.32389999250881374,0.8195999835152179,0.03269998705945909
3,135,43702,2,DEEP_ANALYSIS,30.18309999606572,39.272299996810034,-9.089200000744313,-30.11354036506874,28.460500005166978,0.5489999894052744,0.27379998937249184,0.8538999827578664,0.03309999010525644
3,136,43755,2,DEEP_ANALYSIS,30.548100010491908,29.35639998759143,1.191700022900477,3.901061023406305,27.848800003994256,0.9707000281196088,0.4231999919284135,1.2559999886434525,0.03279998782090843
3,137,49990,2,DEEP_ANALYSIS,39.52319998643361,39.62070000125095,-0.09750001481734216,-0.24669058894727444,37.54109999863431,0.7356999849434942,0.2945000014733523,0.904199987417087,0.03510000533424318
3,138,49859,2,DEEP_ANALYSIS,29.75670000887476,39.83339999103919,-10.076699982164428,-33.86363400228893,27.537799993297085,0.8489000028930604,0.3693999897222966,0.9542999905534089,0.0337999954354018
3,139,43742,2,DEEP_ANALYSIS,29.167800006689504,39.593599998624995,-10.425799991935492,-35.744211046237226,27.205899998079985,0.5031999899074435,0.41199999395757914,0.9982000046875328,0.03500000457279384
3,140,48443,2,DEEP_ANALYSIS,39.19030001270585,28.920100012328476,10.270200000377372,26.20597443001886,37.277800001902506,0.6877999985590577,0.2699999895412475,0.9091999963857234,0.032899988582357764
3,141,43758,2,DEEP_ANALYSIS,40.743399993516505,39.472000004025176,1.2713999894913286,3.1205053817149437,38.723900011973456,0.6815000087954104,0.3490000090096146,0.9404999727848917,0.03470000228844583
3,142,43715,2,DEEP_ANALYSIS,30.34019999904558,40.2761000150349,-9.935900015989318,-32.74830098780455,27.980899991234764,1.0372999822720885,0.3338000096846372,0.9366999729536474,0.03700001980178058
3,143,43750,2,DEEP_ANALYSIS,39.09020000719465,40.19329999573529,-1.1030999885406345,-2.821934879682391,37.37990002264269,0.593100005062297,0.305800000205636,0.7679999980609864,0.03090000245720148
3,144,43723,2,DEEP_ANALYSIS,29.983899992657825,30.316299991682172,-0.33239999902434647,-1.1085949429718664,27.805599995190278,0.8211999956984073,0.39840000681579113,0.9046999912243336,0.03789999755099416
3,145,47904,2,DEEP_ANALYSIS,29.727400018600747,29.00410001166165,0.7233000069390982,2.4331088708952744,27.116799989016727,0.9210999996867031,0.4425000224728137,1.1989000195171684,0.03350002225488424
3,146,48793,2,DEEP_ANALYSIS,40.220399998361245,40.53090000525117,-0.3105000068899244,-0.7719963175467562,38.458600000012666,0.5388999998103827,0.27829999453388155,0.9015999967232347,0.030399998649954796
3,147,47415,2,DEEP_ANALYSIS,91.46389999659732,44.25419998005964,47.20970001653768,51.61566477954034,89.02529999613762,1.0349999938625842,0.46369998017326,0.8907000010367483,0.03359999391250312
3,148,48977,2,DEEP_ANALYSIS,41.81550000794232,39.134499995270744,2.681000012671575,6.411498157770093,39.97990000061691,0.540599983651191,0.3761000116355717,0.877300015417859,0.028999987989664078
3,149,48227,2,DEEP_ANALYSIS,30.11219998006709,39.4629999937024,-9.350800013635308,-31.053194452165943,28.068700019503012,0.764199998229742,0.28780000866390765,0.9450000070501119,0.0337999954354018
3,150,43222,3,DEEP_ANALYSIS,29.91219999967143,40.73269999935292,-10.820499999681488,-36.1742031672707,28.262800013180822,0.42359999497421086,0.2735000161919743,0.9032999805640429,0.03530000685714185
3,151,42040,3,DEEP_ANALYSIS,29.404700006125495,39.537499978905544,-10.132799972780049,-34.45979714354922,26.981800008798018,0.8083999855443835,0.43700000969693065,1.1291000118944794,0.03429999924264848
3,152,40579,3,DEEP_ANALYSIS,28.30150001682341,31.02349999244325,-2.7219999756198376,-9.617864685623676,26.376099995104596,0.6972999835852534,0.2837000065483153,0.8974999946076423,0.0337999954354018
3,153,43555,3,DEEP_ANALYSIS,30.050600005779415,28.38629999314435,1.664300012635067,5.538325398877174,28.167099982965738,0.5463999987114221,0.4276999970898032,0.8649999799672514,0.03220001235604286
3,154,42160,3,DEEP_ANALYSIS,29.138000012608245,28.527899994514883,0.6101000180933625,2.093829424906882,27.529199986020103,0.5275000003166497,0.28450001263991,0.7525999972131103,0.031400006264448166
3,155,38774,3,DEEP_ANALYSIS,28.793000004952773,29.44089999073185,-0.6478999857790768,-2.250199651539018,26.572000002488494,0.9067999781109393,0.3564000071492046,0.9068000072147697,0.03519997699186206
3,156,39193,3,DEEP_ANALYSIS,28.795699996408075,41.0420999978669,-12.246400001458824,-42.52857198465888,26.886300009209663,0.6990999972913414,0.3068000078201294,0.8534000080544502,0.03440000000409782
3,157,42532,3,DEEP_ANALYSIS,40.636799996718764,28.501199994934723,12.135600001784042,29.863571941599577,38.652899995213374,0.7890000124461949,0.31099998159334064,0.8354999881703407,0.033499993151053786
3,158,43599,3,DEEP_ANALYSIS,41.08769999584183,28.381899988744408,12.705800007097423,30.923609762491644,38.82570000132546,0.6192000000737607,0.4744000034406781,1.1156999971717596,0.035500008380040526
3,159,43017,3,DEEP_ANALYSIS,28.89729998423718,28.499400010332465,0.397899973904714,1.3769451613879478,26.96089999517426,0.6667999841738492,0.34210001467727125,0.8787999977357686,0.0357000099029392
3,160,39374,3,DEEP_ANALYSIS,38.89369999524206,39.53650000039488,-0.6428000051528215,-1.652709835349829,37.15970000484958,0.5935999797657132,0.2562000008765608,0.8387000125367194,0.03309999010525644
3,161,39459,3,DEEP_ANALYSIS,29.047599993646145,29.11080000922084,-0.06320001557469368,-0.21757396682864683,26.94159999373369,0.7705000170972198,0.2789999998640269,1.0084999958053231,0.034999975468963385
3,162,41680,3,DEEP_ANALYSIS,29.40530001069419,29.146799992304295,0.25850001838989556,0.8790932869104673,27.143899991642684,1.0276999964844435,0.3073000116273761,0.8781000215094537,0.0323000131174922
3,163,39285,3,DEEP_ANALYSIS,30.25310000521131,28.476899984525517,1.776200020685792,5.871133934637538,28.051700006471947,0.8296000014524907,0.444200006313622,0.8783999946899712,0.03399999695830047
3,164,43108,3,DEEP_ANALYSIS,28.773700003512204,28.425700002117082,0.3480000013951212,1.2094377899006499,27.180699980817735,0.517400010721758,0.2896999940276146,0.7382000039797276,0.03129997639916837
3,165,41876,3,DEEP_ANALYSIS,31.178100005490705,38.67010000976734,-7.492000004276633,-24.029687514496505,28.93549998407252,0.7434000144712627,0.4608000162988901,0.9909000073093921,0.03329999162815511
3,166,39678,3,DEEP_ANALYSIS,40.438299998641014,32.08120001363568,8.357099985005334,20.66629899201051,38.560999993933365,0.5983999872114509,0.2696000155992806,0.9644999809097499,0.032899988582357764
3,167,41956,3,DEEP_ANALYSIS,39.445500005967915,28.689099999610335,10.75640000635758,27.269016756614032,37.46550000505522,0.666300009470433,0.42799999937415123,0.8345000096596777,0.03680001827888191
3,168,39333,3,DEEP_ANALYSIS,29.671600001165643,29.140500002540648,0.5310999986249954,1.7899270636033484,27.607300027739257,0.5218000151216984,0.4047999973408878,1.091400015866384,0.0329999893438071
3,169,39906,3,DEEP_ANALYSIS,28.015000018058345,29.724900028668344,-1.7099000106099993,-6.1035160075238455,26.555899996310472,0.3415999817661941,0.24620001204311848,0.828499993076548,0.031200004741549492
3,170,41040,3,DEEP_ANALYSIS,40.30259998398833,28.65860000019893,11.6439999837894,28.891436255763647,38.6348000029102,0.5393000028561801,0.3510999958962202,0.7325999904423952,0.03229998401366174
3,171,40826,3,DEEP_ANALYSIS,29.155299998819828,40.35340002155863,-11.1981000227388,-38.40845411706306,26.909300009720027,1.0810999956447631,0.3377000102773309,0.7743000169284642,0.037600024370476604
3,172,40171,3,DEEP_ANALYSIS,29.18599999975413,38.93529999186285,-9.749299992108718,-33.40402930237391,27.286199998343363,0.6807000027038157,0.33660000190138817,0.8361000218428671,0.03290001768618822
3,173,41081,3,DEEP_ANALYSIS,28.32240000134334,29.75970000261441,-1.437300001271069,-5.074781802399858,26.48350002709776,0.7626000151503831,0.24510000366717577,0.7866999949328601,0.0295999925583601
3,174,40514,3,DEEP_ANALYSIS,30.183899973053485,29.060700006084517,1.1231999669689685,3.721189004640551,28.14629999920726,0.5819000070914626,0.44659999548457563,0.9577999881003052,0.03640001523308456
3,175,39827,3,DEEP_ANALYSIS,31.859299982897937,31.435800017789006,0.42349996510893106,1.329282078816125,29.42790000815876,0.8917999803088605,0.4642000130843371,1.0238000249955803,0.03819999983534217
3,176,42070,3,DEEP_ANALYSIS,39.485599991166964,29.561400006059557,9.924199985107407,25.13371960240563,37.46720001799986,0.7650000043213367,0.3711000026669353,0.8362999942619354,0.03279998782090843
3,177,39516,3,DEEP_ANALYSIS,39.79609999805689,31.538500013994053,8.257599984062836,20.74977192354534,37.77179997996427,0.7298999989870936,0.3270000161137432,0.9200000204145908,0.033899996196851134
3,178,41237,3,DEEP_ANALYSIS,29.5627000159584,29.50189998955466,0.06080002640374005,0.20566465976016826,27.404099993873388,0.5184999899938703,0.4364000051282346,1.1558000114746392,0.03369999467395246
3,179,42345,3,DEEP_ANALYSIS,29.148600006010383,39.559700002428144,-10.41109999641776,-35.7173243115313,27.21410000231117,0.675899995258078,0.36380000528879464,0.8510999905411154,0.030800001695752144
3,180,39151,3,DEEP_ANALYSIS,30.096900009084493,29.373800003668293,0.7231000054161996,2.402573039741428,28.219400002853945,0.6866000185254961,0.3108000091742724,0.8376000041607767,0.030499999411404133
3,181,42122,3,DEEP_ANALYSIS,40.23109999252483,40.08629999589175,0.14479999663308263,0.35992055066848105,37.719500018283725,1.2573999993037432,0.3009999927598983,0.9039999858941883,0.0329999893438071
3,182,42296,3,DEEP_ANALYSIS,33.73470000224188,28.795400023227558,4.939299979014322,14.641600425336746,32.14540000772104,0.4878000181633979,0.2727000101003796,0.7858000171836466,0.03090000245720148
3,183,40108,3,DEEP_ANALYSIS,39.17919998639263,40.51320001599379,-1.3340000296011567,-3.404867965819796,37.33240001020022,0.5648999940603971,0.2887000155169517,0.9482000023126602,0.03269998705945909
3,184,40758,3,DEEP_ANALYSIS,40.669199981493875,29.61120000691153,11.057999974582344,27.190109418464537,38.03319999133237,0.9768000163603574,0.5126000032760203,1.0974000033456832,0.03359999391250312
3,185,43304,3,DEEP_ANALYSIS,29.659299994818866,31.217800016747788,-1.5585000219289213,-5.254675674075831,27.78599999146536,0.6467999774031341,0.28029998065903783,0.8971999923232943,0.032100011594593525
3,186,40844,3,DEEP_ANALYSIS,29.896799998823553,29.80389998992905,0.09290000889450312,0.31073562688367573,27.11510000517592,0.9689000144135207,0.8093999931588769,0.9485000045970082,0.035699980799108744
3,187,39685,3,DEEP_ANALYSIS,31.61599999293685,40.79769999952987,-9.181700006593019,-29.041308225721945,29.593000013846904,0.7225000008475035,0.3412000078242272,0.9094999986700714,0.036200013710185885
3,188,41647,3,DEEP_ANALYSIS,28.906599996844307,28.705800010357052,0.2007999864872545,0.694651001879071,26.92809997824952,0.742000003810972,0.37460000021383166,0.8188000065274537,0.030199997127056122
3,189,38715,3,DEEP_ANALYSIS,29.65449998737313,29.576200002338737,0.07829998503439128,0.2640408203400205,27.266699995379895,0.9024000028148293,0.39439997635781765,1.033000007737428,0.040300015825778246
3,190,42249,3,DEEP_ANALYSIS,29.625299997860566,29.012100014369935,0.613199983490631,2.069852401612521,26.63770000799559,1.0584999981801957,0.5429999728221446,1.289999985601753,0.08209998486563563
3,191,38821,3,DEEP_ANALYSIS,29.04990001115948,30.293399991933256,-1.2434999807737768,-4.28056544186413,26.811599993379787,0.8746000239625573,0.3539999888744205,0.9485000045970082,0.04770001396536827
3,192,41419,3,DEEP_ANALYSIS,29.53870000783354,29.682099993806332,-0.1433999859727919,-0.4854647832665718,27.867900003911927,0.41229999624192715,0.30559999868273735,0.9073000110220164,0.03309999010525644
3,193,41758,3,DEEP_ANALYSIS,40.08749997592531,29.255200002808124,10.832299973117188,27.021640111312912,38.06260001147166,0.679899996612221,0.3703000256791711,0.9257000056095421,0.03470000228844583
3,194,42878,3,DEEP_ANALYSIS,39.748999988660216,30.749700003070757,8.99929998558946,22.640317965626362,37.712099991040304,0.7339000003412366,0.2766000106930733,0.9806999878492206,0.033199990866705775
3,195,40937,3,DEEP_ANALYSIS,39.06450001522899,40.05389998201281,-0.9893999667838216,-2.5327342379861815,36.880799976643175,0.9229000133927912,0.2629999944474548,0.9526999783702195,0.03300001844763756
3,196,39987,3,DEEP_ANALYSIS,39.1216000134591,39.83150000567548,-0.7098999922163785,-1.8145985644047018,37.138499988941476,0.7352999818976969,0.30079999123699963,0.90079999063164,0.032499985536560416
3,197,42292,3,DEEP_ANALYSIS,28.844299988122657,28.899900004034862,-0.05560001591220498,-0.19275910989380793,27.043100009905174,0.5908999883104116,0.2880000101868063,0.8771999855525792,0.03260001540184021
3,198,41075,3,DEEP_ANALYSIS,29.230900021502748,29.363499983446673,-0.13259996194392443,-0.45362941902706255,27.296299987938255,0.5939000111538917,0.34810000215657055,0.9452000085730106,0.03399999695830047
3,199,40159,3,DEEP_ANALYSIS,38.83999999379739,39.14690000237897,-0.30690000858157873,-0.7901648007996642,36.61380000994541,1.0491000139154494,0.2848999865818769,0.8473000198137015,0.0323000131174922
3,200,30856,4,DEEP_ANALYSIS,38.39430000516586,31.924500013701618,6.469799991464242,16.850938786730705,36.57979998388328,0.5579999997280538,0.3043000178877264,0.902900006622076,0.03359999391250312
3,201,30112,4,DEEP_ANALYSIS,28.46290002344176,29.89299999899231,-1.4300999755505472,-5.024435227516279,26.53269999427721,0.6843000010121614,0.33340000663883984,0.8685000066179782,0.03130000550299883
3,202,29748,4,DEEP_ANALYSIS,39.807099994504824,28.58600000035949,11.221099994145334,28.188689946502887,37.70519999670796,0.7488999981433153,0.3510999958962202,0.9502999891992658,0.037299992982298136
3,203,30115,4,DEEP_ANALYSIS,31.904200004646555,30.089100007899106,1.815099996747449,5.689219590157711,30.04679997684434,0.6848000048194081,0.2818999928422272,0.8450000023003668,0.0329999893438071
3,204,30321,4,DEEP_ANALYSIS,39.470799994887784,40.185299993027,-0.7144999981392175,-1.8101989273887502,37.119300017366186,1.0710999777074903,0.32210000790655613,0.9128999954555184,0.03250001464039087
3,205,29839,4,DEEP_ANALYSIS,30.289000016637146,29.797399998642504,0.49160001799464226,1.623031522085959,28.329399996437132,0.7069999992381781,0.308299990138039,0.8977999968919903,0.0329999893438071
3,206,29558,4,DEEP_ANALYSIS,29.087300004903227,28.985099983401597,0.10220002150163054,0.3513561639767278,26.96210000431165,0.8321000204887241,0.3441999724600464,0.9025000035762787,0.032499985536560416
3,207,30099,4,DEEP_ANALYSIS,30.262899992521852,29.703999985940754,0.5589000065810978,1.846815760284723,28.015299991238862,0.7667999889235944,0.3596999740693718,1.0729999921750277,0.03500000457279384
3,208,30119,4,DEEP_ANALYSIS,41.3653000141494,28.581099992152303,12.784200021997094,30.905614168455532,38.77519999514334,1.5440999995917082,0.24920000578276813,0.7515000179409981,0.03329999162815511
3,209,30639,4,DEEP_ANALYSIS,30.412599997362122,38.977200019871816,-8.564600022509694,-28.161354252028946,28.428399993572384,0.658300006762147,0.36750000435858965,0.911299983272329,0.032400013878941536
3,210,30201,4,DEEP_ANALYSIS,28.758500004187226,39.45839998777956,-10.699899983592331,-37.20604336816743,26.640199997927994,0.7981000235304236,0.4211000050418079,0.8497000089846551,0.03369999467395246
3,211,30366,4,DEEP_ANALYSIS,40.40439997334033,39.43689999869093,0.9674999746493995,2.394541127421212,38.478100002976134,0.6582999776583165,0.29269998776726425,0.9305999847128987,0.03279998782090843
3,212,30697,4,DEEP_ANALYSIS,31.548200000543147,29.652099998202175,1.8961000023409724,6.010168574778683,29.137600009562448,0.8369999995920807,0.44389997492544353,1.0797999857459217,0.03500000457279384
3,213,30476,4,DEEP_ANALYSIS,40.539100009482354,39.845399995101616,0.6937000143807381,1.7111875059349548,38.40029999264516,0.5588000058196485,0.4689999914262444,1.0614999919198453,0.03480000304989517
3,214,30255,4,DEEP_ANALYSIS,39.61459998390637,28.71650000452064,10.898099979385734,27.510311813859385,37.556600000243634,0.6333999917842448,0.32980000833049417,1.04750000173226,0.03500000457279384
3,215,30082,4,DEEP_ANALYSIS,29.147400025976822,39.064799988409504,-9.917399962432683,-34.024990062901225,27.44550001807511,0.5650999955832958,0.2649000089149922,0.8271000115200877,0.030700000934302807
3,216,30826,4,DEEP_ANALYSIS,28.957600006833673,31.4512999902945,-2.4936999834608287,-8.611556147168077,26.860599988140166,0.829399999929592,0.3519000019878149,0.8624999900348485,0.03759999526664615
3,217,30595,4,DEEP_ANALYSIS,39.46690002339892,39.658699999563396,-0.19179997616447508,-0.485976795873914,37.71139998571016,0.5525000160560012,0.3281999961473048,0.8308000105898827,0.03130000550299883
3,218,30815,4,DEEP_ANALYSIS,29.255400004331023,29.603100003441796,-0.3476999991107732,-1.1884985303885747,27.288900018902496,0.7298999989870936,0.3158999898005277,0.8764999802224338,0.0323000131174922
3,219,30039,4,DEEP_ANALYSIS,41.07740000472404,31.203299993649125,9.874100011074916,24.03779209477562,39.032000000588596,0.5594999820459634,0.301799998851493,1.125600014347583,0.04350001108832657
3,220,30127,4,DEEP_ANALYSIS,30.122800002573058,28.3888999838382,1.7339000187348574,5.756105071861678,28.210600023157895,0.6982999911997467,0.27650000993162394,0.8798000053502619,0.037999998312443495
3,221,30314,4,DEEP_ANALYSIS,29.190899978857487,29.345800023293123,-0.1549000444356352,-0.5306449768517821,27.329400007147342,0.6404000159818679,0.29429999995045364,0.8802999800536782,0.03260001540184021
3,222,30449,4,DEEP_ANALYSIS,28.981999988900498,28.97859999211505,0.0033999967854470015,0.011731408414702675,26.95329999551177,0.8420000085607171,0.2993999805767089,0.8411000017076731,0.032899988582357764
3,223,30593,4,DEEP_ANALYSIS,40.22840000106953,29.161699989344925,11.066700011724606,27.509669813938366,37.61759999906644,1.278899988392368,0.3505999920889735,0.9284999978262931,0.03330002073198557
3,224,29378,4,DEEP_ANALYSIS,30.156900000292808,30.926700012059882,-0.7698000117670745,-2.5526496813651276,28.041599987773225,0.6999000033829361,0.39080000715330243,0.96010000561364,0.04919999628327787
3,225,30875,4,DEEP_ANALYSIS,30.678500013891608,29.66010000091046,1.0184000129811466,3.319588677803681,28.672599990386516,0.8344999805558473,0.30100002186372876,0.825399998575449,0.032400013878941536
3,226,29455,4,DEEP_ANALYSIS,29.056300001684576,29.283399984706193,-0.22709998302161694,-0.7815860347272382,27.200200012885034,0.590900017414242,0.288500013994053,0.9300000092480332,0.03440000000409782
3,227,29643,4,DEEP_ANALYSIS,29.28069999325089,30.44400000362657,-1.1633000103756785,-3.9729241809240063,27.178999996976927,0.7901999924797565,0.3406000032555312,0.9250000002793968,0.032400013878941536
3,228,30422,4,DEEP_ANALYSIS,29.272899992065504,41.308000014396384,-12.03510002233088,-41.11345314469364,26.89399998052977,0.7812999829184264,0.3328999737277627,1.211800001328811,0.03940000897273421
3,229,30126,4,DEEP_ANALYSIS,38.826100004371256,29.978300008224323,8.847799996146932,22.788279006005748,36.76479999558069,0.7440000190399587,0.2830000012181699,0.9895999974105507,0.03290001768618822
3,230,30197,4,DEEP_ANALYSIS,30.323699989821762,39.77080000913702,-9.447100019315258,-31.154179808157327,28.116700006648898,0.8678000012878329,0.378400000045076,0.9117000154219568,0.03500000457279384
3,231,30250,4,DEEP_ANALYSIS,29.31969999917783,40.146299987100065,-10.826599987922236,-36.9260258059456,27.10770000703633,0.8235999848693609,0.3938000008929521,0.943400023970753,0.03560000914148986
3,232,30354,4,DEEP_ANALYSIS,29.797099996358156,30.04380001220852,-0.24670001585036516,-0.8279329729420554,27.909399999771267,0.6097000150475651,0.33859998802654445,0.8892000187188387,0.03399999695830047
3,233,29850,4,DEEP_ANALYSIS,39.22679999959655,39.673499995842576,-0.44669999624602497,-1.1387622652131177,37.54720001597889,0.4746000049635768,0.2597000275272876,0.8991000067908317,0.03399999695830047
3,234,29743,4,DEEP_ANALYSIS,29.2081999941729,29.6022999973502,-0.3941000031773001,-1.3492786383821116,26.963299984345213,0.8914000063668936,0.35849999403581023,0.9453000093344599,0.03589998232200742
3,235,29792,4,DEEP_ANALYSIS,39.761199994245544,40.00280000036582,-0.24160000612027943,-0.6076275518727933,37.440900021465495,0.800700014224276,0.3829000052064657,1.079899986507371,0.041099992813542485
3,236,29701,4,DEEP_ANALYSIS,30.62750000390224,29.255000001285225,1.3725000026170164,4.481266843334084,28.10179998050444,1.112400001147762,0.3415000101085752,1.0191999899689108,0.03649998689070344
3,237,30928,4,DEEP_ANALYSIS,28.872900002170354,28.402900003129616,0.46999999904073775,1.6278240114619875,26.86149999499321,0.8066000009421259,0.28639999800361693,0.8726000087335706,0.03309999010525644
3,238,29414,4,DEEP_ANALYSIS,30.702499992912635,39.40370000782423,-8.701200014911592,-28.340363217719005,28.76219997415319,0.6736999785061926,0.30189999961294234,0.916799996048212,0.033499993151053786
3,239,30410,4,DEEP_ANALYSIS,39.68509999685921,28.964600001927465,10.720499994931743,27.01391705143793,37.93809999478981,0.7195000071078539,0.23969999165274203,0.743500015232712,0.031000003218650818
3,240,30592,4,DEEP_ANALYSIS,29.026599979260936,28.945099998963997,0.08149998029693961,0.2807768748498622,27.316699997754768,0.5816000048071146,0.2724000078160316,0.8117000106722116,0.031899980967864394
3,241,29372,4,DEEP_ANALYSIS,39.363299991237,28.817999991588295,10.545299999648705,26.789674651252014,37.38339999108575,0.8383000094909221,0.3294999769423157,0.7639999967068434,0.03160000778734684
3,242,29519,4,DEEP_ANALYSIS,30.210599972633645,30.262900021625683,-0.05230004899203777,-0.1731182069850116,27.466900006402284,0.9475000260863453,0.4921999934595078,1.2568999954964966,0.032199983252212405
3,243,30589,4,DEEP_ANALYSIS,31.241399992723018,39.70829999889247,-8.466900006169453,-27.10153836941247,29.240400006528944,0.6492999964393675,0.31269999453797936,0.9903000027406961,0.03560000914148986
3,244,29694,4,DEEP_ANALYSIS,29.170699999667704,28.893600014271215,0.2770999853964895,0.9499257316404682,26.38019999722019,0.919299985980615,0.9082000178750604,0.9149000106845051,0.03470000228844583
3,245,30630,4,DEEP_ANALYSIS,29.391400021268055,29.193099995609373,0.198300025658682,0.6746872401967553,27.496499998960644,0.6646999972872436,0.29769999673590064,0.8874000050127506,0.031800009310245514
3,246,30227,4,DEEP_ANALYSIS,29.376499995123595,39.78700001607649,-10.410500020952895,-35.43819046748593,27.38600000157021,0.749099999666214,0.30419998802244663,0.8893999911379069,0.03259998629800975
3,247,30333,4,DEEP_ANALYSIS,29.214000009233132,29.13429998443462,0.07970002479851246,0.27281448885234183,26.862599974265322,0.8385999826714396,0.375300005543977,1.0651000193320215,0.05560001591220498
3,248,30868,4,DEEP_ANALYSIS,39.780299994163215,39.80940001201816,-0.02910001785494387,-0.0731518310802422,37.74429997429252,0.8614000107627362,0.3535999858286232,0.7751999946776778,0.03169997944496572
3,249,30219,4,DEEP_ANALYSIS,28.679900016868487,39.86849999637343,-11.188599979504943,-39.01199088185179,27.085999987320974,0.40129999979399145,0.2720000047702342,0.8698000165168196,0.0337999954354018
3,250,8798,5,FAST_ATTACK_PATH,32.08139998605475,38.023300003260374,-5.941900017205626,-18.521323944056277,30.138400004943833,0.5671999824699014,0.3169999981764704,1.0106000117957592,0.03470000228844583
3,251,7539,5,FAST_ATTACK_PATH,30.42469997308217,37.45360000175424,-7.028900028672069,-23.102610822426488,28.36850000312552,0.5381000228226185,0.3520999744068831,1.1100000119768083,0.040000013541430235
3,252,6098,5,FAST_ATTACK_PATH,30.10340000037104,26.874200004385784,3.2291999959852546,10.727027498373783,27.749400003813207,0.9887000196613371,0.5571000219788402,0.7581000099889934,0.035699980799108744
3,253,6933,5,FAST_ATTACK_PATH,28.64549998776056,27.572100021643564,1.0733999661169946,3.747185305111201,26.704699994297698,0.7187000010162592,0.3664999967440963,0.8078999817371368,0.033899996196851134
3,254,7070,5,FAST_ATTACK_PATH,39.12020000279881,27.311300014844164,11.808899987954646,30.18619533414909,37.1510999975726,0.6520999886561185,0.34180001239292324,0.9292000031564385,0.0329999893438071
3,255,6798,5,FAST_ATTACK_PATH,40.6082000117749,37.31470002094284,3.2934999908320606,8.110430873264676,38.95710001233965,0.49700000090524554,0.27459999546408653,0.8300999761559069,0.0329999893438071
3,256,7887,5,FAST_ATTACK_PATH,39.92750000907108,37.520899990340695,2.406600018730387,6.027424752823579,37.86869999021292,0.6298999942373484,0.3591999993659556,0.9940000018104911,0.03369999467395246
3,257,8801,5,FAST_ATTACK_PATH,29.06770000117831,36.75219998694956,-7.684499985771254,-26.436560118137137,27.014799998141825,0.6588999822270125,0.3209999995306134,1.0255000088363886,0.03409999771974981
3,258,8322,5,FAST_ATTACK_PATH,40.39740000735037,26.96809999179095,13.42930001555942,33.242981016391994,37.70230000372976,0.8775000169407576,0.5015000060666353,1.2691999727394432,0.032400013878941536
3,259,5966,5,FAST_ATTACK_PATH,29.70309997908771,37.23980000359006,-7.536700024502352,-25.373445969641285,27.822300005936995,0.6999000033829361,0.2728000108618289,0.8648000075481832,0.03229998401366174
3,260,5913,5,FAST_ATTACK_PATH,29.748500004643574,37.07839999697171,-7.329899992328137,-24.639561628935848,26.605899998685345,1.327400008449331,0.5599999858532101,1.2064999900758266,0.03359999391250312
3,261,8487,5,FAST_ATTACK_PATH,41.54299999936484,27.799700008472428,13.74329999089241,33.082107674223174,39.507699984824285,0.6241000082809478,0.3276999923400581,1.038500020513311,0.03200001083314419
3,262,6972,5,FAST_ATTACK_PATH,29.372099990723655,28.455299994675443,0.916799996048212,3.1213294123939295,26.858900004299358,1.0497000184841454,0.3816999960690737,1.0291000071447343,0.0371999922208488
3,263,8039,5,FAST_ATTACK_PATH,34.445099998265505,28.214499994646758,6.230600003618747,18.08849445619984,31.84099998907186,1.0313999955542386,0.3426999901421368,1.1729999969247729,0.03689998993650079
3,264,8115,5,FAST_ATTACK_PATH,39.038200018694624,38.89019999769516,0.1480000209994614,0.37911589399251794,37.01689999434166,0.5635999841615558,0.43990000267513096,0.9651999862398952,0.0371999922208488
3,265,6508,5,FAST_ATTACK_PATH,39.033499982906505,28.294699994148687,10.738799988757819,27.51175270846975,36.9893999886699,0.7161000103224069,0.3144000074826181,0.9626999963074923,0.03580001066438854
3,266,6419,5,FAST_ATTACK_PATH,31.764999992446974,37.3781000089366,-5.613100016489625,-17.670706808828264,29.7978000016883,0.6472999812103808,0.33290000283159316,0.9348999883513898,0.03689998993650079
3,267,8731,5,FAST_ATTACK_PATH,29.048700002022088,39.334400004008785,-10.285700001986697,-35.408469230191734,26.96950000245124,0.7902999932412058,0.3192000149283558,0.920199992833659,0.035699980799108744
3,268,6975,5,FAST_ATTACK_PATH,30.46940002241172,38.47319999476895,-8.003799972357228,-26.26832155037528,28.349700005492195,0.7749000214971602,0.301799998851493,0.9939000010490417,0.03680001827888191
3,269,6138,5,FAST_ATTACK_PATH,39.820400008466095,37.69839997403324,2.1220000344328582,5.328926967036258,37.623100011842325,0.8751999994274229,0.3281999961473048,0.9462999878451228,0.034500000765547156
3,270,5905,5,FAST_ATTACK_PATH,42.765799997141585,40.94559999066405,1.8202000064775348,4.256204739766811,40.94679999980144,0.6621000065933913,0.3062000032514334,0.8012999896891415,0.03470000228844583
3,271,6028,5,FAST_ATTACK_PATH,41.368699981831014,28.829500020947307,12.539199960883707,30.310838789690948,39.2303999979049,0.6990999972913414,0.374700000975281,1.0145999840460718,0.03619998460635543
3,272,7055,5,FAST_ATTACK_PATH,29.166100022848696,39.47009998955764,-10.303999966708943,-35.32868624408748,27.039699984015897,0.9138000023085624,0.33599999733269215,0.8329999982379377,0.03159997868351638
3,273,6469,5,FAST_ATTACK_PATH,41.04390001157299,40.7474999956321,0.2964000159408897,0.7221536351499613,38.457099988590926,1.1484000133350492,0.42719999328255653,0.9646000107750297,0.03359999391250312
3,274,9276,5,FAST_ATTACK_PATH,31.866699981037527,37.94410001137294,-6.077400030335411,-19.071319069598687,29.745900013949722,0.8379999781027436,0.3009000211022794,0.9359000250697136,0.033400021493434906
3,275,8452,5,FAST_ATTACK_PATH,41.1809999786783,38.285300019197166,2.895699959481135,7.031640710474249,38.971600006334484,0.8899999957066029,0.3276999923400581,0.9447000047657639,0.03309999010525644
3,276,7316,5,FAST_ATTACK_PATH,43.24009999982081,38.78240002086386,4.457699978956953,10.309180549941894,40.82719999132678,0.7943999953567982,0.3997999883722514,1.1687999940477312,0.035699980799108744
3,277,5500,5,FAST_ATTACK_PATH,41.18520001065917,39.84579999814741,1.33940001251176,3.252139147473143,38.871999975526705,0.8286999945994467,0.3693000180646777,1.0653000208549201,0.034900003811344504
3,278,7184,5,FAST_ATTACK_PATH,39.704700000584126,38.41340000508353,1.2912999955005944,3.2522597966527815,37.44200000073761,0.978900003246963,0.3978000022470951,0.8317999891005456,0.03689998993650079
3,279,6452,5,FAST_ATTACK_PATH,44.33699999935925,39.51689999666996,4.820100002689287,10.871506874075706,41.58290001214482,1.12749999971129,0.6602999928873032,0.905399996554479,0.04299997817724943
3,280,7964,5,FAST_ATTACK_PATH,30.719100002897903,28.589299996383488,2.129800006514415,6.933145848392367,28.333099995506927,1.0759999859146774,0.3521000035107136,0.9107000078074634,0.0329999893438071
3,281,5659,5,FAST_ATTACK_PATH,40.589400014141575,38.66369999013841,1.925700024003163,4.7443421763619025,38.502999988850206,0.6030999938957393,0.3941000031773001,1.0234999936074018,0.0515999854542315
3,282,7616,5,FAST_ATTACK_PATH,39.632200001506135,27.903899986995384,11.72830001451075,29.592856349294365,37.76169999036938,0.5224000196903944,0.3171999996993691,0.9809000184759498,0.03460000152699649
3,283,6403,5,FAST_ATTACK_PATH,31.018300011055544,38.761000003432855,-7.742699992377311,-24.961716114737616,28.678899980150163,1.0998999932780862,0.38800001493655145,0.7915000023785979,0.04680000711232424
3,284,7385,5,FAST_ATTACK_PATH,41.106399992713705,38.224600022658706,2.881799970054999,7.010587087572278,39.03280000668019,0.6714000192005187,0.33489998895674944,1.0178999800700694,0.036500015994533896
3,285,6068,5,FAST_ATTACK_PATH,41.94709999137558,38.93939999397844,3.0076999973971397,7.170221536209964,39.97189999790862,0.659200013615191,0.34339999547228217,0.9263000101782382,0.03259998629800975
3,286,9110,5,FAST_ATTACK_PATH,40.7814999925904,38.72300000512041,2.058499987469986,5.047631862104129,38.58979998040013,0.8645000052638352,0.3155999875161797,0.9626999963074923,0.03369999467395246
3,287,6534,5,FAST_ATTACK_PATH,41.343199991388246,39.04520001378842,2.2979999775998294,5.558350534255937,39.26279998268001,0.7966999837663025,0.34389999927952886,0.8901999972295016,0.03510000533424318
3,288,6990,5,FAST_ATTACK_PATH,39.820399979362264,37.58090001065284,2.239499968709424,5.624001692273535,37.350700004026294,0.6977999873925,0.4622999986167997,1.260999997612089,0.03350002225488424
3,289,9104,5,FAST_ATTACK_PATH,43.73539998778142,39.496100012911484,4.239299974869937,9.69306323036783,41.68739999295212,0.6561999907717109,0.35260000731796026,0.987599982181564,0.03580001066438854
3,290,5714,5,FAST_ATTACK_PATH,41.258900018874556,40.80649997922592,0.4524000396486372,1.0964907921483107,39.057299989508465,0.8391000155825168,0.4054000019095838,0.9051999950315803,0.03630001447163522
3,291,6194,5,FAST_ATTACK_PATH,40.42229999322444,37.546200008364394,2.8760999848600477,7.115131957711801,38.0756999948062,0.984199985396117,0.33379998058080673,0.9778999956324697,0.03679998917505145
3,292,5628,5,FAST_ATTACK_PATH,40.94890001579188,38.05489998194389,2.8940000338479877,7.067344990297471,38.66059999563731,0.8424999832641333,0.4841999907512218,0.9120999893639237,0.0357000099029392
3,293,7307,5,FAST_ATTACK_PATH,42.082800006028265,38.209199992707,3.8736000133212656,9.204710743501813,40.14519997872412,0.6579000037163496,0.33999999868683517,0.8811999869067222,0.043199979700148106
3,294,8881,5,FAST_ATTACK_PATH,30.558600003132597,39.252899994608015,-8.694299991475418,-28.451237918570076,28.43800000846386,0.8001999813131988,0.3609000123105943,0.9114000131376088,0.03360002301633358
3,295,5985,5,FAST_ATTACK_PATH,41.91759999957867,39.931600011186674,1.9859999883919954,4.737866644111203,39.88189998199232,0.7175999926403165,0.33530002110637724,0.9352999913971871,0.034199998481199145
3,296,5582,5,FAST_ATTACK_PATH,41.77710000658408,40.4405000153929,1.3365999911911786,3.199360393566165,39.1525000159163,1.1872000177390873,0.34909998066723347,1.0390999959781766,0.03409999771974981
3,297,6162,5,FAST_ATTACK_PATH,42.1339999884367,37.737300008302554,4.396699980134144,10.43504054051545,40.01480000442825,0.8471999899484217,0.3123000205960125,0.9132999985013157,0.03260001540184021
3,298,8102,5,FAST_ATTACK_PATH,41.61819998989813,40.0917999795638,1.5264000103343278,3.6676262084973077,39.5561000041198,0.6726999999955297,0.3487000067252666,0.9917999850586057,0.03460000152699649
3,299,8182,5,FAST_ATTACK_PATH,45.42869998840615,28.606500010937452,16.8221999774687,37.029895158263145,43.34309999831021,0.6403999868780375,0.38090001908130944,1.0121999948751181,0.03759999526664615
4,0,17184,0,DEEP_ANALYSIS,40.95299998880364,39.34879999724217,1.6041999915614724,3.917173325519628,38.527000026078895,0.9237999911420047,0.3988000098615885,1.0538999922573566,0.03619998460635543
4,1,18043,0,DEEP_ANALYSIS,29.36089999275282,30.85159999318421,-1.4907000004313886,-5.07716044398959,26.72069999971427,1.1420999944675714,0.4039999912492931,1.043199998093769,0.03679998917505145
4,2,47811,0,DEEP_ANALYSIS,28.251999989151955,40.20319998380728,-11.951199994655326,-42.30213789906655,26.386500016087666,0.582000007852912,0.33939999411813915,0.8977999968919903,0.03329999162815511
4,3,24560,0,DEEP_ANALYSIS,31.782999983988702,41.208700014976785,-9.425700030988082,-29.65642021123387,29.617799998959526,0.898300000699237,0.3454999823588878,0.8724000072106719,0.03540000761859119
4,4,32080,0,DEEP_ANALYSIS,42.22740000113845,30.449099984252825,11.778300016885623,27.892553215609013,39.46820000419393,1.280700002098456,0.38139999378472567,1.0449000110384077,0.036999990697950125
4,5,46369,0,DEEP_ANALYSIS,42.112499999348074,33.70219998760149,8.410300011746585,19.97103000742483,39.93270001956262,0.9113000123761594,0.28089998522773385,0.9388999897055328,0.034900003811344504
4,6,12984,0,DEEP_ANALYSIS,30.139800015604123,39.03919999720529,-8.899399981601164,-29.52707044172066,28.411999985110015,0.4937000048812479,0.3437999985180795,0.843899993924424,0.032400013878941536
4,7,30857,0,DEEP_ANALYSIS,40.59190000407398,41.41400000662543,-0.8221000025514513,-2.025280911878828,38.26859997934662,0.8212999964598566,0.3926000208593905,1.0543999960646033,0.03819999983534217
4,8,14093,0,DEEP_ANALYSIS,30.072900000959635,31.712999974843115,-1.6400999738834798,-5.453747306814919,27.683000022079796,0.7232000061776489,0.440500007243827,1.177300000563264,0.03510000533424318
4,9,13500,0,DEEP_ANALYSIS,39.70880000269972,42.9839999997057,-3.275199997005984,-8.24804576512841,37.67150000203401,0.5841999955009669,0.34309999318793416,1.0621999972499907,0.035200006095692515
4,10,29260,0,DEEP_ANALYSIS,32.51240000827238,40.58359999908134,-8.071199990808964,-24.824989815440713,29.262900003232062,0.7389999809674919,0.8489000028930604,1.582500000949949,0.06260001100599766
4,11,44478,0,DEEP_ANALYSIS,30.02179999020882,31.1476000060793,-1.1258000158704817,-3.749941763110957,27.820400020573288,0.9543999913148582,0.3012999950442463,0.896100013051182,0.03659998765215278
4,12,35907,0,DEEP_ANALYSIS,41.22149999602698,31.055100000230595,10.166399995796382,24.66285796678006,39.272099995287135,0.5985999887343496,0.3755000070668757,0.9248000278603286,0.035200006095692515
4,13,27899,0,DEEP_ANALYSIS,40.20049999235198,32.853900018380955,7.346599973971024,18.274897017123397,38.06059999624267,0.8609000069554895,0.3425999893806875,0.8868999721016735,0.0337999954354018
4,14,37664,0,DEEP_ANALYSIS,41.07780000776984,29.046099982224405,12.031700025545433,29.290030194581124,39.01380000752397,0.7101000228431076,0.29779999749735,1.0095000034198165,0.03300001844763756
4,15,25476,0,DEEP_ANALYSIS,40.02659997786395,39.67399999964982,0.3525999782141298,0.880914138120973,37.983000016538426,0.7694000087212771,0.32449999707750976,0.897099991561845,0.033899996196851134
4,16,9708,0,DEEP_ANALYSIS,40.6451000017114,32.62919999542646,8.015900006284937,19.721688483845337,37.96049999073148,0.9437999979127198,0.458399998024106,1.2343999987933785,0.03320001997053623
4,17,7217,0,DEEP_ANALYSIS,41.817399993306026,40.845800016541034,0.9715999767649919,2.323434687284532,39.5956999855116,0.9040999866556376,0.28589999419637024,0.9852000221144408,0.033800024539232254
4,18,17921,0,DEEP_ANALYSIS,43.005599989555776,43.05080001358874,-0.0452000240329653,-0.1051026471993007,40.62509999494068,0.9884000173769891,0.4253000079188496,0.9159000182989985,0.03770002513192594
4,19,48085,0,DEEP_ANALYSIS,41.152099991450086,43.416000000433996,-2.26390000898391,-5.501298863130354,39.38410000409931,0.6346000009216368,0.28429998201318085,0.8039000094868243,0.03370002377778292
4,20,48322,0,DEEP_ANALYSIS,41.16379999322817,39.78359999018721,1.3802000030409545,3.3529460430475577,39.24579999875277,0.520500005222857,0.34249998861923814,1.001399999950081,0.037299992982298136
4,21,27603,0,DEEP_ANALYSIS,41.47930000908673,39.535799995064735,1.9435000140219927,4.6854696525646204,38.47530001075938,0.4054000019095838,1.2413000222295523,1.3090000138618052,0.0357000099029392
4,22,38144,0,DEEP_ANALYSIS,30.177599983289838,41.51879998971708,-11.341200006427243,-37.581517458999976,28.30760000506416,0.6436000112444162,0.2893000200856477,0.8913000056054443,0.032899988582357764
4,23,31603,0,DEEP_ANALYSIS,41.04779998306185,40.359600010560825,0.6881999725010246,1.6765818698809842,38.97540000616573,0.9509999945294112,0.30239997431635857,0.7575000054202974,0.04789998638443649
4,24,12081,0,DEEP_ANALYSIS,40.57569999713451,31.7063000111375,8.869399985997006,21.858895808632685,38.46250000060536,0.7926000107545406,0.3528999804984778,0.9185000089928508,0.03429999924264848
4,25,32052,0,DEEP_ANALYSIS,44.3737999885343,40.924100001575425,3.4496999869588763,7.774182035007686,42.3294999927748,0.6295999919530004,0.38759998278692365,0.972100009676069,0.03770002513192594
4,26,10391,0,DEEP_ANALYSIS,40.80589997465722,40.37090000929311,0.43499996536411345,1.0660222311829246,38.73470000689849,0.742900010664016,0.37399999564513564,0.9066999773494899,0.03329999162815511
4,27,11736,0,DEEP_ANALYSIS,34.053900017170236,40.91289997450076,-6.858999957330525,-20.141598917810192,31.664299982367083,0.985699996817857,0.4175999783910811,0.9383000142406672,0.03360002301633358
4,28,32416,0,DEEP_ANALYSIS,30.266699992353097,40.220299997599795,-9.953600005246699,-32.88630741957822,28.072799992514774,0.9231999865733087,0.3279000229667872,0.8938999962992966,0.035200006095692515
4,29,35481,0,DEEP_ANALYSIS,41.633799992268905,41.14149999804795,0.49229999422095716,1.182452705043435,39.24419998656958,0.8162999874912202,0.2932000206783414,1.233500021044165,0.034199998481199145
4,30,20079,0,DEEP_ANALYSIS,40.33659998094663,41.950900020310655,-1.614300039364025,-4.002072658891812,38.455800007795915,0.6653999735135585,0.3486999776214361,0.8171999943442643,0.03369999467395246
4,31,44993,0,DEEP_ANALYSIS,28.65560000645928,39.76139999576844,-11.105799989309162,-38.756124411304576,26.867099979426712,0.4972000024281442,0.3318999952170998,0.9131999977398664,0.03409999771974981
4,32,34100,0,DEEP_ANALYSIS,39.30709999985993,39.59570001461543,-0.28860001475550234,-0.7342185375072972,37.46539997518994,0.6092999828979373,0.2829000004567206,0.901699997484684,0.033499993151053786
4,33,29346,0,DEEP_ANALYSIS,41.30609999992885,39.89939999883063,1.4067000010982156,3.4055502724794615,39.171300013549626,0.6190999993123114,0.4211000050418079,1.037900015944615,0.039700011257082224
4,34,22238,0,DEEP_ANALYSIS,40.43299998738803,29.918700020061806,10.514299967326224,26.004253878282274,38.36219999357127,0.6499000010080636,0.43289997847750783,0.9239999926649034,0.050700007705017924
4,35,45866,0,DEEP_ANALYSIS,42.05849999561906,41.050100000575185,1.0083999950438738,2.3976128372360206,40.32790000201203,0.4493999877013266,0.308899994706735,0.9259000071324408,0.0337999954354018
4,36,3815,0,DEEP_ANALYSIS,40.68490001372993,41.08450000057928,-0.3995999868493527,-0.9821825461399678,38.56919999816455,0.7353000110015273,0.35310001112520695,0.9740999958012253,0.036200013710185885
4,37,30529,0,DEEP_ANALYSIS,40.17329998896457,40.64040002413094,-0.4671000351663679,-1.1627126357423418,37.95119997812435,0.9511999960523099,0.32369999098591506,0.8954999793786556,0.03640001523308456
4,38,48129,0,DEEP_ANALYSIS,31.426700006704777,31.817900016903877,-0.3912000101990998,-1.2448014271801957,29.099699982907623,0.843899993924424,0.3336000081617385,1.094500010367483,0.03989998367615044
4,39,28206,0,DEEP_ANALYSIS,40.23640000377782,42.78249997878447,-2.546099975006655,-6.3278523296507645,37.98220001044683,0.9361000265926123,0.2838999789673835,0.9820999985095114,0.03840000135824084
4,40,37745,0,DEEP_ANALYSIS,39.56869998364709,30.807800008915365,8.760899974731728,22.140985117914976,37.93759999098256,0.4332000098656863,0.2792000013869256,0.8731000125408173,0.03269998705945909
4,41,28466,0,DEEP_ANALYSIS,41.694599989568815,40.62869999324903,1.0658999963197857,2.5564461503083216,39.41379999741912,0.9909000073093921,0.3153000143356621,0.9221999789588153,0.03679998917505145
4,42,31780,0,DEEP_ANALYSIS,29.0069000038784,32.93620000476949,-3.9293000008910894,-13.54608731152146,26.264100015396252,1.7486000142525882,0.24319998919963837,0.7105999975465238,0.027700007194653153
4,43,3055,0,DEEP_ANALYSIS,31.14479998475872,40.92970001511276,-9.784900030354038,-31.41744379524819,29.22440000111237,0.7496000034734607,0.3229999856557697,0.7997000066097826,0.03409999771974981
4,44,11829,0,DEEP_ANALYSIS,40.27769999811426,40.25980000733398,0.01789999078027904,0.04444144224004124,37.99759998219088,1.0436000011395663,0.3319999959785491,0.8516999951098114,0.03949998063035309
4,45,3753,0,DEEP_ANALYSIS,40.1762000110466,40.0552999926731,0.12090001837350428,0.3009244735446915,38.039300008676946,0.9175000013783574,0.30509999487549067,0.8695999858900905,0.03200001083314419
4,46,22294,0,DEEP_ANALYSIS,41.516600002069026,43.04509999928996,-1.5284999972209334,-3.681659859296664,39.63869999279268,0.49259999650530517,0.33229999826289713,1.00299998302944,0.036699988413602114
4,47,17386,0,DEEP_ANALYSIS,41.55419999733567,39.02300001936965,2.5311999779660255,6.0913216428864425,38.43590000178665,1.546700019389391,0.48669998068362474,1.036700006807223,0.03429999924264848
4,48,26935,0,DEEP_ANALYSIS,39.762400003382936,40.78229999868199,-1.0198999952990562,-2.5649860048998154,37.589200015645474,0.8566000033169985,0.2651000104378909,1.0056000028271228,0.03330002073198557
4,49,12853,0,DEEP_ANALYSIS,42.194000008748844,39.392300008330494,2.80170000041835,6.64004360771063,40.23330000927672,0.8321000204887241,0.2548999909777194,0.8256000000983477,0.03159997868351638
4,50,1687,1,DEEP_ANALYSIS,31.482000020332634,39.99739998835139,-8.515399968018755,-27.048472023756716,29.83189999940805,0.4377999866846949,0.2987999760080129,0.8586999902036041,0.04420001641847193
4,51,798,1,DEEP_ANALYSIS,40.460600022925064,29.588099976535887,10.872500046389177,26.871821080826276,37.940000009257346,1.2371999910101295,0.4044999950565398,0.828799995360896,0.03560000914148986
4,52,3130,1,DEEP_ANALYSIS,30.02050000941381,29.05710000777617,0.9634000016376376,3.2091404251612574,27.89719999418594,0.8495999791193753,0.2838999789673835,0.9419000125490129,0.03470000228844583
4,53,634,1,DEEP_ANALYSIS,42.967099987436086,30.60130000812933,12.365799979306757,28.779694191422305,40.89550001663156,0.749099999666214,0.31079998007044196,0.9654999885242432,0.03359999391250312
4,54,436,1,DEEP_ANALYSIS,41.64930002298206,39.38270002254285,2.2666000004392117,5.442108268778834,39.73789999145083,0.6456999981310219,0.29779999749735,0.9222999797202647,0.033400021493434906
4,55,1138,1,DEEP_ANALYSIS,40.338799997698516,38.83760000462644,1.5011999930720776,3.7214790552959607,38.214300002437085,0.767599995015189,0.3527999797370285,0.9510999952908605,0.03929997910745442
4,56,847,1,DEEP_ANALYSIS,42.62980000930838,41.28139998647384,1.3484000228345394,3.163045621936089,40.45909998239949,0.8543999865651131,0.3488000074867159,0.9178999753203243,0.035200006095692515
4,57,705,1,DEEP_ANALYSIS,41.59259999869391,28.951299987966195,12.641300010727718,30.393146884601297,38.80460001528263,1.1174000101163983,0.4118999931961298,1.211199996760115,0.03200001083314419
4,58,1042,1,DEEP_ANALYSIS,40.03860001103021,40.245599986519665,-0.20699997548945248,-0.5170010325846213,38.17349998280406,0.7303000020328909,0.2857999934349209,0.8051999902818352,0.031000003218650818
4,59,1520,1,DEEP_ANALYSIS,41.6032999928575,39.86429999349639,1.7389999993611127,4.179956877602656,38.62410000874661,1.129600015701726,0.4915999888908118,1.2986999936401844,0.040399987483397126
4,60,3176,1,DEEP_ANALYSIS,42.061899992404506,40.22110000369139,1.8407999887131155,4.376407126272293,39.90279999561608,0.8053999918047339,0.3347999881953001,0.967200001468882,0.037999998312443495
4,61,2493,1,DEEP_ANALYSIS,40.245700016384944,29.616499989060685,10.62920002732426,26.41077189115078,38.39119998156093,0.49840001156553626,0.3598000039346516,0.9483000030741096,0.03460000152699649
4,62,2538,1,DEEP_ANALYSIS,40.149300009943545,41.381899995030835,-1.2325999850872904,-3.0700410337964037,38.089699984993786,0.8323999936692417,0.3097000007983297,0.8708999957889318,0.03260001540184021
4,63,673,1,DEEP_ANALYSIS,40.52730000694282,39.310499996645376,1.2168000102974474,3.002420615459196,38.61839999444783,0.6349000032059848,0.30089999199844897,0.9269999864045531,0.032499985536560416
4,64,2398,1,DEEP_ANALYSIS,40.66229998716153,33.28609999152832,7.376199995633215,18.140144551493968,38.541599991731346,0.8280999900307506,0.30929999775253236,0.9343000128865242,0.03460000152699649
4,65,2699,1,DEEP_ANALYSIS,41.27030001836829,29.227199993329123,12.043100025039166,29.18103338158218,39.31029999512248,0.6648999988101423,0.30419998802244663,0.9401999996043742,0.03610001294873655
4,66,924,1,DEEP_ANALYSIS,33.242000004975125,41.263199993409216,-8.021199988434091,-24.129715381847085,30.630099994596094,0.9571000118739903,0.43289997847750783,1.1634999827947468,0.041799998143687844
4,67,2279,1,DEEP_ANALYSIS,42.365600005723536,41.937500005587935,0.42810000013560057,1.0104896427237307,40.488399972673506,0.593700009630993,0.30700000934302807,0.9286999993491918,0.03440000000409782
4,68,909,1,DEEP_ANALYSIS,31.685299996752292,31.711899995571002,-0.026599998818710446,-0.08395059797899,29.227299994090572,1.2765999999828637,0.27459999546408653,0.8637999999336898,0.031200004741549492
4,69,1191,1,DEEP_ANALYSIS,41.62910001468845,40.96089999075048,0.6682000239379704,1.6051272396045126,39.727099996525794,0.5258000164758414,0.33749997965060174,0.9897999989334494,0.033499993151053786
4,70,502,1,DEEP_ANALYSIS,31.57290001399815,41.07750000548549,-9.50459999148734,-30.10366481151045,29.722799983574077,0.6673000170849264,0.2891999902203679,0.8467999869026244,0.03460000152699649
4,71,733,1,DEEP_ANALYSIS,41.02289999718778,32.2421999881044,8.780700009083375,21.404386354171244,38.73970001586713,0.7310000073630363,0.35930000012740493,1.126500021200627,0.051000009989365935
4,72,773,1,DEEP_ANALYSIS,28.908399981446564,43.00940001849085,-14.101000037044287,-48.778209953142756,27.036899991799146,0.6255999905988574,0.2906000008806586,0.9071000094991177,0.033899996196851134
4,73,2561,1,DEEP_ANALYSIS,42.74249999434687,42.74099998292513,0.001500011421740055,0.0035094143345345895,40.260200010379776,0.8594999962951988,0.4732999950647354,1.0856000008061528,0.04360001184977591
4,74,3026,1,DEEP_ANALYSIS,44.067000009818,32.02440001768991,12.042599992128089,27.32793244251942,41.784900007769465,0.5443000118248165,0.382099999114871,1.2913999962620437,0.048299989430233836
4,75,751,1,DEEP_ANALYSIS,42.427800013683736,40.381599974352866,2.04620003933087,4.822781380771412,40.11469997931272,0.8549999911338091,0.3468999930191785,1.042299991240725,0.03960001049563289
4,76,504,1,DEEP_ANALYSIS,41.241400002036244,41.89390002284199,-0.6525000208057463,-1.5821480860822617,38.491300016175956,1.2577000015880913,0.4284000024199486,1.007599988952279,0.04189999890513718
4,77,1783,1,DEEP_ANALYSIS,41.817700024694204,42.305099981604144,-0.48739995690993965,-1.165535064391681,39.65079999761656,0.6605000235140324,0.34160001087002456,1.1044999992009252,0.043400010326877236
4,78,859,1,DEEP_ANALYSIS,44.865300005767494,46.20219999924302,-1.3368999934755266,-2.9798084339203488,42.45979999541305,0.913099996978417,0.4653999931178987,0.9719000081531703,0.037600024370476604
4,79,1019,1,DEEP_ANALYSIS,46.490400010952726,42.97790001146495,3.5124999994877726,7.555323246649327,44.16689998470247,0.6176999886520207,0.4175000067334622,1.2274000036995858,0.0425000034738332
4,80,1159,1,DEEP_ANALYSIS,45.78549999860115,47.45320000802167,-1.667700009420514,-3.6424195639918007,43.250299990177155,0.8378999773412943,0.4768999933730811,1.160499989055097,0.0405999890062958
4,81,3046,1,DEEP_ANALYSIS,42.33120000571944,42.53929998958483,-0.2080999838653952,-0.491599538489999,39.58520002197474,1.3802000030409545,0.430600019171834,0.8766000100877136,0.03989998367615044
4,82,2562,1,DEEP_ANALYSIS,42.07440000027418,43.161200010217726,-1.0868000099435449,-2.5830433944071993,39.719399996101856,0.7573999755550176,0.3282999969087541,1.205000007757917,0.04199999966658652
4,83,2563,1,DEEP_ANALYSIS,42.81590000027791,43.49810001440346,-0.6822000141255558,-1.5933333507438308,39.82890001498163,1.0714000090956688,0.509100005729124,1.3482999929692596,0.03779999678954482
4,84,509,1,DEEP_ANALYSIS,40.97339999862015,42.617500002961606,-1.6441000043414533,-4.012603309456431,38.117799995234236,1.3927000109106302,0.44380000326782465,0.9615000162739307,0.040700018871575594
4,85,519,1,DEEP_ANALYSIS,31.387499999254942,41.713699989486486,-10.326199990231544,-32.899083999925644,29.21889998833649,0.8653000113554299,0.41140001849271357,0.8368999988306314,0.03709999145939946
4,86,2848,1,DEEP_ANALYSIS,41.715100000146776,41.45980000612326,0.2552999940235168,0.6120085868729033,39.480899984482676,0.7762000022921711,0.3556000010576099,1.0458000178914517,0.03960001049563289
4,87,2061,1,DEEP_ANALYSIS,31.289700011257082,32.04980000737123,-0.7600999961141497,-2.429233887958941,29.03799997875467,0.8563000010326505,0.3347999881953001,0.992499990388751,0.05189998773857951
4,88,1195,1,DEEP_ANALYSIS,43.25230000540614,41.932899999665096,1.3194000057410449,3.0504736293240637,41.02900001453236,0.7751999946776778,0.46049998491071165,0.9318999946117401,0.039300008211284876
4,89,3107,1,DEEP_ANALYSIS,40.786500001559034,40.41929999948479,0.36720000207424164,0.9002978977362748,38.43769998638891,0.8504999859724194,0.37620001239702106,1.0668000031728297,0.03789999755099416
4,90,2319,1,DEEP_ANALYSIS,40.79200001433492,42.0317999960389,-1.2397999817039818,-3.039321389655564,38.27540000202134,0.9925999911502004,0.3532000118866563,1.1166000040248036,0.037699996028095484
4,91,2722,1,DEEP_ANALYSIS,31.376500002807006,44.771799992304295,-13.395299989497289,-42.69214217104814,28.67930001229979,0.8492999768350273,0.5179999861866236,1.2732999748550355,0.038300000596791506
4,92,368,1,DEEP_ANALYSIS,41.43420001491904,33.87690000818111,7.557300006737933,18.239280603986092,39.03559999889694,0.9217000042553991,0.5767999973613769,0.8437000215053558,0.03850000211969018
4,93,2389,1,DEEP_ANALYSIS,29.716999997617677,36.138399998890236,-6.421400001272559,-21.608506921248257,27.15629999875091,1.09779997728765,0.35730001400224864,1.050200022291392,0.03960001049563289
4,94,2713,1,DEEP_ANALYSIS,31.044299976201728,42.493100016145036,-11.448800039943308,-36.87891190563115,28.35659999982454,1.1891999747604132,0.378700002329424,1.0488999832887203,0.05500001134350896
4,95,763,1,DEEP_ANALYSIS,42.531699989922345,41.8016999901738,0.7299999997485429,1.716366850893598,40.10250000283122,1.1098000104539096,0.40630000876262784,0.8566000033169985,0.03609998384490609
4,96,393,1,DEEP_ANALYSIS,42.32319997390732,42.43960001622327,-0.11640004231594503,-0.27502656317978513,40.38260001107119,0.6324999849312007,0.3249000001233071,0.9255000040866435,0.040399987483397126
4,97,2675,1,DEEP_ANALYSIS,45.380700001260266,44.92970000137575,0.450999999884516,0.9938145508376718,43.16199998720549,0.7636999944224954,0.37200000951997936,1.0238999966531992,0.03989998367615044
4,98,914,1,DEEP_ANALYSIS,37.226100015686825,29.42439998150803,7.801700034178793,20.957607782956607,34.9543999764137,0.7593999907840043,0.3947000077459961,1.0588000004645437,0.041799998143687844
4,99,1648,1,DEEP_ANALYSIS,44.307899981504306,42.47710001072846,1.8307999707758427,4.131994455932427,42.26270000799559,0.7555000192951411,0.31849998049438,0.9223000088240951,0.034900003811344504
4,100,49430,2,FAST_ATTACK_PATH,42.66589999315329,39.70669998670928,2.959200006444007,6.935749642967518,40.59770001913421,0.7187000010162592,0.288800016278401,1.0123999963980168,0.03409999771974981
4,101,43730,2,FAST_ATTACK_PATH,41.99920000974089,38.74379998887889,3.255400020861998,7.751100068827435,39.916500012623146,0.7339000003412366,0.37880000309087336,0.9184999798890203,0.03610001294873655
4,102,48416,2,FAST_ATTACK_PATH,40.73340000468306,39.103099989006296,1.6303000156767666,4.002366646264082,38.411499990615994,0.906300003407523,0.3961999900639057,0.9682999807409942,0.03670001751743257
4,103,49333,2,FAST_ATTACK_PATH,41.80910001741722,39.95459998259321,1.8545000348240137,4.435637299179961,39.62900000624359,0.7557999924756587,0.3738999948836863,0.995899987174198,0.03890000516548753
4,104,49895,2,FAST_ATTACK_PATH,41.56740001053549,39.316699985647574,2.2507000248879194,5.414579753165862,38.48119999747723,1.4954999787732959,0.4110000154469162,1.122899993788451,0.04169999738223851
4,105,47921,2,FAST_ATTACK_PATH,30.130400002235547,38.252900005318224,-8.122500003082678,-26.957823336165543,28.141099988715723,0.7048999832477421,0.3665999975055456,0.8708999957889318,0.03339999238960445
4,106,47186,2,FAST_ATTACK_PATH,29.78620000067167,40.79110000748187,-11.004900006810203,-36.94630401515482,27.782099990872666,0.6625000096391886,0.4015000013168901,0.8893999911379069,0.03709999145939946
4,107,48983,2,FAST_ATTACK_PATH,41.17640000185929,38.58999998192303,2.5864000199362636,6.281267958878087,39.141799992648885,0.7015000155661255,0.3825000021606684,0.905099994270131,0.0323000131174922
4,108,48523,2,FAST_ATTACK_PATH,39.51560001587495,28.517500002635643,10.99810001323931,27.832299164939784,37.59429999627173,0.6502999749500304,0.3127000236418098,0.9111000108532608,0.0337999954354018
4,109,49963,2,FAST_ATTACK_PATH,39.973100007046014,38.6939000163693,1.279199990676716,3.2001520784008064,37.93900000164285,0.7615999784320593,0.3003000165335834,0.9232000156771392,0.033100019209086895
4,110,43745,2,FAST_ATTACK_PATH,33.21619998314418,39.40320000401698,-6.1870000208728015,-18.6264534293882,30.94190001138486,0.9817000245675445,0.3892999957315624,0.8476999937556684,0.03559998003765941
4,111,47960,2,FAST_ATTACK_PATH,42.057600017869845,38.84510000352748,3.2125000143423676,7.638334125050903,40.03850001026876,0.738000002456829,0.3209999995306134,0.9112000116147101,0.03580001066438854
4,112,48587,2,FAST_ATTACK_PATH,41.00650001782924,41.993999999249354,-0.9874999814201146,-2.408154758369427,38.935599994147196,0.7362999895121902,0.38189999759197235,0.903200008906424,0.034500000765547156
4,113,43753,2,FAST_ATTACK_PATH,30.46950002317317,37.78990000137128,-7.320399978198111,-24.025336722396755,28.269500005990267,0.818000000435859,0.347200024407357,0.9852999937720597,0.03600001218728721
4,114,48536,2,FAST_ATTACK_PATH,41.18279999238439,39.43400000571273,1.7487999866716564,4.24643294529524,38.73320002458058,1.1328000109642744,0.33859998802654445,0.9284999978262931,0.03579998156055808
4,115,43715,2,FAST_ATTACK_PATH,40.289900003699586,38.085400010459125,2.2044999932404608,5.471594600726322,38.274999998975545,0.7844999781809747,0.32449999707750976,0.8597999985795468,0.032899988582357764
4,116,43610,2,FAST_ATTACK_PATH,29.68700000201352,37.516999989748,-7.829999987734482,-26.375181012575915,27.70740000414662,0.6680999940726906,0.27459999546408653,0.987899984465912,0.035200006095692515
4,117,43697,2,FAST_ATTACK_PATH,40.92289999243803,38.65390000282787,2.2689999896101654,5.544572818713835,38.47130000940524,1.0421999904792756,0.3504999913275242,1.0021000052802265,0.03819999983534217
4,118,48328,2,FAST_ATTACK_PATH,31.801499979337677,37.617299996782094,-5.815800017444417,-18.28781667916012,29.819599993061274,0.6024999893270433,0.3541999903973192,0.9722000104375184,0.037500023609027267
4,119,49847,2,FAST_ATTACK_PATH,40.62859999248758,37.98670001560822,2.6418999768793583,6.502562178780116,38.54979999596253,0.74819999281317,0.33519999124109745,0.9470999939367175,0.03229998401366174
4,120,43648,2,FAST_ATTACK_PATH,31.026699987705797,39.128500007791445,-8.101800020085648,-26.11234847178705,29.03070001048036,0.6444999889936298,0.3352999920025468,0.9645000100135803,0.03360002301633358
4,121,47352,2,FAST_ATTACK_PATH,40.653100004419684,27.272199979051948,13.380900025367737,32.91483312198333,38.44810000737198,0.8576999825891107,0.3711000026669353,0.9254000033251941,0.03649998689070344
4,122,43693,2,FAST_ATTACK_PATH,40.84339999826625,38.13110000919551,2.7122999890707433,6.640730177178876,38.78430000622757,0.7699000125285238,0.29620001441799104,0.9473999962210655,0.033100019209086895
4,123,43641,2,FAST_ATTACK_PATH,29.36409998801537,38.005400012480095,-8.641300024464726,-29.428111292331714,27.20229999977164,0.9608999826014042,0.29719999292865396,0.8389000140596181,0.050300004659220576
4,124,43646,2,FAST_ATTACK_PATH,40.21189999184571,39.10540000651963,1.1064999853260815,2.7516729762842864,38.14560000319034,0.7547999848611653,0.3266999847255647,0.9349999891128391,0.03510000533424318
4,125,49263,2,FAST_ATTACK_PATH,29.931700002634898,38.180200004717335,-8.248500002082437,-27.557739792114443,27.94020000146702,0.7474999874830246,0.31870001112110913,0.8773999870754778,0.03500000457279384
4,126,43623,2,FAST_ATTACK_PATH,39.78069999720901,37.54369998932816,2.2370000078808516,5.623329926416072,36.94429999450222,1.2525000202003866,0.3079000161960721,1.2221000215504318,0.03850000211969018
4,127,43621,2,FAST_ATTACK_PATH,29.62019998813048,38.31590001937002,-8.69570003123954,-29.3573305876534,27.44240002357401,0.9367000020574778,0.3262000100221485,0.8675000281073153,0.033400021493434906
4,128,47936,2,FAST_ATTACK_PATH,41.62269999505952,38.98380001191981,2.6388999831397086,6.340049981027029,39.25669999443926,0.9938000002875924,0.3724000125657767,0.9532999829389155,0.03309999010525644
4,129,49336,2,FAST_ATTACK_PATH,32.71339999628253,27.192300010938197,5.521099985344335,16.87718178474796,30.281599989393726,0.9067999781109393,0.371600006474182,1.1003999970853329,0.03809999907389283
4,130,48443,2,FAST_ATTACK_PATH,29.6735999872908,39.60049999295734,-9.926900005666539,-33.45364232825889,27.43040001951158,0.902600004337728,0.42550000944174826,0.8674999990034848,0.032499985536560416
4,131,48956,2,FAST_ATTACK_PATH,43.76850000699051,28.52369999163784,15.244800015352666,34.830528834476475,41.59899998921901,0.8992999792098999,0.3333000058773905,0.8868000004440546,0.03460000152699649
4,132,49680,2,FAST_ATTACK_PATH,40.41509999660775,38.18709999904968,2.227999997558072,5.512791005701037,37.934500025585294,1.0602000111248344,0.3268999862484634,1.041999988956377,0.03709999145939946
4,133,43663,2,FAST_ATTACK_PATH,40.377500001341105,42.16339997947216,-1.7858999781310558,-4.423007808982078,38.34990001632832,0.7559000223409384,0.30529999639838934,0.9208999981638044,0.03260001540184021
4,134,43670,2,FAST_ATTACK_PATH,40.50410000490956,40.092799987178296,0.41130001773126423,1.0154528002878966,38.245300005655736,0.8017999934963882,0.319099985063076,1.0888999968301505,0.03399999695830047
4,135,43659,2,FAST_ATTACK_PATH,39.31870000087656,38.59889999148436,0.7198000093922019,1.8306810992635942,37.502999999560416,0.4952999879606068,0.32110000029206276,0.9503999899607152,0.034500000765547156
4,136,49133,2,FAST_ATTACK_PATH,29.378000006545335,27.799000003142282,1.5790000034030527,5.374770246617387,27.341900015017018,0.6667999841738492,0.3449000068940222,0.9753999765962362,0.03600001218728721
4,137,43652,2,FAST_ATTACK_PATH,40.65360000822693,38.02080001332797,2.63279999489896,6.476179217501449,38.4077999915462,0.7966999837663025,0.36130001535639167,1.0369000083301216,0.036299985367804766
4,138,43644,2,FAST_ATTACK_PATH,40.02409998793155,38.30529999686405,1.718799991067499,4.2944125953757055,38.064699998358265,0.6371000199578702,0.33740000799298286,0.9342000121250749,0.03510000533424318
4,139,49888,2,FAST_ATTACK_PATH,40.31480001867749,26.21389998239465,14.100900036282837,34.97698123207858,38.472199987154454,0.6283999828156084,0.27970000519417226,0.8843999821692705,0.03460000152699649
4,140,48793,2,FAST_ATTACK_PATH,42.6335999800358,31.7771999980323,10.856399982003495,25.46442239709352,40.26830001384951,1.0206000006292015,0.3533000126481056,0.9422000148333609,0.03480000304989517
4,141,43609,2,FAST_ATTACK_PATH,40.42829998070374,37.79030000441708,2.6379999762866646,6.525132091989451,38.56280000763945,0.4867999814450741,0.43000001460313797,0.8999999845400453,0.03589998232200742
4,142,47365,2,FAST_ATTACK_PATH,41.93059998215176,39.40040001180023,2.530199970351532,6.034256536821654,39.79270000127144,0.907899986486882,0.3129999968223274,0.8687000081408769,0.03470000228844583
4,143,47507,2,FAST_ATTACK_PATH,39.24969999934547,37.75909999967553,1.4905999996699393,3.7977360328736185,36.94619997986592,1.0668000031728297,0.31800000579096377,0.8691000111866742,0.03519997699186206
4,144,43712,2,FAST_ATTACK_PATH,41.12769998027943,37.61250001844019,3.5151999618392438,8.547037552609964,38.82800001883879,0.7547000132035464,0.3672999737318605,1.1233999975956976,0.038700003642588854
4,145,43612,2,FAST_ATTACK_PATH,34.609499998623505,38.12730000936426,-3.517800010740757,-10.164261289185534,32.64240000862628,0.6466999766416848,0.3186000103596598,0.9522000036668032,0.03480000304989517
4,146,43719,2,FAST_ATTACK_PATH,40.55309999966994,37.56609998526983,2.9870000144001096,7.365651490081944,37.99549999530427,1.043199998093769,0.41130001773126423,1.047800004016608,0.03759999526664615
4,147,47298,2,FAST_ATTACK_PATH,39.60459999507293,30.822900007478893,8.781699987594038,22.173434370468428,37.86219999892637,0.44940001680515707,0.31599999056197703,0.9315999923273921,0.033199990866705775
4,148,48444,2,FAST_ATTACK_PATH,40.85210000630468,39.81119999662042,1.0409000096842647,2.5479718534019624,38.535600004252046,0.8513999928254634,0.3823000006377697,1.036100002238527,0.033800024539232254
4,149,47904,2,FAST_ATTACK_PATH,41.284099977929145,29.856200009817258,11.427899968111888,27.681116880884765,38.961100013693795,0.7416000007651746,0.43360001291148365,1.0906000097747892,0.04099999205209315
4,150,43428,3,DEEP_ANALYSIS,41.012900008354336,40.832400001818314,0.18050000653602183,0.44010544608953267,38.64280000561848,0.7442999922204763,0.3758000093512237,1.195799995912239,0.04089999129064381
4,151,42007,3,DEEP_ANALYSIS,40.33029999118298,39.75339999306016,0.5768999981228262,1.430438152577462,38.50530000636354,0.5908999883104116,0.35450002178549767,0.8345000096596777,0.03209998249076307
4,152,43303,3,DEEP_ANALYSIS,40.07129999808967,40.36079999059439,-0.2894999925047159,-0.7224621924382721,38.09099999489263,0.6995000003371388,0.2975999959744513,0.9373000066261739,0.033400021493434906
4,153,40156,3,DEEP_ANALYSIS,30.47200001310557,41.2087999866344,-10.736799973528832,-35.23496970632413,28.41699999407865,0.7328999927267432,0.30399998649954796,0.9699999936856329,0.035500008380040526
4,154,43386,3,DEEP_ANALYSIS,28.845999971963465,39.71260000253096,-10.866600030567497,-37.67108105501339,27.046300005167723,0.6398000114131719,0.287600007141009,0.8286999945994467,0.030099996365606785
4,155,42224,3,DEEP_ANALYSIS,40.36360001191497,39.58139999303967,0.7822000188753009,1.9378846749160197,37.785900000017136,1.5460000140592456,0.2536000101827085,0.735500012524426,0.029999995604157448
4,156,40268,3,DEEP_ANALYSIS,30.677300004754215,40.50380000262521,-9.826499997870997,-32.03182808248488,28.121500014094636,1.1143000156152993,0.3834000090137124,1.007599988952279,0.036299985367804766
4,157,43317,3,DEEP_ANALYSIS,30.695000023115426,40.186199999880046,-9.49119997676462,-30.920996806050166,28.518500010250136,0.8661000174470246,0.3108999808318913,0.9518000006210059,0.03510000533424318
4,158,41766,3,DEEP_ANALYSIS,29.422399995382875,39.420299988705665,-9.99789999332279,-33.98057260757693,26.94290000363253,1.210299989907071,0.32850002753548324,0.8896999934222549,0.03440000000409782
4,159,39148,3,DEEP_ANALYSIS,40.64500000094995,40.35620001377538,0.28879998717457056,0.7105424705814265,38.39719999814406,0.7982999959494919,0.48499999684281647,0.9139000030700117,0.03640001523308456
4,160,39557,3,DEEP_ANALYSIS,41.65709999506362,40.83650000393391,0.8205999911297113,1.9698922662090081,39.888500003144145,0.6067000213079154,0.27829999453388155,0.8385999826714396,0.03300001844763756
4,161,41848,3,DEEP_ANALYSIS,29.996799974469468,39.35470001306385,-9.35790003859438,-31.196327763491333,27.815000008558854,0.9972999978344887,0.31499998294748366,0.8248999947682023,0.031800009310245514
4,162,40538,3,DEEP_ANALYSIS,40.684300009161234,40.35120000480674,0.33310000435449183,0.8187433586899242,38.492899999255314,0.5938999820500612,0.3493000112939626,1.1995000240858644,0.03460000152699649
4,163,43502,3,DEEP_ANALYSIS,29.89309999975376,40.98140000132844,-11.08830000157468,-37.09317535373052,28.14149999176152,0.46030001249164343,0.295600009849295,0.9475999977439642,0.03460000152699649
4,164,42530,3,DEEP_ANALYSIS,40.2172000030987,40.71400000248104,-0.49679999938234687,-1.2352923608408066,38.39269999298267,0.5894999776501209,0.3160000196658075,0.873600016348064,0.0315000070258975
4,165,41690,3,DEEP_ANALYSIS,39.49200001079589,40.73410001001321,-1.2420999992173165,-3.145193960492669,37.47559999465011,0.7565999985672534,0.291600008495152,0.9185000089928508,0.03239998477511108
4,166,40022,3,DEEP_ANALYSIS,41.62169998744503,40.78380001010373,0.8378999773412943,2.013132518840034,39.49499997543171,0.90970000019297,0.3409000055398792,0.8303999784402549,0.0329999893438071
4,167,43335,3,DEEP_ANALYSIS,41.35710000991821,29.785299993818626,11.571800016099587,27.9802017388174,39.51299999607727,0.6502000032924116,0.2978999982587993,0.8503000135533512,0.03260001540184021
4,168,38908,3,DEEP_ANALYSIS,40.66289999173023,39.736000006087124,0.9268999856431037,2.279473391793529,38.5013000050094,0.9145000076387078,0.2894999925047159,0.9098000009544194,0.0337999954354018
4,169,39785,3,DEEP_ANALYSIS,41.48220000206493,43.3107000135351,-1.8285000114701688,-4.40791474748,39.6177000075113,0.6041000015102327,0.2906999725382775,0.9245999972335994,0.0323000131174922
4,170,40706,3,DEEP_ANALYSIS,39.726999995764345,32.28680000756867,7.440199988195673,18.72832076167075,37.574099987978116,0.7760000007692724,0.44239999260753393,0.8680999744683504,0.052300019888207316
4,171,40292,3,DEEP_ANALYSIS,31.852200016146526,29.681700019864365,2.1704999962821603,6.814285968259304,29.31930002523586,0.9968999947886914,0.3268000145908445,1.1539999977685511,0.039300008211284876
4,172,43110,3,DEEP_ANALYSIS,32.23549999529496,39.986199990380555,-7.750699995085597,-24.043988758408823,29.351800010772422,1.1109000188298523,0.4686000174842775,1.2481000158004463,0.03270001616328955
4,173,42232,3,DEEP_ANALYSIS,30.71240001008846,40.993600006913766,-10.281199996825308,-33.47572965137248,28.74310000333935,0.8144000021275133,0.29180001001805067,0.819200009573251,0.030700000934302807
4,174,40232,3,DEEP_ANALYSIS,40.88829999091104,41.11280001234263,-0.2245000214315951,-0.549056873192328,38.907699985429645,0.6393000076059252,0.30499999411404133,0.9875000105239451,0.034500000765547156
4,175,43276,3,DEEP_ANALYSIS,30.336600000737235,30.69879999384284,-0.36219999310560524,-1.1939373334414638,28.509900002973154,0.5249000096227974,0.3564000071492046,0.8972999930847436,0.034500000765547156
4,176,43113,3,DEEP_ANALYSIS,41.13040000083856,40.404300001682714,0.7260999991558492,1.7653608988510823,38.959600002272055,0.9273999894503504,0.3397999971639365,0.8577999833505601,0.032800016924738884
4,177,41525,3,DEEP_ANALYSIS,41.10570001648739,40.29189998982474,0.8138000266626477,1.9797741586598323,38.54099998716265,1.0876999876927584,0.37190000875853,1.035499997669831,0.05390000296756625
4,178,38763,3,DEEP_ANALYSIS,41.75800000666641,41.380600014235824,0.37739999243058264,0.9037788983436301,39.66260000015609,0.8692000119481236,0.2908000024035573,0.8885999850463122,0.0337999954354018
4,179,42436,3,DEEP_ANALYSIS,40.88359998422675,41.00299999117851,-0.11940000695176423,-0.2920486625390861,39.0909000125248,0.47660002019256353,0.33099998836405575,0.9376999805681407,0.03359999391250312
4,180,39871,3,DEEP_ANALYSIS,41.23010000330396,31.63239997229539,9.597700031008571,23.278381644088817,39.178700011689216,0.8336000028066337,0.29000002541579306,0.880700012203306,0.03369999467395246
4,181,42326,3,DEEP_ANALYSIS,32.70049998536706,107.40320000331849,-74.70270001795143,-228.44513096551938,30.611800000770018,0.6690000009257346,0.35409998963586986,1.0158999939449131,0.0363999861292541
4,182,41605,3,DEEP_ANALYSIS,40.43910000473261,33.92590000294149,6.51320000179112,16.10619425513643,38.57850001077168,0.5648999940603971,0.2848999865818769,0.9617999894544482,0.03460000152699649
4,183,39063,3,DEEP_ANALYSIS,41.39749999740161,33.48469999036752,7.912800007034093,19.114197735444787,38.96810000878759,0.8624999900348485,0.363900006050244,1.1552000069059432,0.0337999954354018
4,184,39416,3,DEEP_ANALYSIS,40.88150002644397,29.142700019292533,11.73880000715144,28.714210583169063,38.97319998941384,0.5401999806053936,0.3169000265188515,1.0028000106103718,0.03440000000409782
4,185,40597,3,DEEP_ANALYSIS,40.6076000072062,39.71109999110922,0.8965000160969794,2.207714851254167,38.43079999205656,0.9080999880097806,0.288200011709705,0.9352000197395682,0.032100011594593525
4,186,43047,3,DEEP_ANALYSIS,40.47300000092946,40.76639999402687,-0.2933999930974096,-0.7249277125260586,38.229300000239164,0.9765999857336283,0.29349999385885894,0.9258000063709915,0.03329999162815511
4,187,38827,3,DEEP_ANALYSIS,30.081900011282414,40.849999990314245,-10.768099979031831,-35.795943657126664,28.346999984933063,0.4336999845691025,0.3367000026628375,0.9163999930024147,0.03409999771974981
4,188,42422,3,DEEP_ANALYSIS,41.267999971751124,42.56540001370013,-1.297400041949004,-3.14384036744476,39.141699991887435,0.9322999976575375,0.29620001441799104,0.849199976073578,0.03270001616328955
4,189,39322,3,DEEP_ANALYSIS,31.45440001389943,29.28529999917373,2.1691000147257,6.8960145918128894,29.273000021930784,0.9737999935168773,0.31599999056197703,0.8379000064451247,0.03470000228844583
4,190,41711,3,DEEP_ANALYSIS,30.724499985808507,29.683500004466623,1.0409999813418835,3.3881755010584915,28.556100005516782,0.8981999999377877,0.31430000672116876,0.9088999941013753,0.033199990866705775
4,191,41813,3,DEEP_ANALYSIS,39.759500010404736,30.53129999898374,9.228200011420995,23.210050450850865,37.51689998898655,0.9543999913148582,0.3005000180564821,0.9412000072188675,0.03309999010525644
4,192,43313,3,DEEP_ANALYSIS,39.998299995204434,41.971800004830584,-1.9735000096261501,-4.933959717944917,37.582999997539446,1.0621999972499907,0.33060001442208886,0.9731999889481813,0.03549997927621007
4,193,42324,3,DEEP_ANALYSIS,40.155199996661395,28.42330001294613,11.731899983715266,29.216390367102356,38.240900001255795,0.7660000119358301,0.27370001771487296,0.8299000037368387,0.0315000070258975
4,194,38973,3,DEEP_ANALYSIS,29.52100001857616,40.82219998235814,-11.301199963781983,-38.28190087283858,27.67779998248443,0.4256000102031976,0.4064000095240772,0.964100006967783,0.034500000765547156
4,195,43188,3,DEEP_ANALYSIS,41.6282000078354,29.215099988505244,12.413100019330159,29.818968912885307,39.57970000919886,0.6600999913644046,0.4864000075031072,0.8540999842807651,0.03409999771974981
4,196,40820,3,DEEP_ANALYSIS,28.745299990987405,39.80970001430251,-11.064400023315102,-38.491162126622974,27.11180000915192,0.44499998330138624,0.27119999867863953,0.8730000117793679,0.03259998629800975
4,197,41047,3,DEEP_ANALYSIS,41.08080000150949,40.39770000963472,0.6830999918747693,1.662820567880054,38.4732999955304,1.107400021282956,0.38419998600147665,1.0673000069800764,0.03500000457279384
4,198,40059,3,DEEP_ANALYSIS,41.412999999010935,29.67079999507405,11.742200003936887,28.353898544460254,39.169900002889335,0.8187000057660043,0.37009999505244195,0.999599986243993,0.03890000516548753
4,199,40817,3,DEEP_ANALYSIS,30.87220000452362,40.59860002598725,-9.726400021463633,-31.50536735327722,28.63929999875836,0.8871000027284026,0.3293000045232475,0.9655999892856926,0.03560000914148986
4,200,30946,4,DEEP_ANALYSIS,43.021299992688,42.419200006406754,0.602099986281246,1.3995392663252395,40.85109999869019,0.9123999916482717,0.33039998379535973,0.8784999954514205,0.0337999954354018
4,201,29393,4,DEEP_ANALYSIS,39.56069998093881,40.79280002042651,-1.2321000394877046,-3.114454597823994,37.09630001685582,1.1514000070746988,0.32900000223889947,0.9344999853055924,0.03510000533424318
4,202,29382,4,DEEP_ANALYSIS,40.46719998586923,29.845800017938018,10.621399967931211,26.24693571989193,38.24799999711104,0.9528000082354993,0.2843000111170113,0.9334000060334802,0.03470000228844583
4,203,30355,4,DEEP_ANALYSIS,30.6235000025481,40.9800999914296,-10.356599988881499,-33.81912579561367,28.42170000076294,0.9168999968096614,0.3071000101044774,0.9284000261686742,0.03480000304989517
4,204,30300,4,DEEP_ANALYSIS,30.112599983112887,39.81250000651926,-9.699900023406371,-32.212097357405426,28.20520001114346,0.6953999982215464,0.2886999864131212,0.8797000045888126,0.03130000550299883
4,205,30057,4,DEEP_ANALYSIS,44.128699984867126,41.921199997887015,2.2074999869801104,5.002413367575114,41.24810002394952,0.9033000096678734,0.5061000119894743,1.3854000135324895,0.06329998723231256
4,206,29438,4,DEEP_ANALYSIS,41.81930000777356,30.89429999818094,10.925000009592623,26.124301476977934,39.90819997852668,0.6273000035434961,0.301499996567145,0.9281999955419451,0.03709999145939946
4,207,29535,4,DEEP_ANALYSIS,43.50460000569001,42.9872999957297,0.5173000099603087,1.1890696843383242,40.89499998372048,1.298299990594387,0.3831000067293644,0.8710999973118305,0.03819999983534217
4,208,30539,4,DEEP_ANALYSIS,41.962899995269254,42.53560001961887,-0.572700024349615,-1.3647770397522077,39.67779999948107,0.7634999928995967,0.444800010882318,1.0012999991886318,0.055100012104958296
4,209,29444,4,DEEP_ANALYSIS,42.27720000199042,43.68540001451038,-1.4082000125199556,-3.3308734080158033,39.829199988162145,0.8580000139772892,0.4191000189166516,1.1091000051237643,0.04220000118948519
4,210,30589,4,DEEP_ANALYSIS,42.02289998647757,43.1860999960918,-1.1632000096142292,-2.7680146062945017,39.46120000910014,0.877300015417859,0.6271999736782163,0.999899988528341,0.0391000066883862
4,211,29818,4,DEEP_ANALYSIS,30.89449999970384,29.500800010282546,1.3936999894212931,4.511158909950487,27.897599997231737,1.0878000175580382,0.5298999894876033,1.3239000109024346,0.03640001523308456
4,212,30167,4,DEEP_ANALYSIS,41.860400000587106,46.28819998470135,-4.427799984114245,-10.577538638073557,39.5554999995511,0.7543999818153679,0.4143000114709139,1.0803999903146178,0.040099985199049115
4,213,29791,4,DEEP_ANALYSIS,43.210400006501004,41.1387000058312,2.071700000669807,4.794447633806028,40.528800018364564,1.2113999982830137,0.3744999994523823,1.0117999918293208,0.063000014051795
4,214,30872,4,DEEP_ANALYSIS,41.494600009173155,43.887300009373575,-2.3927000002004206,-5.766292480639577,39.2330999893602,1.0182999831158668,0.2899999963119626,0.9011999936774373,0.0363999861292541
4,215,30247,4,DEEP_ANALYSIS,41.58550000283867,31.317699991632253,10.267800011206418,24.690817738167215,39.535999996587634,0.6521999894175678,0.34690002212300897,0.985399994533509,0.05020000389777124
4,216,30471,4,DEEP_ANALYSIS,40.18370000994764,42.66559999086894,-2.4818999809212983,-6.176384903099748,37.99279997474514,0.9903000027406961,0.29830000130459666,0.8567000040784478,0.03130000550299883
4,217,30614,4,DEEP_ANALYSIS,48.27489997842349,41.10289999516681,7.171999983256683,14.856581756693881,45.53229999146424,1.2389000039547682,0.3588999970816076,1.0876999876927584,0.03850000211969018
4,218,30721,4,DEEP_ANALYSIS,43.08830000809394,40.374500007601455,2.7138000004924834,6.298229449717693,41.015900002093986,0.655800016829744,0.45479999971576035,0.9129000245593488,0.03409999771974981
4,219,29804,4,DEEP_ANALYSIS,41.608899977291,40.68780000670813,0.9210999705828726,2.2137090167862734,39.795199991203845,0.5310999986249954,0.3043999895453453,0.9269999864045531,0.03510000533424318
4,220,29674,4,DEEP_ANALYSIS,40.665000007720664,42.19279999961145,-1.527799991890788,-3.7570392022641577,38.11309998854995,1.0163999977521598,0.4050999996252358,1.0725000174716115,0.04080001963302493
4,221,30843,4,DEEP_ANALYSIS,41.224899992812425,41.32620000746101,-0.10130001464858651,-0.24572531326030678,38.654400006635115,0.7313000096473843,0.39840000681579113,1.3790999946650118,0.0425000034738332
4,222,30323,4,DEEP_ANALYSIS,42.18429999309592,43.085799989057705,-0.9014999959617853,-2.1370509789408123,39.96080000069924,0.7442999922204763,0.4626999725587666,0.9605000086594373,0.03800002741627395
4,223,30943,4,DEEP_ANALYSIS,41.19710001396015,40.61510000610724,0.582000007852912,1.4127208168917085,38.621899991994724,1.064199983375147,0.534699996933341,0.9206999966409057,0.03959998139180243
4,224,30121,4,DEEP_ANALYSIS,41.84899997198954,42.44940000353381,-0.6004000315442681,-1.4346819086385079,39.472000004025176,0.9808999893721193,0.45250001130625606,0.8861000242177397,0.03610001294873655
4,225,29540,4,DEEP_ANALYSIS,41.35010001482442,42.61939998832531,-1.2692999735008925,-3.0696418462007005,39.46290002204478,0.6181999924592674,0.3476999991107732,0.8684000058565289,0.03660001675598323
4,226,30573,4,DEEP_ANALYSIS,39.99489999841899,42.35569998854771,-2.3607999901287258,-5.902752576508628,37.5765000062529,1.062600000295788,0.4250000056345016,0.8751999994274229,0.037999998312443495
4,227,30025,4,DEEP_ANALYSIS,41.50469999876805,45.17659998964518,-3.6718999908771366,-8.846949841791716,38.577100000111386,1.4518000243697315,0.43390001519583166,0.9868000051937997,0.037699996028095484
4,228,30137,4,DEEP_ANALYSIS,42.294699989724904,43.74890000326559,-1.4542000135406852,-3.438255889967228,40.153800015104935,0.5697000015061349,0.40660001104697585,1.1097000096924603,0.03840000135824084
4,229,30129,4,DEEP_ANALYSIS,43.521300016436726,41.245600004913285,2.2757000115234405,5.228933902856705,41.10409997520037,0.8160999859683216,0.5999999993946403,0.9401999996043742,0.03999998443759978
4,230,30685,4,DEEP_ANALYSIS,29.607700009364635,41.247000015573576,-11.639300006208941,-39.31173310499479,27.755299990531057,0.5168999778106809,0.31269999453797936,0.970599998254329,0.03659998765215278
4,231,29568,4,DEEP_ANALYSIS,33.32109999610111,39.64820000692271,-6.327100010821596,-18.98826872930944,31.441500002983958,0.6809000042267144,0.33459998667240143,0.8172999951057136,0.032199983252212405
4,232,29558,4,DEEP_ANALYSIS,40.269099990837276,29.232400003820658,11.036699987016618,27.407366912913076,38.07760000927374,0.9222999797202647,0.3074000123888254,0.9139999747276306,0.03329999162815511
4,233,29471,4,DEEP_ANALYSIS,42.122200015001,31.148799986112863,10.973400028888136,26.05134590543745,40.05559999495745,0.7903999940026551,0.2911000046879053,0.9392999927513301,0.0315000070258975
4,234,30815,4,DEEP_ANALYSIS,39.67160001047887,39.34069999377243,0.3309000167064369,0.8340979860127468,37.22080000443384,0.8175999973900616,0.3395999956410378,1.2432000075932592,0.03559998003765941
4,235,30868,4,DEEP_ANALYSIS,31.085599999642,41.170200012857094,-10.084600013215095,-32.44138769504605,28.821099986089393,1.0768999927677214,0.30830001924186945,0.8336000028066337,0.03260001540184021
4,236,30862,4,DEEP_ANALYSIS,41.22709998046048,29.3328000116162,11.89429996884428,28.850683105242826,39.0315999975428,0.9325999999418855,0.28139998903498054,0.9324999991804361,0.033800024539232254
4,237,30669,4,DEEP_ANALYSIS,30.730400001630187,41.078299982473254,-10.347899980843067,-33.673170477098026,28.390899999067187,1.0741000005509704,0.3032000095117837,0.9092999971471727,0.03940000897273421
4,238,30098,4,DEEP_ANALYSIS,39.716500003123656,32.11379999993369,7.602700003189966,19.142421921851177,37.289800005964935,0.9659999923314899,0.4090000002179295,1.0032000136561692,0.03409999771974981
4,239,29682,4,DEEP_ANALYSIS,41.15649999585003,40.54509999696165,0.6113999988883734,1.4855490601728119,38.73110000859015,1.2088999792467803,0.3152000135742128,0.8562000002712011,0.03220001235604286
4,240,30712,4,DEEP_ANALYSIS,40.7067000051029,42.377600009785965,-1.6709000046830624,-4.104729699222983,38.4353999979794,0.8319999906234443,0.3415000101085752,1.0460000194143504,0.03740002284757793
4,241,30086,4,DEEP_ANALYSIS,40.6823999946937,41.43340000882745,-0.7510000141337514,-1.8460071535398752,38.722500001313165,0.6331000186037272,0.2830000012181699,0.9980000031646341,0.03329999162815511
4,242,29395,4,DEEP_ANALYSIS,41.536000004271045,40.655799995874986,0.8802000083960593,2.119125597808047,39.679499983321875,0.5966000026091933,0.3428999916650355,0.8691000111866742,0.033199990866705775
4,243,30191,4,DEEP_ANALYSIS,39.74099998595193,40.202500007580966,-0.4615000216290355,-1.1612692730232541,37.85160000552423,0.7470000127796084,0.2812999882735312,0.8145000028889626,0.032100011594593525
4,244,29388,4,DEEP_ANALYSIS,32.081899989861995,40.75440001906827,-8.672500029206276,-27.032376610945175,30.00970001448877,0.5975999811198562,0.34389999927952886,1.0783000034280121,0.035500008380040526
4,245,30593,4,DEEP_ANALYSIS,28.786999988369644,40.98000001977198,-12.193000031402335,-42.35592467547323,26.6111999808345,0.9999999892897904,0.3208999987691641,0.8083999855443835,0.032199983252212405
4,246,30817,4,DEEP_ANALYSIS,29.96390001499094,29.26029998343438,0.7036000315565616,2.348159055411847,27.863499999511987,0.660100020468235,0.2919000107795,1.0631999757606536,0.06960000609979033
4,247,29414,4,DEEP_ANALYSIS,31.95789997698739,40.474900015397,-8.517000038409606,-26.650687449871935,29.525099991587922,0.9146000084001571,0.5767999973613769,0.8902999979909509,0.03580001066438854
4,248,30823,4,DEEP_ANALYSIS,29.280299990205094,40.15450002043508,-10.874200030229986,-37.13828080268182,27.211999986320734,0.7944999961182475,0.2919000107795,0.9372999775223434,0.03270001616328955
4,249,30566,4,DEEP_ANALYSIS,40.854299993952736,40.99760000826791,-0.14330001431517303,-0.3507587067613062,38.775900000473484,0.7228000031318516,0.3321999975014478,0.9735999919939786,0.03560000914148986
4,250,8941,5,DEEP_ANALYSIS,30.33420001156628,40.464799996698275,-10.130599985131994,-33.396628166456495,28.110000013839453,0.750000006519258,0.31179998768493533,1.0973000025842339,0.04919999628327787
4,251,6643,5,DEEP_ANALYSIS,41.066500009037554,31.704000022727996,9.362499986309558,22.79838794211618,38.97640001378022,0.7058000192046165,0.2838000073097646,1.05489999987185,0.03250001464039087
4,252,7092,5,DEEP_ANALYSIS,40.452899993397295,40.208399994298816,0.24449999909847975,0.6044066040713693,38.02060001180507,1.394400023855269,0.2604000037536025,0.734600005671382,0.030199997127056122
4,253,6005,5,DEEP_ANALYSIS,40.48159997910261,29.61110000615008,10.87049997295253,26.852940542281168,38.20069998619147,1.0624999995343387,0.36120001459494233,0.8076000085566193,0.03480000304989517
4,254,7354,5,DEEP_ANALYSIS,40.69970001000911,29.456899996148422,11.242800013860688,27.623790866015703,38.60030000214465,0.7820999890100211,0.3186000103596598,0.9494999831076711,0.034199998481199145
4,255,7625,5,DEEP_ANALYSIS,39.72510001040064,41.133199993055314,-1.4080999826546758,-3.544610289932596,37.775600008899346,0.7020999910309911,0.35519999801181257,0.8456000068690628,0.03320001997053623
4,256,8996,5,DEEP_ANALYSIS,39.53670000191778,42.631200019968674,-3.094500018050894,-7.826905173929011,37.75119999772869,0.5249999812804163,0.2840000088326633,0.9283999970648438,0.03440000000409782
4,257,8282,5,DEEP_ANALYSIS,29.671099997358397,41.02979999152012,-11.358699994161725,-38.28203199467827,27.35170000232756,0.8417000062763691,0.3302999830339104,1.09790000715293,0.03560000914148986
4,258,6421,5,DEEP_ANALYSIS,39.21340001397766,40.344899985939264,-1.1314999719616026,-2.8854931517243547,37.590399995679036,0.36330000148154795,0.23350000265054405,0.9797999809961766,0.03470000228844583
4,259,7543,5,DEEP_ANALYSIS,42.993999988539144,29.207399988081306,13.786600000457838,32.066334847031946,40.467900020303205,1.280399999814108,0.3085000207647681,0.891200004843995,0.03329999162815511
4,260,7327,5,DEEP_ANALYSIS,39.91490000043996,41.41720000188798,-1.5023000014480203,-3.763757397441711,37.93240000959486,0.7294999959412962,0.27600000612437725,0.9318000229541212,0.0323000131174922
4,261,6019,5,DEEP_ANALYSIS,40.340300009120256,32.87359999376349,7.466700015356764,18.509282314877854,37.574100017081946,1.197699981275946,0.45560000580735505,1.0579000227153301,0.036900019040331244
4,262,9094,5,DEEP_ANALYSIS,39.73849999601953,30.56720001040958,9.171299985609949,23.079129777240226,37.81479998724535,0.7179999956861138,0.2859999949578196,0.8744999940972775,0.03179998020641506
4,263,8084,5,DEEP_ANALYSIS,40.74159997981042,29.57889999379404,11.162699986016378,27.398776659601186,38.24480000184849,0.9044000180438161,0.37499997415579855,1.1487000156193972,0.040700018871575594
4,264,8236,5,DEEP_ANALYSIS,29.115800018189475,30.71520000230521,-1.5993999841157347,-5.493237290806173,26.77409999887459,0.9858000266831368,0.28989999555051327,1.016000023810193,0.036500015994533896
4,265,7720,5,DEEP_ANALYSIS,40.48179998062551,40.260300011141226,0.22149996948428452,0.5471593891336202,38.475200009997934,0.7097000197973102,0.3099000023212284,0.9395999950356781,0.03339999238960445
4,266,6443,5,DEEP_ANALYSIS,41.83450000709854,30.862199986586347,10.972300020512193,26.227874167613805,39.73089999635704,0.6455999973695725,0.3740000247489661,1.0331000084988773,0.0363999861292541
4,267,6618,5,DEEP_ANALYSIS,40.574499987997115,43.8377000100445,-3.2632000220473856,-8.042489797810735,38.625300017884,0.4427999956533313,0.34359999699518085,1.1126000026706606,0.03609998384490609
4,268,8991,5,DEEP_ANALYSIS,39.79999999864958,42.025000002468005,-2.2250000038184226,-5.590452271090244,37.69029999966733,0.686699990183115,0.30429998878389597,1.0731999936979264,0.033199990866705775
4,269,8578,5,DEEP_ANALYSIS,40.82160000689328,40.1172999991104,0.7043000077828765,1.7253121084522556,38.753500004531816,0.9025999752338976,0.32479999936185777,0.7927000115159899,0.03399999695830047
4,270,9142,5,DEEP_ANALYSIS,40.3130000049714,31.398700026329607,8.914299978641793,22.112717926084592,38.36590002174489,0.6108999950811267,0.2757999754976481,1.0152999893762171,0.03320001997053623
4,271,9174,5,DEEP_ANALYSIS,39.66809998382814,29.845200013369322,9.82289997045882,24.76271859368967,37.86189999664202,0.6369999900925905,0.2871000033337623,0.8363999950233847,0.03209998249076307
4,272,7694,5,DEEP_ANALYSIS,41.31890001008287,28.94729998661205,12.371600023470819,29.941745836534444,39.55099999438971,0.587800022913143,0.26709999656304717,0.8709999965503812,0.02980002318508923
4,273,5837,5,DEEP_ANALYSIS,29.199999989941716,39.43040000740439,-10.23040001746267,-35.035616510228266,27.47050000471063,0.5819999787490815,0.29189998167566955,0.8106000022962689,0.03229998401366174
4,274,8993,5,DEEP_ANALYSIS,39.958100009243935,40.87159998016432,-0.9134999709203839,-2.28614466330745,37.91849999106489,0.7245999877341092,0.29120000544935465,0.9752999758347869,0.03580001066438854
4,275,7086,5,DEEP_ANALYSIS,30.6486000190489,40.08739997516386,-9.438799956114963,-30.796838844999456,28.726499993354082,0.7532000017818063,0.30640000477433205,0.8147999760694802,0.03270001616328955
4,276,6714,5,DEEP_ANALYSIS,31.105399975785986,30.841900006635115,0.26349996915087104,0.847119694188124,28.97430001758039,0.9452000085730106,0.3490000090096146,0.7893999863881618,0.03259998629800975
4,277,8310,5,DEEP_ANALYSIS,31.422900006873533,28.752999991411343,2.66990001546219,8.496669673639824,29.073100013192743,0.979500007815659,0.32890000147745013,0.9902000019792467,0.03560000914148986
4,278,7002,5,DEEP_ANALYSIS,29.053600010229275,28.5847999912221,0.46880001900717616,1.613569467611999,26.992600003723055,0.8583000162616372,0.27829999453388155,0.8707999950274825,0.03759999526664615
4,279,7057,5,DEEP_ANALYSIS,39.454300014767796,39.67569998349063,-0.22139996872283518,-0.5611554853082297,37.19860001001507,0.8864999981597066,0.36540001747198403,0.9540000173728913,0.035900011425837874
4,280,8369,5,DEEP_ANALYSIS,41.67049998068251,41.11890000058338,0.5515999800991267,1.3237181707798944,39.45840001688339,1.0269000194966793,0.31549998675473034,0.8229999803006649,0.033199990866705775
4,281,6417,5,DEEP_ANALYSIS,31.014800013508648,33.73600001214072,-2.7211999986320734,-8.773875689821766,28.8023000175599,0.9589999972376972,0.3513999981805682,0.8505000150762498,0.034199998481199145
4,282,7632,5,DEEP_ANALYSIS,39.91130000213161,30.00820000306703,9.90309999906458,24.812772318956455,37.968499993439764,0.7366999925579876,0.27970000519417226,0.8831000013742596,0.031100003980100155
4,283,8082,5,DEEP_ANALYSIS,31.513099995208904,39.53480001655407,-8.021700021345168,-25.455128256390985,29.62779998779297,0.5619000003207475,0.39469997864216566,0.8834000036586076,0.03160000778734684
4,284,7116,5,DEEP_ANALYSIS,39.6924999949988,40.05470001720823,-0.3622000222094357,-0.9125150148140643,37.83719998318702,0.7698999834246933,0.28169999131932855,0.7600999961141497,0.031499977922067046
4,285,6745,5,DEEP_ANALYSIS,41.29779999493621,28.617600008146837,12.680199986789376,30.704298990125807,39.70290001598187,0.4230000195093453,0.28229999588802457,0.8443999977316707,0.03200001083314419
4,286,6977,5,DEEP_ANALYSIS,30.200999986846,39.990799996303394,-9.789800009457394,-32.41548297646213,28.176000021630898,0.8990000060293823,0.3097000007983297,0.773199979448691,0.030499999411404133
4,287,5838,5,DEEP_ANALYSIS,32.1492999792099,28.80669999285601,3.342599986353889,10.39711592014588,29.961799999000505,0.9480000007897615,0.35960000241175294,0.8331999997608364,0.03309999010525644
4,288,7614,5,DEEP_ANALYSIS,30.80379997845739,31.307199998991564,-0.5034000205341727,-1.634214028419302,28.524800000013784,0.8009999874047935,0.40329998591914773,1.0228999890387058,0.03580001066438854
4,289,7451,5,DEEP_ANALYSIS,41.211499978089705,41.14380001556128,0.06769996252842247,0.16427444418285064,39.05680001480505,0.7087000121828169,0.41840001358650625,0.9775999933481216,0.033100019209086895
4,290,7076,5,DEEP_ANALYSIS,31.314499996369705,30.192800011718646,1.121699984651059,3.5820466071024537,29.01890000794083,1.0532999876886606,0.28830001247115433,0.9036999836098403,0.03679998917505145
4,291,7839,5,DEEP_ANALYSIS,33.116100006736815,43.35640001227148,-10.240300005534664,-30.92242143081908,30.852099996991456,0.9219000057782978,0.36269999691285193,0.9125999931711704,0.035299977753311396
4,292,6236,5,DEEP_ANALYSIS,45.33819999778643,40.4178999888245,4.920300008961931,10.852437920345661,43.19870000472292,0.8789999992586672,0.3479000006336719,0.8641000022180378,0.03359999391250312
4,293,6216,5,DEEP_ANALYSIS,30.46910002012737,31.05729998787865,-0.5881999677512795,-1.9304802812118655,28.339200012851506,0.975200004177168,0.36360000376589596,0.745400000596419,0.03250001464039087
4,294,6494,5,DEEP_ANALYSIS,30.08969998336397,31.388500006869435,-1.2988000235054642,-4.316427296462066,28.171600017230958,0.5939000111538917,0.32339998870156705,0.9504000190645456,0.035999983083456755
4,295,6493,5,DEEP_ANALYSIS,29.908500000601634,42.62150000431575,-12.713000003714114,-42.5063109265205,27.58429999812506,0.9352999913971871,0.3396000247448683,0.9977000008802861,0.0363999861292541
4,296,8086,5,DEEP_ANALYSIS,41.97660001227632,39.242499973624945,2.734100038651377,6.513390884092023,39.74670000025071,0.8681000035721809,0.43849999201484025,0.8776999893598258,0.03220001235604286
4,297,6542,5,DEEP_ANALYSIS,40.46659998130053,29.120000021066517,11.346599960234016,28.039420078477654,38.65490001044236,0.4720000142697245,0.27049999334849417,1.0240999981760979,0.03279998782090843
4,298,5641,5,DEEP_ANALYSIS,39.65669998433441,41.01080002146773,-1.3541000371333212,-3.4145555168943242,37.5425000092946,0.8035000064410269,0.3997000167146325,0.8596999978180975,0.03580001066438854
4,299,7954,5,DEEP_ANALYSIS,40.1263999810908,39.85040000407025,0.2759999770205468,0.6878264114164473,37.878000002820045,0.7547999848611653,0.3859999997075647,1.0566999844741076,0.036500015994533896
5,0,23293,0,DEEP_ANALYSIS,82.7094999840483,47.474399994825944,35.23509998922236,42.601031315650495,78.4230999997817,1.465099980123341,0.8331999997608364,1.888300001155585,0.07389998063445091
5,1,34288,0,DEEP_ANALYSIS,39.70220001065172,31.13279998069629,8.569400029955432,21.58419439642222,37.62649997952394,0.6382999999914318,0.29379999614320695,1.0960999934468418,0.03440000000409782
5,2,33694,0,DEEP_ANALYSIS,39.4652999821119,29.305300005944446,10.159999976167455,25.7441346721616,37.433599994983524,0.7795999990776181,0.33870001789182425,0.8684000058565289,0.03199998172931373
5,3,23498,0,DEEP_ANALYSIS,31.56099998159334,39.19400001177564,-7.633000030182302,-24.184911867919066,29.315599997062236,0.9762999834492803,0.3099000023212284,0.9120999893639237,0.03359999391250312
5,4,4537,0,DEEP_ANALYSIS,39.42089999327436,30.90169999632053,8.51919999695383,21.610871386516543,37.45030000573024,0.4723999882116914,0.2742999931797385,1.1774000013247132,0.03409999771974981
5,5,34147,0,DEEP_ANALYSIS,41.92809999221936,39.467700000386685,2.4603999918326735,5.868140918117569,39.28450000239536,0.9716000058688223,0.5520000122487545,1.0605999850668013,0.03679998917505145
5,6,20036,0,DEEP_ANALYSIS,39.74840001319535,29.05270000337623,10.69570000981912,26.908504509032937,37.85060002701357,0.6851000071037561,0.27469999622553587,0.8904999995138496,0.03440000000409782
5,7,21937,0,DEEP_ANALYSIS,38.55140000814572,39.1896000073757,-0.6381999992299825,-1.6554521991293025,36.627399997087196,0.5892000044696033,0.29659998835995793,0.9744999988470227,0.04980000085197389
5,8,44263,0,DEEP_ANALYSIS,29.196200019214302,30.499099986627698,-1.3028999674133956,-4.462566931847105,27.032299985876307,0.5634999834001064,0.32640001154504716,1.2203000078443438,0.03779999678954482
5,9,31472,0,DEEP_ANALYSIS,40.269500022986904,29.72699998645112,10.542500036535785,26.179863247663476,37.87679999368265,0.670600013108924,0.4558000073302537,1.2091999815311283,0.0391000066883862
5,10,22043,0,DEEP_ANALYSIS,40.93560000183061,30.73580001364462,10.199799988185987,24.916698393891526,38.67259999969974,1.1058000090997666,0.2872000040952116,0.804400013294071,0.03589998232200742
5,11,27129,0,DEEP_ANALYSIS,32.36539999488741,29.339700005948544,3.025699988938868,9.348563556813207,30.130799976177514,0.8479999960400164,0.4217000096105039,0.9185000089928508,0.03239998477511108
5,12,18690,0,DEEP_ANALYSIS,29.076200007693842,40.514099993743,-11.43789998604916,-39.33767130169205,26.837300014449283,0.9386999881826341,0.3096000000368804,0.9414999803993851,0.03560000914148986
5,13,26423,0,DEEP_ANALYSIS,42.67120000440627,30.655600014142692,12.015599990263581,28.15857062614325,40.88899999624118,0.6054000114090741,0.282300024991855,0.8475000213366002,0.03190001007169485
5,14,28473,0,DEEP_ANALYSIS,41.51929999352433,40.168700012145564,1.350599981378764,3.252944971590113,39.656000008108094,0.4003999929409474,0.3096000000368804,1.1015000054612756,0.03689998993650079
5,15,36227,0,DEEP_ANALYSIS,40.414499992039055,40.54529999848455,-0.13080000644549727,-0.3236462320980405,38.47980001592077,0.7102000236045569,0.291300006210804,0.888400012627244,0.03229998401366174
5,16,4170,0,DEEP_ANALYSIS,40.51800002343953,31.570999999530613,8.947000023908913,22.081544051367548,38.521100010257214,0.6019000138621777,0.32309998641721904,1.0240999981760979,0.034900003811344504
5,17,2874,0,DEEP_ANALYSIS,39.84949999721721,40.27769999811426,-0.4282000008970499,-1.0745429702429194,37.74489997886121,0.6881000008434057,0.5225999921094626,0.8478999952785671,0.03339999238960445
5,18,17876,0,DEEP_ANALYSIS,41.55280001577921,40.05479998886585,1.4980000269133598,3.605051949193583,39.51760000200011,0.8347000111825764,0.29689999064430594,0.8572000078856945,0.03250001464039087
5,19,43269,0,DEEP_ANALYSIS,40.43190000811592,40.2847999939695,0.14710001414641738,0.36382167080174294,38.350499991793185,0.8622999885119498,0.30670000705868006,0.8635999984107912,0.03539997851476073
5,20,26456,0,DEEP_ANALYSIS,40.91409998363815,41.20149998925626,-0.2874000056181103,-0.7024473365735618,38.937400007853284,0.6869000208098441,0.301199994282797,0.9431999933440238,0.033199990866705775
5,21,43830,0,DEEP_ANALYSIS,40.41509999660775,30.23649999522604,10.17860000138171,25.185141202758505,38.563800015253946,0.6266999989748001,0.28670000028796494,0.8914000063668936,0.03329999162815511
5,22,22419,0,DEEP_ANALYSIS,40.09959998074919,40.13710000435822,-0.037500023609027267,-0.09351720123649634,38.15569999278523,0.676199997542426,0.31400000443682075,0.901399995200336,0.039099977584555745
5,23,27661,0,DEEP_ANALYSIS,39.22199999215081,49.738100002286956,-10.516100010136142,-26.81173834134069,37.261599994963035,0.5782999796792865,0.4126999992877245,0.9225999820046127,0.032800016924738884
5,24,24109,0,DEEP_ANALYSIS,32.961899996735156,40.248400007840246,-7.28650001110509,-22.105825246198826,30.679999996209517,1.0087999980896711,0.34130000858567655,0.8817999914754182,0.035999983083456755
5,25,23695,0,DEEP_ANALYSIS,31.068600015714765,32.071699999505654,-1.0030999837908894,-3.2286616818379743,29.122099978849292,0.7228000031318516,0.29460000223480165,0.8835000044200569,0.03309999010525644
5,26,44907,0,DEEP_ANALYSIS,39.37409998616204,30.36710000014864,9.006999986013398,22.87544347471788,37.4123000074178,0.6491999956779182,0.33030001213774085,0.9374000073876232,0.032100011594593525
5,27,34622,0,DEEP_ANALYSIS,40.46269998070784,42.595400009304285,-2.132700028596446,-5.270780322650968,38.32630001124926,0.6680999940726906,0.32720001763664186,1.0886999953072518,0.0371999922208488
5,28,239,0,DEEP_ANALYSIS,40.23330000927672,30.445099982898682,9.788200026378036,24.328603480502817,37.84439997980371,1.146299997344613,0.3367000026628375,0.8572999795433134,0.03429999924264848
5,29,43633,0,DEEP_ANALYSIS,32.27559998049401,30.003699997905642,2.2718999825883657,7.039063515353409,29.567700024927035,1.1713000130839646,0.4002000205218792,1.0882000206038356,0.03390002530068159
5,30,16912,0,DEEP_ANALYSIS,39.962599985301495,31.09430000768043,8.868299977621064,22.191499003775736,37.940200010780245,0.7505999819841236,0.3284999984316528,0.895200006198138,0.035299977753311396
5,31,16050,0,DEEP_ANALYSIS,30.43830001843162,41.73529997933656,-11.296999960904941,-37.114424767691204,28.308299981290475,0.621799990767613,0.378700002329424,1.0728999914135784,0.04099999205209315
5,32,49893,0,DEEP_ANALYSIS,41.69230000115931,45.436999993398786,-3.7446999922394753,-8.981754405814382,39.24000001279637,0.9360000258311629,0.3760000108741224,1.064799987943843,0.05829997826367617
5,33,29462,0,DEEP_ANALYSIS,42.411700007505715,40.96879999269731,1.4429000148084015,3.4021272775037255,39.2555000144057,1.2415999954100698,0.5182999884709716,1.3276000099722296,0.04579999949783087
5,34,20550,0,DEEP_ANALYSIS,33.31249998882413,44.63320001377724,-11.320700024953112,-33.983339673549104,30.652499990537763,1.1732999992091209,0.36479998379945755,1.0326000046916306,0.04050001734867692
5,35,36944,0,DEEP_ANALYSIS,41.975999978603795,33.42670001438819,8.549299964215606,20.36711446677481,39.240799989784136,1.43859998206608,0.3696999920066446,0.8623000176157802,0.0433000095654279
5,36,15434,0,DEEP_ANALYSIS,47.582400002283975,43.15019998466596,4.432200017618015,9.314788697932991,45.09520001010969,0.7893999863881618,0.6517000147141516,0.9879000135697424,0.039799982914701104
5,37,15375,0,DEEP_ANALYSIS,43.229499977314845,41.8894000176806,1.3400999596342444,3.0999663663412176,40.96620000200346,0.6062000175006688,0.4709000058937818,1.1286000080872327,0.04060001811012626
5,38,28492,0,DEEP_ANALYSIS,42.55459998967126,42.30519998236559,0.2494000073056668,0.586070618373103,39.48279999895021,1.1309999972581863,0.48379998770542443,1.3914000010117888,0.04560002707876265
5,39,19371,0,DEEP_ANALYSIS,42.60770001565106,42.19409998040646,0.413600035244599,0.9707166429839478,40.355199977057055,0.7786999922245741,0.4681999853346497,0.9242999949492514,0.06439999560825527
5,40,26807,0,DEEP_ANALYSIS,41.67609999421984,40.70869999122806,0.9674000029917806,2.3212344800160083,39.189200004329905,1.1162000009790063,0.3485000052023679,0.9679999784566462,0.03860000288113952
5,41,18143,0,DEEP_ANALYSIS,41.23279999475926,43.227999994996935,-1.9952000002376735,-4.838866146590253,38.76019999734126,0.8085999870672822,0.48499999684281647,1.1155000247526914,0.04050001734867692
5,42,10908,0,DEEP_ANALYSIS,42.321500019170344,43.3383000199683,-1.0168000007979572,-2.4025613466852023,40.07699998328462,0.6509999802801758,0.4293000092729926,1.106200012145564,0.04089999129064381
5,43,46875,0,DEEP_ANALYSIS,43.43469999730587,39.93570001330227,3.4989999840036035,8.055771040713154,41.16519997478463,0.9209999989252537,0.39110000943765044,0.902900006622076,0.038700003642588854
5,44,36747,0,DEEP_ANALYSIS,40.5083000077866,29.954500001622364,10.553800006164238,26.053426098196077,38.0726000003051,0.9292000031564385,0.37039999733678997,1.064499985659495,0.054800009820610285
5,45,25992,0,DEEP_ANALYSIS,40.967100008856505,41.49649999453686,-0.5293999856803566,-1.2922564339821658,38.92510000150651,0.7004000071901828,0.31179998768493533,0.9766000148374587,0.03819999983534217
5,46,21150,0,DEEP_ANALYSIS,42.08759998437017,41.95650000474416,0.13109997962601483,0.3114931230925514,39.73190000397153,0.9296999778598547,0.30360001255758107,1.0615999926812947,0.0433000095654279
5,47,25081,0,DEEP_ANALYSIS,41.07440001098439,30.433300009462982,10.641100001521409,25.90689090692912,38.75479998532683,0.9956000139936805,0.2843999827746302,0.985099992249161,0.03989998367615044
5,48,37668,0,DEEP_ANALYSIS,41.331499989610165,29.592400009278208,11.739099980331957,28.402308126448133,39.50600000098348,0.6932000105734915,0.29200001154094934,0.7903000223450363,0.0344999716617167
5,49,34582,0,DEEP_ANALYSIS,40.61120000551455,40.485800011083484,0.12539999443106353,0.30878180012911616,38.677799981087446,0.6055000121705234,0.3485000052023679,0.9281999955419451,0.035200006095692515
5,50,3091,1,DEEP_ANALYSIS,30.165900010615587,30.57120001176372,-0.40530000114813447,-1.3435700609148298,28.178100008517504,0.7463999791070819,0.34830000367946923,0.8420000085607171,0.03239998477511108
5,51,1106,1,DEEP_ANALYSIS,31.06159999151714,41.67210002196953,-10.610500030452386,-34.15954114839574,28.78749999217689,0.9202000219374895,0.2958999830298126,1.0136000055354089,0.031200004741549492
5,52,1348,1,DEEP_ANALYSIS,40.93399998964742,42.184899997664616,-1.2509000080171973,-3.055894875491184,38.97069999948144,0.6336999940685928,0.3273999900557101,0.9538999875076115,0.03440000000409782
5,53,1877,1,DEEP_ANALYSIS,40.2141000085976,41.479799983790144,-1.2656999751925468,-3.1474034602836958,38.095800002338365,0.760800001444295,0.2874000056181103,1.0215999791398644,0.034900003811344504
5,54,1176,1,DEEP_ANALYSIS,40.19309999421239,40.18439998617396,0.008700008038431406,0.021645526320896284,38.147600018419325,0.7928000122774392,0.28509998810477555,0.9212000004481524,0.0337999954354018
5,55,2219,1,DEEP_ANALYSIS,40.77699998742901,28.689500002656132,12.087499984772876,29.642935940602023,38.847100018756464,0.7430000114254653,0.2927999885287136,0.8515999943483621,0.030199997127056122
5,56,2195,1,DEEP_ANALYSIS,39.660400012508035,40.07290001027286,-0.4124999977648258,-1.040080275626903,37.50730000319891,0.7785999914631248,0.3205999964848161,1.0064999805763364,0.03399999695830047
5,57,1577,1,DEEP_ANALYSIS,31.54060000088066,39.87780000898056,-8.337200008099899,-26.43323211310854,28.776399994967505,1.0155000200029463,0.44200001866556704,1.2577000015880913,0.03429999924264848
5,58,1404,1,DEEP_ANALYSIS,40.49519999534823,39.86819999408908,0.6270000012591481,1.5483316574092065,38.81620001629926,0.40520000038668513,0.2894999925047159,0.9375999798066914,0.03440000000409782
5,59,486,1,DEEP_ANALYSIS,39.21499999705702,43.52380000636913,-4.308800009312108,-10.987632308135845,37.54379999008961,0.4321000014897436,0.2818999928422272,0.9122999908868223,0.032100011594593525
5,60,2351,1,DEEP_ANALYSIS,32.263899978715926,40.74260001652874,-8.478700037812814,-26.279216224343934,29.943800007458776,1.1211000091861933,0.31770000350661576,0.8350999851245433,0.03329999162815511
5,61,1352,1,DEEP_ANALYSIS,41.045499994652346,42.95189998811111,-1.9063999934587628,-4.644601707147287,38.765199977206066,1.0700999991968274,0.4002999921794981,0.762699986808002,0.03269998705945909
5,62,1781,1,DEEP_ANALYSIS,39.045299985446036,43.03600001730956,-3.9907000318635255,-10.220692460682953,37.067599972942844,0.5335999885573983,0.2849999873433262,1.1108999897260219,0.035999983083456755
5,63,1865,1,DEEP_ANALYSIS,31.639199994970113,32.741200004238635,-1.1020000092685223,-3.483021092327601,29.24080000957474,0.9189000120386481,0.4113999893888831,0.9987999801523983,0.05329999839887023
5,64,1367,1,DEEP_ANALYSIS,29.327199998078868,39.56060000928119,-10.23340001120232,-34.89388694410881,27.492300025187433,0.6705000123474747,0.33049998455680907,0.7886000094003975,0.03160000778734684
5,65,867,1,DEEP_ANALYSIS,42.04910001135431,29.19040000415407,12.858700007200241,30.580202676699546,39.99900000053458,0.6775000074412674,0.33660000190138817,0.9812000207602978,0.04040001658722758
5,66,974,1,DEEP_ANALYSIS,41.36909998487681,31.979899998987094,9.389199985889718,22.69616692004927,39.34220000519417,0.6913999968674034,0.3341999836266041,0.957000011112541,0.03160000778734684
5,67,1854,1,DEEP_ANALYSIS,31.17000000202097,39.513499999884516,-8.343499997863546,-26.767725368375288,29.351600009249523,0.6877999985590577,0.2975000243168324,0.7889000116847456,0.030700000934302807
5,68,671,1,DEEP_ANALYSIS,41.233700001612306,39.54719999455847,1.6865000070538372,4.090101075062127,39.07860000617802,0.9048999927472323,0.38270000368356705,0.818900007288903,0.03330002073198557
5,69,1989,1,DEEP_ANALYSIS,40.321300009964034,33.70310002355836,6.618199986405671,16.413657259984692,37.64870000304654,1.0316999978385866,0.35519999801181257,1.231899979757145,0.03600001218728721
5,70,2612,1,DEEP_ANALYSIS,40.00479998649098,40.411399997537956,-0.40660001104697585,-1.0163780625931853,37.91590000037104,0.684200000250712,0.36180001916363835,0.9896000265143812,0.036500015994533896
5,71,2742,1,DEEP_ANALYSIS,42.47789998771623,39.961100002983585,2.5167999847326428,5.924963299646291,40.03920001559891,1.2886000040452927,0.28910001856274903,0.813000020571053,0.034900003811344504
5,72,3106,1,DEEP_ANALYSIS,31.498600001214072,39.976100000785664,-8.477499999571592,-26.913894583393667,29.397299978882074,0.7843000057619065,0.35749998642131686,0.9116000146605074,0.03500000457279384
5,73,1971,1,DEEP_ANALYSIS,30.828699993435293,32.45290002087131,-1.624200027436018,-5.268467459808157,28.984099975787103,0.6760999967809767,0.2869000018108636,0.8351000142283738,0.03199998172931373
5,74,744,1,DEEP_ANALYSIS,39.864599995780736,40.882800007238984,-1.018200011458248,-2.554145812490315,37.70580000127666,1.0403000051155686,0.28539999038912356,0.7893000147305429,0.03130000550299883
5,75,2316,1,DEEP_ANALYSIS,40.55639999569394,29.6393999888096,10.917000006884336,26.91806967098521,38.78410000470467,0.4147999861743301,0.2938999969046563,1.0157999931834638,0.03579998156055808
5,76,1795,1,DEEP_ANALYSIS,41.33129998808727,39.93110000737943,1.4001999807078391,3.3877472547715954,38.89840000192635,0.9171999990940094,0.32610000926069915,1.143500005127862,0.032899988582357764
5,77,3176,1,DEEP_ANALYSIS,41.32309998385608,31.71650000149384,9.60659998236224,23.247529798382267,39.5280999946408,0.5691000260412693,0.2843999827746302,0.8947000023908913,0.03229998401366174
5,78,615,1,DEEP_ANALYSIS,38.94230001606047,41.55619998346083,-2.613899967400357,-6.7122382764303605,36.959499993827194,0.6836999964434654,0.2833999751601368,0.965600018389523,0.03610001294873655
5,79,1893,1,DEEP_ANALYSIS,42.01989999273792,29.75950000109151,12.260399991646409,29.177603929960117,39.75399999762885,1.0494999878574163,0.36720000207424164,0.8034000056795776,0.032400013878941536
5,80,2181,1,DEEP_ANALYSIS,40.72200000518933,40.34429998137057,0.3777000238187611,0.927508530451917,38.25959999812767,0.6910000229254365,0.5111000209581107,1.2132000119891018,0.032400013878941536
5,81,2537,1,DEEP_ANALYSIS,29.43930000765249,39.6240999980364,-10.184799990383908,-34.59593124747008,26.96949997334741,0.831599987577647,0.4416999872773886,1.145399990491569,0.03470000228844583
5,82,533,1,DEEP_ANALYSIS,29.620999994222075,42.17960001551546,-12.558600021293387,-42.39762338794467,27.1414999733679,1.4352000143844634,0.25270000332966447,0.7486000249627978,0.03090000245720148
5,83,2702,1,DEEP_ANALYSIS,29.67220000573434,29.71640002215281,-0.04420001641847193,-0.14896103561559304,27.601300011156127,0.8627999923191965,0.30109999352134764,0.8596999978180975,0.03429999924264848
5,84,1831,1,DEEP_ANALYSIS,30.244699999457225,40.96369998296723,-10.718999983510002,-35.44092017345971,28.23480000370182,0.7553999894298613,0.2826999989338219,0.9256000048480928,0.033199990866705775
5,85,2046,1,DEEP_ANALYSIS,41.36340002878569,40.17110000131652,1.192300027469173,2.8825000523153936,39.31150000425987,0.7804000051692128,0.315699988277629,0.9052999957930297,0.034199998481199145
5,86,1980,1,DEEP_ANALYSIS,39.47249997872859,30.5862000095658,8.886299969162792,22.512635313069975,37.661700014723465,0.5846999993082136,0.25439998717047274,0.9261000086553395,0.03360002301633358
5,87,1725,1,DEEP_ANALYSIS,30.874100018991157,40.544699993915856,-9.670599974924698,-31.32269432623512,28.847600013250485,0.818000000435859,0.28730000485666096,0.8751999994274229,0.03220001235604286
5,88,2220,1,DEEP_ANALYSIS,28.706700017210096,41.527199995471165,-12.820499978261068,-44.660305679771575,26.51900000637397,1.0637000086717308,0.3658000205177814,0.7108999998308718,0.0315000070258975
5,89,1734,1,DEEP_ANALYSIS,30.296200013253838,31.619199988199398,-1.32299997494556,-4.366884211111559,28.218899999046698,0.8118999830912799,0.2749999985098839,0.9404000011272728,0.034500000765547156
5,90,3024,1,DEEP_ANALYSIS,40.909300005296245,42.26909999852069,-1.359799993224442,-3.3239385495434974,38.79109999979846,0.6457999988924712,0.32839999767020345,1.0974000033456832,0.033199990866705775
5,91,1699,1,DEEP_ANALYSIS,41.70760000124574,39.87420001067221,1.8333999905735254,4.395841502552927,39.40290000173263,0.7912000000942498,0.4140000091865659,1.0483000078238547,0.03610001294873655
5,92,2030,1,DEEP_ANALYSIS,40.091700007906184,40.747999999439344,-0.6562999915331602,-1.6369971625142765,37.95229998650029,0.612599978921935,0.46999999904073775,1.0033999860752374,0.037999998312443495
5,93,1933,1,DEEP_ANALYSIS,31.144399981712922,40.470700012519956,-9.326300030807033,-29.94535144771825,29.154399991966784,0.7323999889194965,0.29799999902024865,0.9105000062845647,0.03509997623041272
5,94,1599,1,DEEP_ANALYSIS,41.25330000533722,29.83210000093095,11.421200004406273,27.68554273943814,38.772799976868555,1.2547000078484416,0.28589999419637024,0.8926999871619046,0.03359999391250312
5,95,510,1,DEEP_ANALYSIS,40.10859999107197,29.05160002410412,11.056999966967851,27.567653743658717,38.05780000402592,0.7314000104088336,0.31030000536702573,0.9629999985918403,0.03370002377778292
5,96,2561,1,DEEP_ANALYSIS,39.885600010165945,39.97519999393262,-0.089599983766675,-0.22464243672863882,38.00119998049922,0.39289999403990805,0.294700002996251,1.150600000983104,0.034500000765547156
5,97,2269,1,DEEP_ANALYSIS,30.136699991999194,39.970200014067814,-9.83350002206862,-32.6296509726654,28.412399988155812,0.46579999616369605,0.28670000028796494,0.9253000025637448,0.03320001997053623
5,98,659,1,DEEP_ANALYSIS,39.701700006844476,28.313799994066358,11.387900012778118,28.68365840962697,37.793399998918176,0.6325999856926501,0.34600001526996493,0.8851000166032463,0.03229998401366174
5,99,1015,1,DEEP_ANALYSIS,39.13849999662489,30.057800002396107,9.08069999422878,23.201451243690627,37.50070001115091,0.446999998530373,0.3522000042721629,0.7930999854579568,0.031200004741549492
5,100,49711,2,DEEP_ANALYSIS,39.968700002646074,29.570699989562854,10.39800001308322,26.015357047877046,37.98069999902509,0.6861000147182494,0.29429999995045364,0.9551999974064529,0.03440000000409782
5,101,43666,2,DEEP_ANALYSIS,39.46229998837225,40.01070000231266,-0.5484000139404088,-1.389680819673454,37.19820000696927,0.9392999927513301,0.3671000013127923,0.9045999904628843,0.0371999922208488
5,102,48278,2,DEEP_ANALYSIS,40.937600017059594,41.01950000040233,-0.08189998334273696,-0.20006053923192235,38.60299999359995,0.6130999827291816,0.307999987853691,1.3601999962702394,0.039300008211284876
5,103,47186,2,DEEP_ANALYSIS,38.73790000216104,39.63899999507703,-0.901099992915988,-2.326145694179909,36.353500006953254,0.7012999849393964,0.4361000028438866,1.2006000033579767,0.03170000854879618
5,104,49211,2,DEEP_ANALYSIS,39.86829999485053,41.700500005390495,-1.8322000105399638,-4.595631142478145,37.522500002523884,0.9162000205833465,0.3991000121459365,0.9658999915700406,0.05050000618211925
5,105,43679,2,DEEP_ANALYSIS,40.12800002237782,30.18010000232607,9.947900020051748,24.79042069005231,38.24639998492785,0.6604999944102019,0.32839999767020345,0.8309000113513321,0.03320001997053623
5,106,49026,2,DEEP_ANALYSIS,29.604300012579188,39.89630000432953,-10.291999991750345,-34.76521987473834,27.534399996511638,0.7868999964557588,0.3108000091742724,0.9253000025637448,0.03090000245720148
5,107,48450,2,DEEP_ANALYSIS,39.72020000219345,31.13570000277832,8.58449999941513,21.612428937772396,37.65459998976439,0.7570000016130507,0.3476999991107732,0.9121000184677541,0.03239998477511108
5,108,49169,2,DEEP_ANALYSIS,39.749200019286945,30.15229999436997,9.596900024916977,24.143630614604593,37.6162999891676,0.8627999923191965,0.3169999981764704,0.9079999872483313,0.032800016924738884
5,109,47644,2,DEEP_ANALYSIS,40.645400003995746,28.867099987110123,11.778300016885623,28.978186992200172,38.30990000278689,0.9616999886929989,0.29930000891909003,1.0241999989375472,0.035200006095692515
5,110,49155,2,DEEP_ANALYSIS,40.03910001483746,40.91009998228401,-0.8709999674465507,-2.175373490222759,37.84860001178458,0.8620000153314322,0.3502999898046255,0.9305999847128987,0.03409999771974981
5,111,47570,2,DEEP_ANALYSIS,39.779000013368204,30.151600018143654,9.62739999522455,24.20221723016956,37.6449000032153,0.8719000034034252,0.3252000024076551,0.8898999949451536,0.03390002530068159
5,112,47580,2,DEEP_ANALYSIS,40.10460001882166,28.89429999049753,11.210300028324127,27.95265386779316,38.48069999366999,0.47879997873678803,0.2814999897964299,0.8173999958671629,0.033499993151053786
5,113,43663,2,DEEP_ANALYSIS,30.547300004400313,39.41690002102405,-8.869600016623735,-29.035626766837257,28.873900009784847,0.5337000184226781,0.2825999981723726,0.8069000032264739,0.035999983083456755
5,114,48380,2,DEEP_ANALYSIS,29.48530000867322,29.038599983323365,0.4467000253498554,1.5149923019893194,27.51930002705194,0.5916999944020063,0.3606000100262463,0.9657999908085912,0.03409999771974981
5,115,43734,2,DEEP_ANALYSIS,39.97529999469407,39.56730000209063,0.4079999926034361,1.0206302208053224,37.46640001190826,1.2732999748550355,0.34389999927952886,0.8419000077992678,0.03649998689070344
5,116,48983,2,DEEP_ANALYSIS,32.41499999421649,40.06729999673553,-7.652300002519041,-23.607280591961658,30.232499993871897,0.8625000191386789,0.3260000084992498,0.9509999945294112,0.029799994081258774
5,117,48153,2,DEEP_ANALYSIS,39.85790000297129,41.909500025212765,-2.051600022241473,-5.14728578798314,38.12660000403412,0.4087999986950308,0.3271000168751925,0.9490000084042549,0.03440000000409782
5,118,43695,2,DEEP_ANALYSIS,41.42150000552647,39.596799993887544,1.8247000116389245,4.405200225475834,39.476600009948015,0.471699982881546,0.38259997381828725,1.042299991240725,0.03540000761859119
5,119,47915,2,DEEP_ANALYSIS,43.58120000688359,32.502699992619455,11.078500014264137,25.420364773145998,40.941800019936636,0.7359000155702233,0.49989999388344586,1.3467999815475196,0.03920000744983554
5,120,43615,2,DEEP_ANALYSIS,40.20030001993291,40.38680001394823,-0.18649999401532114,-0.4639268710005821,38.18259999388829,0.8230000094044954,0.2901999978348613,0.8586999902036041,0.031800009310245514
5,121,43732,2,DEEP_ANALYSIS,29.11500001209788,43.2853999955114,-14.170399983413517,-48.67044471071759,27.29400002863258,0.47140000970102847,0.35909999860450625,0.9369000035803765,0.03809999907389283
5,122,49200,2,DEEP_ANALYSIS,39.37909999513067,38.700300006894395,0.6787999882362783,1.7237569886569617,37.368399993283674,0.66230000811629,0.32240001019090414,0.9812000207602978,0.03129997639916837
5,123,43720,2,DEEP_ANALYSIS,39.7170000069309,29.161799990106374,10.555200016824529,26.576025417283706,37.73169999476522,0.7165000133682042,0.3763999848160893,0.8437999931629747,0.033499993151053786
5,124,48433,2,DEEP_ANALYSIS,30.753300001379102,39.580400014529005,-8.827100013149902,-28.702935986557733,28.668100014328957,0.8548999903723598,0.3140999760944396,0.8688000089023262,0.03369999467395246
5,125,43678,2,DEEP_ANALYSIS,29.907200019806623,30.249300005380064,-0.3420999855734408,-1.1438716608270867,27.998600009595975,0.7986999989952892,0.3194000164512545,0.7428000099025667,0.034500000765547156
5,126,43676,2,DEEP_ANALYSIS,31.480400008149445,41.530299989972264,-10.049899981822819,-31.924308392590834,29.638700012583286,0.5138999840710312,0.3419000131543726,0.9383000142406672,0.03500000457279384
5,127,47367,2,DEEP_ANALYSIS,40.07320001255721,28.694999986328185,11.378200026229024,28.393539878680983,37.98059999826364,0.8252999978139997,0.3141000051982701,0.9094999986700714,0.031800009310245514
5,128,47939,2,DEEP_ANALYSIS,40.59250000864267,30.954299989389256,9.638200019253418,23.743795078404432,38.52319999714382,0.7791999960318208,0.3473999968264252,0.89490000391379,0.03409999771974981
5,129,43684,2,DEEP_ANALYSIS,41.47699999157339,40.13130001840182,1.3456999731715769,3.2444486665982923,39.59260002011433,0.655800016829744,0.2936999953817576,0.890600000275299,0.03159997868351638
5,130,47921,2,DEEP_ANALYSIS,40.17860000021756,40.14959998312406,0.029000017093494534,0.07217776899478207,38.13089997856878,0.8046999864745885,0.2987999760080129,0.8988000045064837,0.03279998782090843
5,131,47936,2,DEEP_ANALYSIS,31.88880000379868,42.98619998735376,-11.097399983555079,-34.800306007855816,30.144200020004064,0.4537000204436481,0.29779999749735,0.9419000125490129,0.03679998917505145
5,132,49322,2,DEEP_ANALYSIS,40.84159998456016,32.336700009182096,8.504899975378066,20.824110658233945,38.63580001052469,0.7889000116847456,0.3589999978430569,1.0078000195790082,0.03519997699186206
5,133,48696,2,DEEP_ANALYSIS,42.66829998232424,39.615800022147596,3.0524999601766467,7.154022919687858,40.50120001193136,0.8238999871537089,0.3259000077378005,0.965900020673871,0.036900019040331244
5,134,49442,2,DEEP_ANALYSIS,40.179000003263354,30.257799982791767,9.921200020471588,24.692501106711926,38.16130000632256,0.7830999966245145,0.29020002693869174,0.8972999930847436,0.0323000131174922
5,135,47810,2,DEEP_ANALYSIS,29.41739998641424,29.541299998527393,-0.12390001211315393,-0.42117934341707414,27.316599996993318,0.90079999063164,0.2941999991890043,0.8615000115241855,0.031899980967864394
5,136,43645,2,DEEP_ANALYSIS,39.66900001978502,41.70669999439269,-2.0376999746076763,-5.136756594800394,37.824800005182624,0.6234000029508024,0.2750999992713332,0.8959000115282834,0.035900011425837874
5,137,43660,2,DEEP_ANALYSIS,30.164600000716746,39.230499998666346,-9.0658999979496,-30.05476617536511,28.244099987205118,0.6682999955955893,0.3640000068116933,0.8415999764110893,0.0337999954354018
5,138,48280,2,DEEP_ANALYSIS,40.26099998736754,39.58690000581555,0.6740999815519899,1.674324983888871,38.21090000565164,0.664100021822378,0.2722000062931329,1.065699994796887,0.03470000228844583
5,139,48554,2,DEEP_ANALYSIS,42.58300000219606,39.612699998542666,2.970300003653392,6.975318797407909,40.537599998060614,0.808700016932562,0.315399985993281,0.8749999979045242,0.03339999238960445
5,140,48721,2,DEEP_ANALYSIS,28.22160001960583,38.69500002474524,-10.47340000513941,-37.111290635057664,26.43629998783581,0.6584000075235963,0.2927999885287136,0.7913000008556992,0.030700000934302807
5,141,43608,2,DEEP_ANALYSIS,29.739599995082244,39.669199992204085,-9.92959999712184,-33.3884786572913,27.447100001154467,1.094200008083135,0.3045000194106251,0.8473000198137015,0.031899980967864394
5,142,47374,2,DEEP_ANALYSIS,39.18359999079257,41.48829999030568,-2.3046999995131046,-5.881797486843135,36.97400001692586,0.7936000183690339,0.3339000104460865,1.0307000193279237,0.038700003642588854
5,143,47365,2,DEEP_ANALYSIS,40.067799971438944,42.62260001269169,-2.554800041252747,-6.376192461462458,38.15079998457804,0.7444999937433749,0.28150001890026033,0.8474000205751508,0.03010002546943724
5,144,43723,2,DEEP_ANALYSIS,29.936500010080636,36.76590000395663,-6.829399993875995,-22.81295405801047,27.983400010270998,0.5805999971926212,0.34359999699518085,0.9806999878492206,0.03359999391250312
5,145,43757,2,DEEP_ANALYSIS,40.49680000753142,43.42289999476634,-2.9260999872349203,-7.225509143168687,38.6282000108622,0.6154000002425164,0.3026000049430877,0.9029999782796949,0.034500000765547156
5,146,43656,2,DEEP_ANALYSIS,29.295300017111003,41.65069997543469,-12.355399958323687,-42.17536584744672,26.870899979257956,1.077699998859316,0.4007000243291259,0.8894999918993562,0.03840000135824084
5,147,49315,2,DEEP_ANALYSIS,29.23769998596981,41.595500020775944,-12.357800034806132,-42.26666270170439,26.973800006089732,1.0477999749127775,0.35890002618543804,0.8082000131253153,0.03460000152699649
5,148,49430,2,DEEP_ANALYSIS,48.00409998279065,48.856600013095886,-0.8525000303052366,-1.7758900398317137,44.97529999935068,0.8758000039961189,0.5893999768886715,1.4915000065229833,0.049700000090524554
5,149,43613,2,DEEP_ANALYSIS,46.37599998386577,58.46810000366531,-12.092100019799545,-26.07404697258581,43.33960000076331,0.7749999931547791,0.6025999900884926,1.583700010087341,0.05420000525191426
5,150,38960,3,DEEP_ANALYSIS,59.40019999979995,45.86579999886453,13.53440000093542,22.785108469299768,56.46380002144724,0.9981000039260834,0.4813999985344708,1.3880000042263418,0.04759998410008848
5,151,38814,3,DEEP_ANALYSIS,41.595299990149215,29.437399993184954,12.157899996964261,29.229023471025688,38.678100012475625,1.0269000194966793,0.5290999833960086,1.3043000071775168,0.03789999755099416
5,152,43369,3,DEEP_ANALYSIS,43.73269999632612,30.710999999428168,13.02169999689795,29.775659856336045,41.76089999964461,0.604800006840378,0.4096000047866255,0.9004000166896731,0.036200013710185885
5,153,42710,3,DEEP_ANALYSIS,41.30079998867586,42.14890001458116,-0.8481000259052962,-2.05347118249001,39.23389999545179,0.7150000019464642,0.3561000048648566,0.9460000146646053,0.034199998481199145
5,154,40579,3,DEEP_ANALYSIS,40.35450000083074,31.145399989327416,9.209100011503324,22.82050331763185,38.28639999846928,0.8570999780204147,0.31250002211891115,0.8424000116065145,0.03259998629800975
5,155,40031,3,DEEP_ANALYSIS,30.9271999867633,41.108000004896894,-10.180800018133596,-32.91859600122524,28.983600001083687,0.609799986705184,0.3328000020701438,0.9535999852232635,0.034500000765547156
5,156,40613,3,DEEP_ANALYSIS,40.55919998791069,40.96589999971911,-0.4067000118084252,-1.0027318387188322,38.63870000350289,0.6722000252921134,0.29159997939132154,0.909099995624274,0.03309999010525644
5,157,39085,3,DEEP_ANALYSIS,39.889899984700605,39.41689999192022,0.4729999927803874,1.1857637972564536,37.89100001449697,0.5708000098820776,0.2783999952953309,1.1042000260204077,0.03090000245720148
5,158,42772,3,DEEP_ANALYSIS,40.60670000035316,40.70009998395108,-0.09339998359791934,-0.2300112631588064,38.27680001268163,0.8463000121992081,0.43489999370649457,0.9804000146687031,0.05299999611452222
5,159,38852,3,DEEP_ANALYSIS,30.250700016040355,40.87249998701736,-10.621799970977008,-35.11257579277447,28.355799993732944,0.6282000103965402,0.3037999849766493,0.910999980987981,0.035200006095692515
5,160,43038,3,DEEP_ANALYSIS,30.203100002836436,40.055499994196,-9.852399991359562,-32.620492566770636,28.03330001188442,0.9299000084865838,0.3102000046055764,0.88160001905635,0.03360002301633358
5,161,39277,3,DEEP_ANALYSIS,39.131199999246746,29.45139998337254,9.679800015874207,24.7367829661767,37.31750001315959,0.6891000084578991,0.2733000146690756,0.8073999779298902,0.031800009310245514
5,162,40523,3,DEEP_ANALYSIS,39.69049997976981,29.353100020671263,10.337399959098548,26.04502327853644,37.7067000081297,0.6099999882280827,0.29669998912140727,1.026500016450882,0.03330002073198557
5,163,42164,3,DEEP_ANALYSIS,41.48539999732748,29.106700007105246,12.37869999022223,29.838690216364494,39.310799998929724,0.9156000160146505,0.3643999807536602,0.8488000021316111,0.03209998249076307
5,164,43248,3,DEEP_ANALYSIS,39.69350000261329,28.644600010011345,11.048899992601946,27.835539803430088,37.732600001618266,0.8048000163398683,0.2872000040952116,0.822900008643046,0.03309999010525644
5,165,39487,3,DEEP_ANALYSIS,29.72859999863431,29.284199990797788,0.44440000783652067,1.4948568309874524,27.713899995433167,0.6370000191964209,0.28979999478906393,1.0417999874334782,0.033499993151053786
5,166,42003,3,DEEP_ANALYSIS,38.70370000367984,30.336900003021583,8.366800000658259,21.61757144630298,36.7203000059817,0.6671999872196466,0.3538000164553523,0.9156999876722693,0.03359999391250312
5,167,39434,3,DEEP_ANALYSIS,30.17710000858642,40.21030000876635,-10.033200000179932,-33.24772757264661,28.146700002253056,0.7449999975506216,0.2753000007942319,0.9618000185582787,0.03440000000409782
5,168,40386,3,DEEP_ANALYSIS,40.322600019862875,40.009899996221066,0.3127000236418098,0.7754956860117505,38.40709998621605,0.690999993821606,0.294700002996251,0.883800006704405,0.03329999162815511
5,169,41412,3,DEEP_ANALYSIS,40.31119999126531,40.80170000088401,-0.49050000961869955,-1.216783449078623,38.602499989792705,0.5096999811939895,0.285400019492954,0.8672000258229673,0.03350002225488424
5,170,39275,3,DEEP_ANALYSIS,29.840199975296855,40.20310001214966,-10.362900036852807,-34.72798454913744,27.81990001676604,0.7908999978099018,0.3020000003743917,0.8821999945212156,0.03250001464039087
5,171,41239,3,DEEP_ANALYSIS,39.29700001026504,40.22140000597574,-0.9243999957107008,-2.3523424064667324,37.13529999367893,0.8291999984066933,0.2581999870017171,1.0294000094290823,0.03309999010525644
5,172,39661,3,DEEP_ANALYSIS,32.48080000048503,30.775299994274974,1.705500006210059,5.25079433445171,30.19200000562705,0.8568000048398972,0.31800000579096377,1.0534999892115593,0.04220000118948519
5,173,39392,3,DEEP_ANALYSIS,40.598299994599074,31.17150001344271,9.426799981156364,23.219691421587708,38.039199978811666,1.0421999904792756,0.3549999964889139,1.1086000013165176,0.03770002513192594
5,174,41290,3,DEEP_ANALYSIS,30.659999989438802,30.531099997460842,0.12889999197795987,0.42041745604162095,28.861300001153722,0.5736000020988286,0.32890000147745013,0.8499999821651727,0.03190001007169485
5,175,42369,3,DEEP_ANALYSIS,29.52089998871088,39.24820001702756,-9.727300028316677,-32.95055378405301,27.660899999318644,0.6561999907717109,0.2899999963119626,0.8671999967191368,0.0337999954354018
5,176,42394,3,DEEP_ANALYSIS,31.336699990788475,39.31029999512248,-7.973600004334003,-25.4449256197298,29.580900009023026,0.5676999862771481,0.34050000249408185,0.8034000056795776,0.03160000778734684
5,177,41207,3,DEEP_ANALYSIS,40.60770000796765,39.88309999112971,0.7246000168379396,1.7843906862387322,38.5007000004407,0.6842999719083309,0.5012999754399061,0.8696000149939209,0.03779999678954482
5,178,43348,3,DEEP_ANALYSIS,39.91759999189526,30.152399995131418,9.76519999676384,24.46339458972116,37.77039999840781,0.8085999870672822,0.3628999984357506,0.9240999934263527,0.0371999922208488
5,179,42731,3,DEEP_ANALYSIS,29.890299978433177,40.72350001661107,-10.833200038177893,-36.24319610707955,27.669900009641424,1.0754000104498118,0.31380000291392207,0.7856999873183668,0.03199998172931373
5,180,43601,3,DEEP_ANALYSIS,40.53649998968467,40.35580001072958,0.18069997895509005,0.44577104338330337,38.26839997782372,1.0992999887093902,0.32110000029206276,0.8021999965421855,0.03200001083314419
5,181,39430,3,DEEP_ANALYSIS,39.601199998287484,40.84050000528805,-1.2393000070005655,-3.129450640521393,37.58370000286959,0.7959000067785382,0.28810001094825566,0.8864999981597066,0.03320001997053623
5,182,41714,3,DEEP_ANALYSIS,30.736899992916733,31.034399988129735,-0.29749999521300197,-0.9678919971811091,28.701100003672764,0.7963999814819545,0.29329999233596027,0.8975999953690916,0.0337999954354018
5,183,41335,3,DEEP_ANALYSIS,29.85869999974966,39.37529999529943,-9.516599995549768,-31.872117659608612,27.862299990374595,0.7180999964475632,0.2860999957192689,0.9448000055272132,0.03290001768618822
5,184,41788,3,DEEP_ANALYSIS,29.132399999070913,41.339099989272654,-12.206699990201741,-41.900770244096044,27.362599998014048,0.6380999984685332,0.26459997752681375,0.8245999924838543,0.030499999411404133
5,185,39599,3,DEEP_ANALYSIS,40.409000008367,30.995500012068078,9.413499996298924,23.29555295689026,38.553599995793775,0.6307000003289431,0.30849999166093767,0.8711999980732799,0.031400006264448166
5,186,42127,3,DEEP_ANALYSIS,40.37950001657009,29.689099988900125,10.690400027669966,26.474820201545494,38.23020000709221,0.8230000094044954,0.30079999123699963,0.9788000024855137,0.033499993151053786
5,187,39925,3,DEEP_ANALYSIS,28.65260001271963,29.814899986376986,-1.1622999736573547,-4.056525317567619,26.622300007147714,0.7825999928172678,0.2838000073097646,0.9153999853879213,0.0337999954354018
5,188,43389,3,DEEP_ANALYSIS,28.406500001437962,39.961000002222136,-11.554500000784174,-40.67554961082595,26.317400013795123,0.8647000067867339,0.277700019069016,0.8997000113595277,0.03309999010525644
5,189,43420,3,DEEP_ANALYSIS,40.73939999216236,31.32860001642257,9.410799975739792,23.099996508417618,38.801200018497184,0.6304000271484256,0.4250000056345016,0.8378000056836754,0.03209998249076307
5,190,42655,3,DEEP_ANALYSIS,33.48569999798201,41.272300004493445,-7.786600006511435,-23.25350823480079,31.386800023028627,0.8564000017940998,0.3434999962337315,0.8521999989170581,0.03309999010525644
5,191,42224,3,DEEP_ANALYSIS,39.59910001140088,39.46579998591915,0.1333000254817307,0.33662387640969776,37.680999987060204,0.5840999947395176,0.34970001433975995,0.9424000163562596,0.029699993319809437
5,192,42756,3,DEEP_ANALYSIS,39.439599990146235,40.3156999964267,-0.8761000062804669,-2.221371429982443,37.56339999381453,0.7393000123556703,0.3144000074826181,0.7760000007692724,0.03409999771974981
5,193,42160,3,DEEP_ANALYSIS,28.647500002989545,40.7067000051029,-12.059200002113357,-42.095121741355804,26.424100011354312,0.8934000215958804,0.3251000016462058,0.9587999957147986,0.03369999467395246
5,194,43159,3,DEEP_ANALYSIS,40.851500001735985,40.94599999370985,-0.09449999197386205,-0.2313256354597659,38.67159999208525,0.8065000001806766,0.36299999919719994,0.9624000231269747,0.034199998481199145
5,195,41985,3,DEEP_ANALYSIS,39.906399993924424,32.753100007539615,7.153299986384809,17.92519492480872,37.828900007298216,0.9227999835275114,0.28580002253875136,0.8259000023826957,0.03090000245720148
5,196,40940,3,DEEP_ANALYSIS,33.98410000954755,39.7884999983944,-5.804399988846853,-17.07975196405424,32.107099978020415,0.7456000021193177,0.29269998776726425,0.7943999953567982,0.03160000778734684
5,197,41763,3,DEEP_ANALYSIS,29.782600002363324,39.14740000618622,-9.364800003822893,-31.44386320562937,28.135200001997873,0.4836000152863562,0.3369000041857362,0.7852000126149505,0.029999995604157448
5,198,40530,3,DEEP_ANALYSIS,41.466499998932704,41.01559999980964,0.45089999912306666,1.0873837896486858,38.84950000792742,1.4833000022917986,0.32259998260997236,0.766699988162145,0.0315000070258975
5,199,42802,3,DEEP_ANALYSIS,41.653199994470924,29.305500007467344,12.34769998700358,29.644060933235917,39.658900001086295,0.603899999987334,0.28229999588802457,1.0602000111248344,0.03429999924264848
5,200,30214,4,FAST_ATTACK_PATH,40.5394000117667,37.97389997635037,2.565500035416335,6.328411458165857,38.270699995337054,0.7140000234358013,0.4130000015720725,1.0878999892156571,0.03920000744983554
5,201,29601,4,FAST_ATTACK_PATH,41.81519997655414,39.37110002152622,2.444099955027923,5.84500362642851,39.36150000663474,0.9660999930929393,0.42379999649710953,1.0084000241477042,0.03710002056322992
5,202,29379,4,FAST_ATTACK_PATH,39.76080002030358,38.6341999983415,1.1266000219620764,2.8334440488792625,37.689599994337186,0.7348999788518995,0.3237000200897455,0.9632000001147389,0.03600001218728721
5,203,30309,4,FAST_ATTACK_PATH,29.62309998110868,38.245600007940084,-8.622500026831403,-29.10735214184257,27.948100003413856,0.5668999801855534,0.28490001568570733,0.7766999769955873,0.03409999771974981
5,204,29484,4,FAST_ATTACK_PATH,41.22730001108721,26.724800001829863,14.502500009257346,35.176933743798905,39.2215000174474,0.6529000238515437,0.37159997737035155,0.9302999824285507,0.03500000457279384
5,205,30574,4,FAST_ATTACK_PATH,41.445700015174225,38.12270000344142,3.323000011732802,8.017719595799262,39.20739999739453,0.8415999764110893,0.3828000044450164,0.968100008321926,0.03270001616328955
5,206,30697,4,FAST_ATTACK_PATH,40.987699991092086,28.042899997672066,12.94479999342002,31.582157564911746,39.0033999865409,0.684200000250712,0.3129999968223274,0.9420999849680811,0.03259998629800975
5,207,29748,4,FAST_ATTACK_PATH,39.54729999531992,38.90869999304414,0.6386000022757798,1.6147752244814504,37.761000014143065,0.5225000204518437,0.298400002066046,0.9179000044241548,0.03339999238960445
5,208,30794,4,FAST_ATTACK_PATH,30.956300004618242,39.36029999749735,-8.403999992879108,-27.14794724054667,28.39920000405982,0.968400010606274,0.32580000697635114,1.2129000097047538,0.035699980799108744
5,209,30291,4,FAST_ATTACK_PATH,29.78739998070523,40.45359999872744,-10.66620001802221,-35.80775772619038,27.81440000399016,0.7276999822352082,0.3107000084128231,0.8874000050127506,0.03440000000409782
5,210,30712,4,FAST_ATTACK_PATH,40.322699991520494,38.55450000264682,1.7681999888736755,4.38512299336481,38.08060000301339,0.8885000133886933,0.3536999865900725,0.9506999922450632,0.03630001447163522
5,211,29735,4,FAST_ATTACK_PATH,40.24510001181625,38.35749998688698,1.8876000249292701,4.690260489786477,38.22729998501018,0.607900001341477,0.3600000054575503,1.0039000189863145,0.03350002225488424
5,212,30685,4,FAST_ATTACK_PATH,40.06010000011884,37.88490002625622,2.175199973862618,5.429841597639959,38.097200012998655,0.6682999955955893,0.31689999741502106,0.9317000221926719,0.03350002225488424
5,213,30124,4,FAST_ATTACK_PATH,30.151400016620755,38.461600022856146,-8.310200006235391,-27.56157260244781,28.275499993469566,0.5913999921176583,0.32610000926069915,0.911899987841025,0.03399999695830047
5,214,30449,4,FAST_ATTACK_PATH,41.48939999868162,40.222000010544434,1.2673999881371856,3.0547561260887335,39.328700018813834,0.6778000097256154,0.4196000227238983,1.0103000095114112,0.035699980799108744
5,215,30592,4,FAST_ATTACK_PATH,40.29820000869222,37.759500002721325,2.5387000059708953,6.299785115522044,37.88160000112839,1.1316000018268824,0.2975999959744513,0.9306000138167292,0.03809999907389283
5,216,30410,4,FAST_ATTACK_PATH,32.24969998700544,38.76010002568364,-6.510400038678199,-20.187474740234705,29.91969999857247,1.0642000124789774,0.3251000016462058,0.8927999879233539,0.035200006095692515
5,217,30573,4,FAST_ATTACK_PATH,39.82120001455769,37.85470000002533,1.9665000145323575,4.938324344352886,37.65179999754764,0.5595999828074127,0.5751000135205686,0.9840000129770488,0.036999990697950125
5,218,30943,4,FAST_ATTACK_PATH,42.57970000617206,37.503200001083314,5.0765000050887465,11.922347983552942,40.829300007317215,0.5415999912656844,0.30079999123699963,0.8407999994233251,0.048900023102760315
5,219,30946,4,FAST_ATTACK_PATH,39.97830001753755,39.79879998951219,0.17950002802535892,0.4489936489210808,37.77789999730885,0.738300004741177,0.3730999887920916,1.040700008161366,0.03399999695830047
5,220,29461,4,FAST_ATTACK_PATH,32.41210000123829,37.408300006063655,-4.9962000048253685,-15.414613692523755,30.30010001384653,0.7111000013537705,0.3559000033419579,0.9969999955501407,0.0337999954354018
5,221,30875,4,FAST_ATTACK_PATH,30.77119999215938,108.09510000399314,-77.32390001183376,-251.28659276055592,28.72080000815913,0.8000000088941306,0.3490000090096146,0.8510000188834965,0.032899988582357764
5,222,29875,4,FAST_ATTACK_PATH,41.71409999253228,39.4910000031814,2.223099989350885,5.329373017154554,39.735900005325675,0.5785999819636345,0.47030000132508576,0.8767000108491629,0.03659998765215278
5,223,29535,4,FAST_ATTACK_PATH,29.9935000075493,28.885899984743446,1.1076000228058547,3.6928001817963025,27.71920000668615,0.8015999919734895,0.37719999090768397,1.045699988026172,0.03339999238960445
5,224,29414,4,FAST_ATTACK_PATH,43.82409999379888,37.52710000844672,6.2969999853521585,14.36880617341414,41.4452999830246,0.7759000000078231,0.3431999939493835,1.2105000205338001,0.03510000533424318
5,225,29694,4,FAST_ATTACK_PATH,32.049200002802536,40.48880000482313,-8.439600002020597,-26.33326261274103,29.85880000051111,0.7451999990735203,0.35340001340955496,1.0141999810002744,0.0619000056758523
5,226,30035,4,FAST_ATTACK_PATH,42.1308999939356,38.230700010899454,3.9001999830361456,9.257338399126407,39.72519998205826,0.8431000169366598,0.45849999878555536,1.0500000207684934,0.03640001523308456
5,227,29382,4,FAST_ATTACK_PATH,31.33019999950193,27.658300008624792,3.6718999908771366,11.72000175848067,29.026899981545284,0.8932999917306006,0.36299999919719994,0.9903000027406961,0.03999998443759978
5,228,30603,4,FAST_ATTACK_PATH,29.147099994588643,37.52179999719374,-8.374700002605096,-28.732532581834608,26.928800012683496,0.895800010766834,0.33469998743385077,0.9384999866597354,0.03399999695830047
5,229,30476,4,FAST_ATTACK_PATH,42.740499979117885,28.284500003792346,14.45599997532554,33.82272079734312,40.187800012063235,1.2263000244274735,0.3622999938670546,0.9169999975711107,0.03429999924264848
5,230,29870,4,FAST_ATTACK_PATH,39.72800000337884,37.639400019543245,2.088599983835593,5.25724925407259,37.88459999486804,0.5845999985467643,0.3050000232178718,0.9088999941013753,0.033100019209086895
5,231,30951,4,FAST_ATTACK_PATH,41.92239997792058,38.4702000010293,3.452199976891279,8.234738418386023,39.97859999071807,0.5510000046342611,0.34100000630132854,1.0030000121332705,0.034500000765547156
5,232,30193,4,FAST_ATTACK_PATH,42.940599989378825,39.45199999725446,3.488599992124364,8.124246035191064,40.80369998700917,0.6504000048153102,0.37930000689812005,1.0557999776210636,0.03580001066438854
5,233,30189,4,FAST_ATTACK_PATH,40.43609998188913,37.28720001527108,3.148899966618046,7.787348354634603,38.28500001691282,0.8661000174470246,0.33060001442208886,0.905699998838827,0.03360002301633358
5,234,30204,4,FAST_ATTACK_PATH,40.83270000410266,38.09789998922497,2.734800014877692,6.697573304246139,38.8078999822028,0.6635999889113009,0.4057000041939318,0.909099995624274,0.033199990866705775
5,235,30167,4,FAST_ATTACK_PATH,34.710200008703396,27.161900012288243,7.548299996415153,21.74663353862109,31.076899991603568,1.139500003773719,0.47389999963343143,1.8090000085067004,0.19729998894035816
5,236,29776,4,FAST_ATTACK_PATH,29.21579999383539,39.64060000726022,-10.424800013424829,-35.682062499142546,27.081599982921034,0.7272000075317919,0.3870000073220581,0.96750000375323,0.034900003811344504
5,237,30048,4,FAST_ATTACK_PATH,40.588000003481284,28.048799984389916,12.539200019091368,30.89386029864951,38.218900008359924,1.014699984807521,0.3677000058814883,0.9378999820910394,0.03580001066438854
5,238,29383,4,FAST_ATTACK_PATH,32.26000000722706,37.37669999827631,-5.116699991049245,-15.860818319600043,29.976799996802583,0.9870000067166984,0.36219999310560524,0.8873000042513013,0.03360002301633358
5,239,29370,4,FAST_ATTACK_PATH,43.70270000072196,29.199000011431053,14.503699989290908,33.18719435881835,41.5971000038553,0.6373999931383878,0.3634000022429973,1.0420999897178262,0.04839999019168317
5,240,29871,4,FAST_ATTACK_PATH,42.06969999358989,39.54960001283325,2.5200999807566404,5.990297009820904,39.82450001058169,0.8806000114418566,0.3449000068940222,0.9699000220280141,0.03500000457279384
5,241,30325,4,FAST_ATTACK_PATH,31.24849998857826,27.21840000594966,4.030099982628599,12.896939002197398,29.178199998568743,0.7959999784361571,0.32980000833049417,0.8891000179573894,0.03509997623041272
5,242,29674,4,FAST_ATTACK_PATH,29.651899996679276,28.964700002688915,0.6871999939903617,2.317558045411327,27.280300011625513,1.0538000205997378,0.3426999901421368,0.9264999825973064,0.034900003811344504
5,243,30637,4,FAST_ATTACK_PATH,39.978900022106245,28.170600009616464,11.80830001248978,29.536330429202422,37.84609999274835,0.8125999884214252,0.367600005120039,0.904799991985783,0.03510000533424318
5,244,30292,4,DEEP_ANALYSIS,39.84809998655692,39.87450001295656,-0.02640002639964223,-0.06625165668764256,37.607000005664304,1.0191999899689108,0.32550000469200313,0.8496999798808247,0.03369999467395246
5,245,29448,4,FAST_ATTACK_PATH,41.362599993590266,38.99540001293644,2.3671999806538224,5.723044443581047,38.63560000900179,1.4002999814692885,0.31790000502951443,0.9597000025678426,0.034500000765547156
5,246,30219,4,FAST_ATTACK_PATH,29.939900006866083,27.487799990922213,2.45210001594387,8.190074166518702,28.147999983048066,0.5364000098779798,0.305800000205636,0.9041000157594681,0.03279998782090843
5,247,29688,4,FAST_ATTACK_PATH,39.56589999143034,28.40670000296086,11.159199988469481,28.20408480759056,37.52929999609478,0.8114000083878636,0.30849999166093767,0.8720000041648746,0.03239998477511108
5,248,30745,4,FAST_ATTACK_PATH,30.048099986743182,40.45410000253469,-10.406000015791506,-34.63114147111629,28.222499997355044,0.4945000109728426,0.33549999352544546,0.9457000123802572,0.03459997242316604
5,249,29380,4,FAST_ATTACK_PATH,41.149399999994785,37.31159999733791,3.837800002656877,9.326502944532274,38.97990001132712,0.631399976555258,0.3305999853182584,1.1559999838937074,0.03789999755099416
5,250,9240,5,DEEP_ANALYSIS,39.821799990022555,29.44690000731498,10.374899982707575,26.05331749269754,37.70779998740181,0.8538999827578664,0.33820001408457756,0.8762000070419163,0.032199983252212405
5,251,6153,5,DEEP_ANALYSIS,41.156699997372925,29.693600023165345,11.46309997420758,27.852330179385813,38.29399999813177,1.0952999873552471,0.460599985672161,1.2566999939735979,0.035200006095692515
5,252,5673,5,DEEP_ANALYSIS,40.70429998682812,30.714099993929267,9.990199992898852,24.543352904070755,38.6570000264328,0.8333000005222857,0.28890001703985035,0.878500024555251,0.03429999924264848
5,253,7000,5,DEEP_ANALYSIS,39.718199986964464,29.321400012122467,10.396799974841997,26.176412773625774,38.08210001443513,0.41560002136975527,0.2820999943651259,0.8917000086512417,0.031800009310245514
5,254,5514,5,DEEP_ANALYSIS,41.5410999848973,40.05210002651438,1.4889999583829194,3.584401854847996,38.39309999602847,1.6253000067081302,0.525100011145696,0.9361999982502311,0.037500023609027267
5,255,7694,5,DEEP_ANALYSIS,40.07879999699071,29.89740000339225,10.181399993598461,25.403455179204283,37.60070001590066,0.9427000186406076,0.44200001866556704,1.0417000157758594,0.03540000761859119
5,256,7691,5,DEEP_ANALYSIS,31.154500000411645,40.42219999246299,-9.267699992051348,-29.747548482334473,28.987099998630583,0.9185000089928508,0.27680001221597195,0.9265000117011368,0.03259998629800975
5,257,5847,5,DEEP_ANALYSIS,41.322500008391216,39.985000010346994,1.3374999980442226,3.2367354293003117,39.460500003769994,0.6411999929696321,0.2927000168710947,0.8793000015430152,0.03369999467395246
5,258,6477,5,DEEP_ANALYSIS,40.709199995035306,30.9582999907434,9.750900004291907,23.952570931094392,38.36739997495897,1.051800005370751,0.40610000723972917,0.8385000110138208,0.0329999893438071
5,259,7762,5,DEEP_ANALYSIS,42.06570002133958,39.269300003070384,2.796400018269196,6.6476963817328745,39.78379999171011,0.9988000092562288,0.3111999831162393,0.9237999911420047,0.03500000457279384
5,260,7099,5,DEEP_ANALYSIS,32.933599984971806,40.63699999824166,-7.703400013269857,-23.390701340834454,30.992600019089878,0.7735000108368695,0.2781999937724322,0.8466000144835562,0.030800001695752144
5,261,6169,5,DEEP_ANALYSIS,40.060400002403185,41.63360001984984,-1.573200017446652,-3.927070167427877,38.14399999100715,0.7387000077869743,0.31109998235479,0.8222000033129007,0.03160000778734684
5,262,5974,5,DEEP_ANALYSIS,40.964099986013025,39.57090000039898,1.3931999856140465,3.4010267187360324,39.03990000253543,0.7087999838404357,0.29730002279393375,0.8712999988347292,0.03250001464039087
5,263,5765,5,DEEP_ANALYSIS,42.27860001265071,29.245699988678098,13.032900023972616,30.82623365029324,40.3527999878861,0.5345999961718917,0.3085000207647681,1.0347999923396856,0.03429999924264848
5,264,7582,5,DEEP_ANALYSIS,40.21249999641441,39.593499997863546,0.6189999985508621,1.5393223465490977,38.17780001554638,0.6512000109069049,0.3632000007200986,0.9601999772712588,0.046200002543628216
5,265,6335,5,DEEP_ANALYSIS,39.78700001607649,40.10220000054687,-0.31519998447038233,-0.7922185245005188,37.512099981540814,1.041699986672029,0.3436999977566302,0.8425999840255827,0.03300001844763756
5,266,7157,5,DEEP_ANALYSIS,29.37269999529235,39.74670000025071,-10.374000004958361,-35.318510067583276,27.55769999930635,0.7305000035557896,0.23720000172033906,0.8025999995879829,0.03239998477511108
5,267,6148,5,DEEP_ANALYSIS,32.56280001369305,40.35909997764975,-7.796299963956699,-23.94235127408657,30.390100000659004,0.9349000174552202,0.30949999927543104,0.8775999885983765,0.03580001066438854
5,268,7114,5,DEEP_ANALYSIS,39.38269999343902,41.79719998501241,-2.4144999915733933,-6.130864547061624,37.50060001038946,0.6185999955050647,0.3406000032555312,0.8761000062804669,0.033199990866705775
5,269,8598,5,DEEP_ANALYSIS,30.692600004840642,30.79829999478534,-0.10569998994469643,-0.3443826522615422,28.89289997983724,0.531600002432242,0.29739999445155263,0.9128999954555184,0.04019998596049845
5,270,9014,5,DEEP_ANALYSIS,40.512300009140745,45.37589999381453,-4.863599984673783,-12.00524281163107,38.42349999467842,0.6085999775677919,0.4322999739088118,0.9960999886970967,0.03709999145939946
5,271,7942,5,DEEP_ANALYSIS,30.20229999674484,40.491399995516986,-10.289099998772144,-34.067273021859556,27.98429998802021,0.8513999928254634,0.36460001138038933,0.9498000144958496,0.03730002208612859
5,272,8809,5,DEEP_ANALYSIS,30.3655999887269,41.172900004312396,-10.807300015585497,-35.59060258844766,28.254600008949637,0.6800999981351197,0.3521000035107136,1.0095000034198165,0.05220001912675798
5,273,7753,5,DEEP_ANALYSIS,40.94820001046173,28.967599995667115,11.980600014794618,29.257940548629076,38.497100002132356,1.3220999971963465,0.301799998851493,0.7788999937474728,0.03359999391250312
5,274,7637,5,DEEP_ANALYSIS,38.986400002613664,41.02229999261908,-2.0358999900054187,-5.222077416404005,36.99709998909384,0.6596999883186072,0.31140001374296844,0.9700000227894634,0.03460000152699649
5,275,7550,5,DEEP_ANALYSIS,33.09620000072755,40.0746000232175,-6.97840002248995,-21.085200181097967,31.44719998817891,0.4959999932907522,0.2693000133149326,0.8405999979004264,0.03099997411482036
5,276,8943,5,DEEP_ANALYSIS,40.7413000066299,40.79360002651811,-0.052300019888207316,-0.12837101388442795,38.72470001806505,0.8722000056877732,0.3153000143356621,0.7827000226825476,0.03370002377778292
5,277,6834,5,DEEP_ANALYSIS,40.96220000064932,29.075700003886595,11.886499996762723,29.018216786633293,38.760900002671406,0.6671999872196466,0.315099983708933,1.1685999925248325,0.03759999526664615
5,278,6143,5,DEEP_ANALYSIS,40.530099999159575,40.463399986037984,0.06670001312159002,0.16456908106067614,38.72579999733716,0.4729000211227685,0.28080001357011497,1.0006000229623169,0.03530000685714185
5,279,6965,5,DEEP_ANALYSIS,40.74509997735731,29.410899995127693,11.33419998222962,27.817332608161994,38.70080001070164,0.657000025967136,0.3640000068116933,0.9722999820951372,0.03670001751743257
5,280,6168,5,DEEP_ANALYSIS,41.870899993227795,41.93199999281205,-0.0610999995842576,-0.1459247343480554,40.147599996998906,0.5136999825481325,0.2992999798152596,0.8681000035721809,0.03029999788850546
5,281,5688,5,DEEP_ANALYSIS,29.469800007063895,31.162300001597032,-1.6924999945331365,-5.7431675618003695,27.398600010201335,0.6468000065069646,0.35039999056607485,1.0191999899689108,0.03779999678954482
5,282,6504,5,DEEP_ANALYSIS,41.0476999823004,39.64440000709146,1.4032999752089381,3.418705495835419,38.90400001546368,0.6458999996539205,0.43620000360533595,1.0059999767690897,0.03960001049563289
5,283,6528,5,DEEP_ANALYSIS,41.337700007716194,40.227599994977936,1.1101000127382576,2.6854421328013984,39.43030000664294,0.7063999946694821,0.29390002600848675,0.8615000115241855,0.03239998477511108
5,284,6473,5,DEEP_ANALYSIS,28.592999995453283,40.59860002598725,-12.00560003053397,-41.98789924961718,26.748300006147474,0.5892000044696033,0.3301000106148422,0.8768999832682312,0.03500000457279384
5,285,6201,5,DEEP_ANALYSIS,29.173099988838658,30.216200015274808,-1.04310002643615,-3.575554284032996,27.040000015404075,0.7828000234439969,0.3552999987732619,0.9449000062886626,0.034100026823580265
5,286,7356,5,DEEP_ANALYSIS,30.30620000208728,29.162999999243766,1.143200002843514,3.77216544061868,28.18760002264753,0.9550999966450036,0.3278000222053379,0.7891000132076442,0.03300001844763756
5,287,7481,5,DEEP_ANALYSIS,39.80880000744946,40.6074000056833,-0.7985999982338399,-2.006089101114319,37.75869999662973,0.6661000079475343,0.3464000183157623,0.9858999983407557,0.03659998765215278
5,288,7968,5,DEEP_ANALYSIS,39.86210000584833,29.79349999804981,10.068600007798523,25.258578966791305,37.87599998759106,0.7143999973777682,0.28730000485666096,0.9390000195708126,0.032800016924738884
5,289,6507,5,DEEP_ANALYSIS,41.19459999492392,39.89849999197759,1.296100002946332,3.146286171260408,39.294600021094084,0.7153000042308122,0.2877000079024583,0.8504999859724194,0.03269998705945909
5,290,6221,5,DEEP_ANALYSIS,30.99389999988489,29.13859998807311,1.855300011811778,5.986016641399336,28.865700005553663,0.8774999878369272,0.4589000018313527,0.741399999242276,0.035500008380040526
5,291,8351,5,DEEP_ANALYSIS,42.02429999713786,41.788000002270564,0.23629999486729503,0.5622937083625157,38.98650000337511,1.582199998665601,0.4084999964106828,0.9979000024031848,0.03360002301633358
5,292,6488,5,DEEP_ANALYSIS,42.017500003566965,40.57199999806471,1.4455000055022538,3.4402332489547014,39.96940000797622,0.8570000063627958,0.30860002152621746,0.83710000035353,0.03130000550299883
5,293,5876,5,DEEP_ANALYSIS,39.99940000358038,30.366299994057044,9.633100009523332,24.08311126832169,37.849699991056696,0.9022000012919307,0.46790001215413213,0.7331999950110912,0.031400006264448166
5,294,7014,5,DEEP_ANALYSIS,40.8088999975007,30.083599995123222,10.72530000237748,26.281766974935223,38.765599980251864,0.6787999882362783,0.5288999818731099,0.7870999979786575,0.03259998629800975
5,295,7575,5,DEEP_ANALYSIS,39.57250001258217,32.373800000641495,7.198700011940673,18.191168133556964,37.69609998562373,0.5744000081904233,0.2772000152617693,0.9775999933481216,0.0329999893438071
5,296,6374,5,DEEP_ANALYSIS,30.24870000081137,41.715300001669675,-11.466600000858307,-37.9077447974648,28.31209998112172,0.49420000868849456,0.34359999699518085,1.0461000201757997,0.03789999755099416
5,297,6391,5,DEEP_ANALYSIS,29.229600011603907,31.41169997979887,-2.1820999681949615,-7.465377450696165,27.143400016939268,0.8373000018764287,0.30250000418163836,0.897999998414889,0.034199998481199145
5,298,6505,5,DEEP_ANALYSIS,28.585200023371726,41.728599986527115,-13.143399963155389,-45.9797375999088,26.565899985143915,0.7195000071078539,0.3986000083386898,0.8530000050086528,0.03409999771974981
5,299,8940,5,DEEP_ANALYSIS,29.44220000063069,39.110700017772615,-9.668500017141923,-32.838918344875076,27.41119998972863,0.7590999884996563,0.32449999707750976,0.8954999793786556,0.03369999467395246
