sequence_row,validation_index,true_class_id,true_class,assigned_client,specialist_client_analysis_only,routing_matches_specialist_analysis_only,rf_prediction_id,rf_prediction,rf_confidence,ae_reconstruction_error,ae_anomaly_score,ae_anomaly,fedprox70_prediction_id,fedprox70_prediction,fedprox70_confidence,cnn_bilstm_prediction_id,cnn_bilstm_prediction,cnn_bilstm_confidence,fusion_risk,final_prediction_id,final_prediction,final_confidence,severity,processing_path,decision_source,correct,missed_attack_to_benign,wrong_known_attack_family,predicted_anomalous,rf_benign_vote,fedprox_benign_vote,cnn_benign_vote,global_supervised_benign_consensus,all_supervised_benign_consensus,evidence_pattern
0,38741,3,DoS Hulk,1,1,True,3,DoS Hulk,1.0,1.1350717544555664,1.0,True,3,DoS Hulk,0.9876170754432678,3,DoS Hulk,0.9519858360290527,,3,DoS Hulk,1.0,HIGH,FAST_ATTACK_PATH,Random Forest,True,False,False,False,False,False,False,False,False,No supervised BENIGN vote
1,38812,3,DoS Hulk,2,1,False,0,BENIGN,0.8315913677215576,2.515021562576294,1.0,True,3,DoS Hulk,0.9267276525497437,3,DoS Hulk,0.9447348713874817,0.7923572063446045,3,DoS Hulk,0.9447348713874817,HIGH,DEEP_ANALYSIS,CNN-BiLSTM,True,False,False,False,True,False,False,False,False,RF BENIGN only
2,38849,3,DoS Hulk,3,1,False,0,BENIGN,0.999783456325531,0.12407107651233673,0.20825065672397614,False,0,BENIGN,0.999047577381134,1,DDoS,0.8671653270721436,0.3350745141506195,1,DDoS,0.8671653270721436,LOW,DEEP_ANALYSIS,CNN-BiLSTM,False,False,True,False,True,True,False,False,False,FedProx BENIGN only/global disagreement
3,38866,3,DoS Hulk,4,1,False,0,BENIGN,0.9950000047683716,0.20129668712615967,0.2338138073682785,False,0,BENIGN,0.9768624305725098,1,DDoS,0.5423296093940735,0.23282870650291443,1,DDoS,0.5423296093940735,LOW,DEEP_ANALYSIS,CNN-BiLSTM,False,False,True,False,True,True,False,False,False,FedProx BENIGN only/global disagreement
4,38877,3,DoS Hulk,5,1,False,0,BENIGN,0.9950713515281677,0.37920883297920227,0.3370387554168701,False,1,DDoS,0.5220229029655457,1,DDoS,0.8615545034408569,0.5096924901008606,1,DDoS,0.8615545034408569,MEDIUM,DEEP_ANALYSIS,CNN-BiLSTM,False,False,True,False,True,False,False,False,False,RF BENIGN only
5,38903,3,DoS Hulk,1,1,True,3,DoS Hulk,1.0,1.103408932685852,1.0,True,3,DoS Hulk,0.9946094751358032,3,DoS Hulk,0.89730304479599,,3,DoS Hulk,1.0,HIGH,FAST_ATTACK_PATH,Random Forest,True,False,False,False,False,False,False,False,False,No supervised BENIGN vote
6,38980,3,DoS Hulk,2,1,False,0,BENIGN,1.0,0.04806293174624443,0.07330220937728882,False,0,BENIGN,0.9947094917297363,0,BENIGN,0.8525723218917847,0.06418216973543167,0,BENIGN,1.0,NORMAL,DEEP_ANALYSIS,Random Forest,False,True,False,False,True,True,True,True,True,RF+FedProx+CNN all BENIGN
7,38999,3,DoS Hulk,3,1,False,0,BENIGN,0.999783456325531,0.061372239142656326,0.10301199555397034,False,0,BENIGN,0.9947094917297363,0,BENIGN,0.6826498508453369,0.12815481424331665,0,BENIGN,0.999783456325531,NORMAL,DEEP_ANALYSIS,Random Forest,False,True,False,False,True,True,True,True,True,RF+FedProx+CNN all BENIGN
8,39019,3,DoS Hulk,4,1,False,0,BENIGN,0.7464746832847595,0.9341482520103455,1.0,True,3,DoS Hulk,0.9302021861076355,1,DDoS,0.62530517578125,0.6986225843429565,3,DoS Hulk,0.9302021861076355,HIGH,DEEP_ANALYSIS,FedProx70 MLP,True,False,False,False,True,False,False,False,False,RF BENIGN only
9,39058,3,DoS Hulk,5,1,False,0,BENIGN,1.0,0.9208168983459473,0.8184170722961426,True,3,DoS Hulk,0.9908677339553833,3,DoS Hulk,0.6858859062194824,0.6600829362869263,3,DoS Hulk,0.9908677339553833,HIGH,DEEP_ANALYSIS,FedProx70 MLP,True,False,False,False,True,False,False,False,False,RF BENIGN only
10,39075,3,DoS Hulk,1,1,True,3,DoS Hulk,1.0,1.1902815103530884,1.0,True,3,DoS Hulk,0.9949949979782104,3,DoS Hulk,0.9714531898498535,,3,DoS Hulk,1.0,HIGH,FAST_ATTACK_PATH,Random Forest,True,False,False,False,False,False,False,False,False,No supervised BENIGN vote
11,39095,3,DoS Hulk,2,1,False,0,BENIGN,0.9750000238418579,0.9140264391899109,1.0,True,3,DoS Hulk,0.9946013689041138,3,DoS Hulk,0.9391524195671082,0.7820837497711182,3,DoS Hulk,0.9946013689041138,HIGH,DEEP_ANALYSIS,FedProx70 MLP,True,False,False,False,True,False,False,False,False,RF BENIGN only
12,39109,3,DoS Hulk,3,1,False,0,BENIGN,0.999783456325531,0.05609273165464401,0.09415045380592346,False,0,BENIGN,0.9899829030036926,0,BENIGN,0.6369186043739319,0.14424949884414673,0,BENIGN,0.999783456325531,NORMAL,DEEP_ANALYSIS,Random Forest,False,True,False,False,True,True,True,True,True,RF+FedProx+CNN all BENIGN
13,39119,3,DoS Hulk,4,1,False,0,BENIGN,1.0,0.05510210245847702,0.06400319933891296,False,0,BENIGN,0.982298731803894,0,BENIGN,0.9343341588973999,0.037893906235694885,0,BENIGN,1.0,NORMAL,DEEP_ANALYSIS,Random Forest,False,True,False,False,True,True,True,True,True,RF+FedProx+CNN all BENIGN
14,39124,3,DoS Hulk,5,1,False,0,BENIGN,1.0,0.06121091917157173,0.05440393090248108,False,0,BENIGN,0.989966630935669,0,BENIGN,0.9213306903839111,0.03870485723018646,0,BENIGN,1.0,NORMAL,DEEP_ANALYSIS,Random Forest,False,True,False,False,True,True,True,True,True,RF+FedProx+CNN all BENIGN
15,39126,3,DoS Hulk,1,1,True,3,DoS Hulk,1.0,1.165556788444519,1.0,True,3,DoS Hulk,0.9919208288192749,3,DoS Hulk,0.9529944658279419,,3,DoS Hulk,1.0,HIGH,FAST_ATTACK_PATH,Random Forest,True,False,False,False,False,False,False,False,False,No supervised BENIGN vote
16,39127,3,DoS Hulk,2,1,False,0,BENIGN,0.9355497360229492,0.7964823842048645,1.0,True,3,DoS Hulk,0.9860081076622009,3,DoS Hulk,0.9016995429992676,0.7742873430252075,3,DoS Hulk,0.9860081076622009,HIGH,DEEP_ANALYSIS,FedProx70 MLP,True,False,False,False,True,False,False,False,False,RF BENIGN only
17,39131,3,DoS Hulk,3,1,False,0,BENIGN,0.8907964825630188,0.7611511945724487,1.0,True,3,DoS Hulk,0.988853931427002,3,DoS Hulk,0.8399019241333008,0.7624624967575073,3,DoS Hulk,0.988853931427002,HIGH,DEEP_ANALYSIS,FedProx70 MLP,True,False,False,False,True,False,False,False,False,RF BENIGN only
18,39153,3,DoS Hulk,4,1,False,0,BENIGN,0.9062764644622803,0.8585716485977173,0.9972637891769409,True,3,DoS Hulk,0.9867897629737854,3,DoS Hulk,0.9684020280838013,0.8033119440078735,3,DoS Hulk,0.9867897629737854,CRITICAL,DEEP_ANALYSIS,FedProx70 MLP,True,False,False,False,True,False,False,False,False,RF BENIGN only
19,39201,3,DoS Hulk,5,1,False,0,BENIGN,1.0,1.2178213596343994,1.0,True,3,DoS Hulk,0.9874234795570374,3,DoS Hulk,0.8132973313331604,0.7308810949325562,3,DoS Hulk,0.9874234795570374,HIGH,DEEP_ANALYSIS,FedProx70 MLP,True,False,False,False,True,False,False,False,False,RF BENIGN only
20,39233,3,DoS Hulk,1,1,True,3,DoS Hulk,0.8681830167770386,0.045823920518159866,0.04967237263917923,False,0,BENIGN,0.9865807294845581,0,BENIGN,0.9826441407203674,0.1911877989768982,3,DoS Hulk,0.8681830167770386,NORMAL,DEEP_ANALYSIS,Random Forest,True,False,False,False,False,True,True,True,False,FedProx+CNN BENIGN
21,39259,3,DoS Hulk,2,1,False,0,BENIGN,0.9340131878852844,1.1851874589920044,1.0,True,3,DoS Hulk,0.9837977290153503,3,DoS Hulk,0.934298038482666,0.7853410243988037,3,DoS Hulk,0.9837977290153503,HIGH,DEEP_ANALYSIS,FedProx70 MLP,True,False,False,False,True,False,False,False,False,RF BENIGN only
22,39282,3,DoS Hulk,3,1,False,0,BENIGN,0.803229808807373,0.9649264216423035,1.0,True,3,DoS Hulk,0.9869455695152283,3,DoS Hulk,0.8114197850227356,0.7694345712661743,3,DoS Hulk,0.9869455695152283,HIGH,DEEP_ANALYSIS,FedProx70 MLP,True,False,False,False,True,False,False,False,False,RF BENIGN only
23,39291,3,DoS Hulk,4,1,False,0,BENIGN,0.9112764596939087,1.4632257223129272,1.0,True,3,DoS Hulk,0.9576245546340942,3,DoS Hulk,0.9479706883430481,0.7868218421936035,3,DoS Hulk,0.9576245546340942,HIGH,DEEP_ANALYSIS,FedProx70 MLP,True,False,False,False,True,False,False,False,False,RF BENIGN only
24,39299,3,DoS Hulk,5,1,False,0,BENIGN,1.0,1.227896809577942,1.0,True,3,DoS Hulk,0.9871238470077515,3,DoS Hulk,0.9457516074180603,0.7771501541137695,3,DoS Hulk,0.9871238470077515,HIGH,DEEP_ANALYSIS,FedProx70 MLP,True,False,False,False,True,False,False,False,False,RF BENIGN only
25,39346,3,DoS Hulk,1,1,True,3,DoS Hulk,0.6696850061416626,0.0498276948928833,0.05401240289211273,False,0,BENIGN,0.989966630935669,0,BENIGN,0.8692252039909363,0.19082005321979523,3,DoS Hulk,0.6696850061416626,NORMAL,DEEP_ANALYSIS,Random Forest,True,False,False,False,False,True,True,True,False,FedProx+CNN BENIGN
26,39349,3,DoS Hulk,2,1,False,0,BENIGN,1.0,0.06156196817755699,0.0938899889588356,False,0,BENIGN,0.9976909160614014,0,BENIGN,0.8471454381942749,0.0682753175497055,0,BENIGN,1.0,NORMAL,DEEP_ANALYSIS,Random Forest,False,True,False,False,True,True,True,True,True,RF+FedProx+CNN all BENIGN
27,39405,3,DoS Hulk,3,1,False,0,BENIGN,0.7943518161773682,0.947383463382721,1.0,True,3,DoS Hulk,0.9870763421058655,3,DoS Hulk,0.920894980430603,0.8095657825469971,3,DoS Hulk,0.9870763421058655,CRITICAL,DEEP_ANALYSIS,FedProx70 MLP,True,False,False,False,True,False,False,False,False,RF BENIGN only
28,39415,3,DoS Hulk,4,1,False,0,BENIGN,1.0,0.20129646360874176,0.2338135540485382,False,0,BENIGN,0.9768667817115784,0,BENIGN,0.9989286065101624,0.042386990040540695,0,BENIGN,1.0,NORMAL,DEEP_ANALYSIS,Random Forest,False,True,False,False,True,True,True,True,True,RF+FedProx+CNN all BENIGN
29,39446,3,DoS Hulk,5,1,False,0,BENIGN,1.0,0.2518613040447235,0.2238529473543167,False,0,BENIGN,0.999047577381134,0,BENIGN,0.9867165088653564,0.03851289302110672,0,BENIGN,1.0,NORMAL,DEEP_ANALYSIS,Random Forest,False,True,False,False,True,True,True,True,True,RF+FedProx+CNN all BENIGN
30,39460,3,DoS Hulk,1,1,True,3,DoS Hulk,1.0,0.37680506706237793,0.40845048427581787,False,3,DoS Hulk,0.9322947263717651,3,DoS Hulk,0.6645443439483643,,3,DoS Hulk,1.0,HIGH,FAST_ATTACK_PATH,Random Forest,True,False,False,False,False,False,False,False,False,No supervised BENIGN vote
31,39464,3,DoS Hulk,2,1,False,0,BENIGN,0.8986193537712097,0.8314405083656311,1.0,True,3,DoS Hulk,0.9866573214530945,3,DoS Hulk,0.5897999405860901,0.6727032661437988,3,DoS Hulk,0.9866573214530945,HIGH,DEEP_ANALYSIS,FedProx70 MLP,True,False,False,False,True,False,False,False,False,RF BENIGN only
32,39488,3,DoS Hulk,3,1,False,0,BENIGN,0.7943518161773682,0.7462530732154846,1.0,True,3,DoS Hulk,0.988943338394165,3,DoS Hulk,0.8978452086448669,0.8020584583282471,3,DoS Hulk,0.988943338394165,CRITICAL,DEEP_ANALYSIS,FedProx70 MLP,True,False,False,False,True,False,False,False,False,RF BENIGN only
33,39532,3,DoS Hulk,4,1,False,0,BENIGN,0.7412803769111633,1.3991129398345947,1.0,True,3,DoS Hulk,0.9645307660102844,3,DoS Hulk,0.9539097547531128,0.8249715566635132,3,DoS Hulk,0.9645307660102844,CRITICAL,DEEP_ANALYSIS,FedProx70 MLP,True,False,False,False,True,False,False,False,False,RF BENIGN only
34,39572,3,DoS Hulk,5,1,False,0,BENIGN,1.0,1.8810516595840454,1.0,True,3,DoS Hulk,0.9865039587020874,3,DoS Hulk,0.9246858954429626,0.769591212272644,3,DoS Hulk,0.9865039587020874,HIGH,DEEP_ANALYSIS,FedProx70 MLP,True,False,False,False,True,False,False,False,False,RF BENIGN only
35,39594,3,DoS Hulk,1,1,True,3,DoS Hulk,0.6199955344200134,0.05786336958408356,0.06272294372320175,False,0,BENIGN,0.9947094917297363,0,BENIGN,0.8540655374526978,0.18607178330421448,3,DoS Hulk,0.6199955344200134,NORMAL,DEEP_ANALYSIS,Random Forest,True,False,False,False,False,True,True,True,False,FedProx+CNN BENIGN
36,39615,3,DoS Hulk,2,1,False,0,BENIGN,0.8986193537712097,0.8360623121261597,1.0,True,3,DoS Hulk,0.9854909181594849,3,DoS Hulk,0.9507179856300354,0.7986747026443481,3,DoS Hulk,0.9854909181594849,HIGH,DEEP_ANALYSIS,FedProx70 MLP,True,False,False,False,True,False,False,False,False,RF BENIGN only
37,39628,3,DoS Hulk,3,1,False,0,BENIGN,0.6855189800262451,0.9168152809143066,1.0,True,3,DoS Hulk,0.9769821166992188,3,DoS Hulk,0.9042951464653015,0.8224941492080688,3,DoS Hulk,0.9769821166992188,CRITICAL,DEEP_ANALYSIS,FedProx70 MLP,True,False,False,False,True,False,False,False,False,RF BENIGN only
38,39703,3,DoS Hulk,4,1,False,0,BENIGN,0.9112764596939087,0.6265500783920288,0.7277618646621704,True,3,DoS Hulk,0.9849652051925659,3,DoS Hulk,0.616031289100647,0.6380095481872559,3,DoS Hulk,0.9849652051925659,HIGH,DEEP_ANALYSIS,FedProx70 MLP,True,False,False,False,True,False,False,False,False,RF BENIGN only
39,39737,3,DoS Hulk,5,1,False,0,BENIGN,1.0,1.3915067911148071,1.0,True,3,DoS Hulk,0.9847283363342285,3,DoS Hulk,0.9623059034347534,0.7822256088256836,3,DoS Hulk,0.9847283363342285,HIGH,DEEP_ANALYSIS,FedProx70 MLP,True,False,False,False,True,False,False,False,False,RF BENIGN only
40,39746,3,DoS Hulk,1,1,True,3,DoS Hulk,1.0,1.2170079946517944,1.0,True,3,DoS Hulk,0.9865109920501709,3,DoS Hulk,0.967250645160675,,3,DoS Hulk,1.0,HIGH,FAST_ATTACK_PATH,Random Forest,True,False,False,False,False,False,False,False,False,No supervised BENIGN vote
41,39793,3,DoS Hulk,2,1,False,0,BENIGN,0.9553242325782776,2.140871047973633,1.0,True,0,BENIGN,0.9883289337158203,3,DoS Hulk,0.6277982592582703,0.3821658790111542,3,DoS Hulk,0.6277982592582703,LOW,DEEP_ANALYSIS,CNN-BiLSTM,True,False,False,False,True,True,False,False,False,FedProx BENIGN only/global disagreement
42,39807,3,DoS Hulk,3,1,False,0,BENIGN,0.9998576045036316,0.026848124340176582,0.04506400600075722,False,0,BENIGN,0.9126371145248413,0,BENIGN,0.9995273351669312,0.03316238150000572,0,BENIGN,0.9998576045036316,NORMAL,DEEP_ANALYSIS,Random Forest,False,True,False,False,True,True,True,True,True,RF+FedProx+CNN all BENIGN
43,39827,3,DoS Hulk,4,1,False,0,BENIGN,0.896396279335022,0.8028508424758911,0.9325419664382935,True,3,DoS Hulk,0.9870514869689941,3,DoS Hulk,0.6772863268852234,0.6937677264213562,3,DoS Hulk,0.9870514869689941,HIGH,DEEP_ANALYSIS,FedProx70 MLP,True,False,False,False,True,False,False,False,False,RF BENIGN only
44,39840,3,DoS Hulk,5,1,False,0,BENIGN,1.0,1.3204247951507568,1.0,True,3,DoS Hulk,0.986565887928009,3,DoS Hulk,0.7959044575691223,0.7245362997055054,3,DoS Hulk,0.986565887928009,HIGH,DEEP_ANALYSIS,FedProx70 MLP,True,False,False,False,True,False,False,False,False,RF BENIGN only
45,39958,3,DoS Hulk,1,1,True,3,DoS Hulk,1.0,1.0256942510604858,1.0,True,3,DoS Hulk,0.9851041436195374,3,DoS Hulk,0.951374888420105,,3,DoS Hulk,1.0,HIGH,FAST_ATTACK_PATH,Random Forest,True,False,False,False,False,False,False,False,False,No supervised BENIGN vote
46,39980,3,DoS Hulk,2,1,False,0,BENIGN,1.0,0.024008983746170998,0.036616817116737366,False,0,BENIGN,0.9255834221839905,0,BENIGN,0.47335249185562134,0.21214412152767181,0,BENIGN,1.0,LOW,DEEP_ANALYSIS,Random Forest,False,True,False,False,True,True,True,True,True,RF+FedProx+CNN all BENIGN
47,39986,3,DoS Hulk,3,1,False,0,BENIGN,0.8288084864616394,0.9471103549003601,1.0,True,3,DoS Hulk,0.9947053790092468,3,DoS Hulk,0.9336780309677124,0.8094372749328613,3,DoS Hulk,0.9947053790092468,CRITICAL,DEEP_ANALYSIS,FedProx70 MLP,True,False,False,False,True,False,False,False,False,RF BENIGN only
48,40010,3,DoS Hulk,4,1,False,0,BENIGN,0.7412803769111633,1.277559757232666,1.0,True,3,DoS Hulk,0.966132402420044,3,DoS Hulk,0.9749606251716614,0.8328198194503784,3,DoS Hulk,0.9749606251716614,CRITICAL,DEEP_ANALYSIS,CNN-BiLSTM,True,False,False,False,True,False,False,False,False,RF BENIGN only
49,40026,3,DoS Hulk,5,1,False,0,BENIGN,1.0,1.1554909944534302,1.0,True,3,DoS Hulk,0.9894171357154846,3,DoS Hulk,0.960220456123352,0.7829022407531738,3,DoS Hulk,0.9894171357154846,HIGH,DEEP_ANALYSIS,FedProx70 MLP,True,False,False,False,True,False,False,False,False,RF BENIGN only
50,40068,3,DoS Hulk,1,1,True,3,DoS Hulk,0.9614150524139404,0.021571913734078407,0.023383598774671555,False,0,BENIGN,0.9124800562858582,0,BENIGN,0.5689749121665955,,3,DoS Hulk,0.9614150524139404,HIGH,FAST_ATTACK_PATH,Random Forest,True,False,False,False,False,True,True,True,False,FedProx+CNN BENIGN
51,40111,3,DoS Hulk,2,1,False,0,BENIGN,0.9700000286102295,0.827579140663147,1.0,True,3,DoS Hulk,0.9945517182350159,3,DoS Hulk,0.8991379141807556,0.7690638303756714,3,DoS Hulk,0.9945517182350159,HIGH,DEEP_ANALYSIS,FedProx70 MLP,True,False,False,False,True,False,False,False,False,RF BENIGN only
52,40116,3,DoS Hulk,3,1,False,0,BENIGN,0.6485819816589355,0.822725772857666,1.0,True,3,DoS Hulk,0.9858648777008057,3,DoS Hulk,0.9269934892654419,0.8404908180236816,3,DoS Hulk,0.9858648777008057,CRITICAL,DEEP_ANALYSIS,FedProx70 MLP,True,False,False,False,True,False,False,False,False,RF BENIGN only
53,40134,3,DoS Hulk,4,1,False,0,BENIGN,0.8328001499176025,1.0895243883132935,1.0,True,3,DoS Hulk,0.9934357404708862,3,DoS Hulk,0.946303129196167,0.8126767873764038,3,DoS Hulk,0.9934357404708862,CRITICAL,DEEP_ANALYSIS,FedProx70 MLP,True,False,False,False,True,False,False,False,False,RF BENIGN only
54,40187,3,DoS Hulk,5,1,False,0,BENIGN,1.0,0.7201171517372131,0.6400362253189087,False,3,DoS Hulk,0.9816399216651917,3,DoS Hulk,0.9433792233467102,0.7206801176071167,3,DoS Hulk,0.9816399216651917,HIGH,DEEP_ANALYSIS,FedProx70 MLP,True,False,False,False,True,False,False,False,False,RF BENIGN only
55,40200,3,DoS Hulk,1,1,True,3,DoS Hulk,1.0,0.8980462551116943,0.9734673500061035,True,3,DoS Hulk,0.9850167036056519,3,DoS Hulk,0.9124789834022522,,3,DoS Hulk,1.0,HIGH,FAST_ATTACK_PATH,Random Forest,True,False,False,False,False,False,False,False,False,No supervised BENIGN vote
56,40211,3,DoS Hulk,2,1,False,0,BENIGN,0.9604600071907043,0.9656569361686707,1.0,True,3,DoS Hulk,0.9944753050804138,3,DoS Hulk,0.8575985431671143,0.7564101219177246,3,DoS Hulk,0.9944753050804138,HIGH,DEEP_ANALYSIS,FedProx70 MLP,True,False,False,False,True,False,False,False,False,RF BENIGN only
57,40265,3,DoS Hulk,3,1,False,0,BENIGN,0.8682166934013367,0.9412152171134949,1.0,True,3,DoS Hulk,0.994754433631897,3,DoS Hulk,0.962428092956543,0.8116328716278076,3,DoS Hulk,0.994754433631897,CRITICAL,DEEP_ANALYSIS,FedProx70 MLP,True,False,False,False,True,False,False,False,False,RF BENIGN only
58,40297,3,DoS Hulk,4,1,False,0,BENIGN,1.0,0.17413030564785004,0.20225901901721954,False,0,BENIGN,0.999047577381134,0,BENIGN,0.9983773231506348,0.031192516908049583,0,BENIGN,1.0,NORMAL,DEEP_ANALYSIS,Random Forest,False,True,False,False,True,True,True,True,True,RF+FedProx+CNN all BENIGN
59,40314,3,DoS Hulk,5,1,False,0,BENIGN,1.0,1.1200906038284302,0.995530366897583,True,3,DoS Hulk,0.9886628985404968,3,DoS Hulk,0.9649180769920349,0.783649742603302,3,DoS Hulk,0.9886628985404968,HIGH,DEEP_ANALYSIS,FedProx70 MLP,True,False,False,False,True,False,False,False,False,RF BENIGN only
60,40317,3,DoS Hulk,1,1,True,3,DoS Hulk,1.0,1.3210604190826416,1.0,True,3,DoS Hulk,0.9666947722434998,3,DoS Hulk,0.959102213382721,,3,DoS Hulk,1.0,HIGH,FAST_ATTACK_PATH,Random Forest,True,False,False,False,False,False,False,False,False,No supervised BENIGN vote
61,40365,3,DoS Hulk,2,1,False,0,BENIGN,0.9086213111877441,0.9128615856170654,1.0,True,3,DoS Hulk,0.9863553643226624,3,DoS Hulk,0.9680885076522827,0.8030133247375488,3,DoS Hulk,0.9863553643226624,CRITICAL,DEEP_ANALYSIS,FedProx70 MLP,True,False,False,False,True,False,False,False,False,RF BENIGN only
62,40380,3,DoS Hulk,3,1,False,0,BENIGN,1.0,0.026760613545775414,0.044917117804288864,False,0,BENIGN,0.9252545237541199,3,DoS Hulk,0.523402214050293,0.212351992726326,3,DoS Hulk,0.523402214050293,LOW,DEEP_ANALYSIS,CNN-BiLSTM,True,False,False,False,True,True,False,False,False,FedProx BENIGN only/global disagreement
63,40384,3,DoS Hulk,4,1,False,0,BENIGN,1.0,0.06990651786327362,0.08119909465312958,False,0,BENIGN,0.9959332346916199,0,BENIGN,0.47865796089172363,0.19586960971355438,0,BENIGN,1.0,NORMAL,DEEP_ANALYSIS,Random Forest,False,True,False,False,True,True,True,True,True,RF+FedProx+CNN all BENIGN
64,40400,3,DoS Hulk,5,1,False,0,BENIGN,1.0,2.0449607372283936,1.0,True,3,DoS Hulk,0.9829226732254028,3,DoS Hulk,0.7075892686843872,0.692533016204834,3,DoS Hulk,0.9829226732254028,HIGH,DEEP_ANALYSIS,FedProx70 MLP,True,False,False,False,True,False,False,False,False,RF BENIGN only
65,40407,3,DoS Hulk,1,1,True,3,DoS Hulk,1.0,0.3864802420139313,0.41893818974494934,False,0,BENIGN,0.9763126373291016,0,BENIGN,0.9958429932594299,,3,DoS Hulk,1.0,HIGH,FAST_ATTACK_PATH,Random Forest,True,False,False,False,False,True,True,True,False,FedProx+CNN BENIGN
66,40535,3,DoS Hulk,2,1,False,0,BENIGN,1.0,0.061542801558971405,0.09386076033115387,False,0,BENIGN,0.9976931214332581,0,BENIGN,0.8223184943199158,0.07695970684289932,0,BENIGN,1.0,NORMAL,DEEP_ANALYSIS,Random Forest,False,True,False,False,True,True,True,True,True,RF+FedProx+CNN all BENIGN
67,40542,3,DoS Hulk,3,1,False,0,BENIGN,0.9998576045036316,0.026863781735301018,0.04509028419852257,False,0,BENIGN,0.9125021696090698,0,BENIGN,0.9964627623558044,0.03427940607070923,0,BENIGN,0.9998576045036316,NORMAL,DEEP_ANALYSIS,Random Forest,False,True,False,False,True,True,True,True,True,RF+FedProx+CNN all BENIGN
68,40575,3,DoS Hulk,4,1,False,0,BENIGN,0.8424795866012573,1.1028071641921997,1.0,True,3,DoS Hulk,0.9953715205192566,3,DoS Hulk,0.8232806921005249,0.7682638168334961,3,DoS Hulk,0.9953715205192566,HIGH,DEEP_ANALYSIS,FedProx70 MLP,True,False,False,False,True,False,False,False,False,RF BENIGN only
69,40628,3,DoS Hulk,5,1,False,0,BENIGN,1.0,1.1995034217834473,1.0,True,3,DoS Hulk,0.9883982539176941,3,DoS Hulk,0.9613659381866455,0.7829976081848145,3,DoS Hulk,0.9883982539176941,HIGH,DEEP_ANALYSIS,FedProx70 MLP,True,False,False,False,True,False,False,False,False,RF BENIGN only
70,40649,3,DoS Hulk,1,1,True,3,DoS Hulk,0.672475278377533,0.049818333238363266,0.05400225520133972,False,0,BENIGN,0.9899829030036926,0,BENIGN,0.993877112865448,0.14774355292320251,3,DoS Hulk,0.672475278377533,NORMAL,DEEP_ANALYSIS,Random Forest,True,False,False,False,False,True,True,True,False,FedProx+CNN BENIGN
71,40650,3,DoS Hulk,2,1,False,0,BENIGN,1.0,0.024004720151424408,0.03661031275987625,False,0,BENIGN,0.9123342633247375,0,BENIGN,0.9770814776420593,0.03981275111436844,0,BENIGN,1.0,NORMAL,DEEP_ANALYSIS,Random Forest,False,True,False,False,True,True,True,True,True,RF+FedProx+CNN all BENIGN
72,40662,3,DoS Hulk,3,1,False,0,BENIGN,0.999783456325531,0.12407337874174118,0.20825453102588654,False,0,BENIGN,0.9990482926368713,0,BENIGN,0.9888538122177124,0.035468168556690216,0,BENIGN,0.999783456325531,NORMAL,DEEP_ANALYSIS,Random Forest,False,True,False,False,True,True,True,True,True,RF+FedProx+CNN all BENIGN
73,40704,3,DoS Hulk,4,1,False,0,BENIGN,1.0,0.17413030564785004,0.20225901901721954,False,0,BENIGN,0.999047577381134,0,BENIGN,0.9797261357307434,0.03772043436765671,0,BENIGN,1.0,NORMAL,DEEP_ANALYSIS,Random Forest,False,True,False,False,True,True,True,True,True,RF+FedProx+CNN all BENIGN
74,40706,3,DoS Hulk,5,1,False,0,BENIGN,0.980843722820282,0.028722131624817848,0.02552807331085205,False,0,BENIGN,0.9076668620109558,0,BENIGN,0.9014567732810974,0.06985053420066833,0,BENIGN,0.980843722820282,NORMAL,DEEP_ANALYSIS,Random Forest,False,True,False,False,True,True,True,True,True,RF+FedProx+CNN all BENIGN
75,40730,3,DoS Hulk,1,1,True,3,DoS Hulk,0.7270105481147766,0.1762087643146515,0.19100740551948547,False,0,BENIGN,0.999047577381134,0,BENIGN,0.9970920085906982,0.17535676062107086,3,DoS Hulk,0.7270105481147766,NORMAL,DEEP_ANALYSIS,Random Forest,True,False,False,False,False,True,True,True,False,FedProx+CNN BENIGN
76,40752,3,DoS Hulk,2,1,False,0,BENIGN,0.9264099597930908,0.9984554052352905,1.0,True,3,DoS Hulk,0.9825356006622314,3,DoS Hulk,0.7046375870704651,0.7061018943786621,3,DoS Hulk,0.9825356006622314,HIGH,DEEP_ANALYSIS,FedProx70 MLP,True,False,False,False,True,False,False,False,False,RF BENIGN only
77,40757,3,DoS Hulk,3,1,False,0,BENIGN,0.7307550311088562,2.19142484664917,1.0,True,3,DoS Hulk,0.8049594759941101,3,DoS Hulk,0.8974607586860657,0.7594480514526367,3,DoS Hulk,0.8974607586860657,HIGH,DEEP_ANALYSIS,CNN-BiLSTM,True,False,False,False,True,False,False,False,False,RF BENIGN only
78,40761,3,DoS Hulk,4,1,False,0,BENIGN,0.8331535458564758,1.136573314666748,1.0,True,3,DoS Hulk,0.9948819875717163,3,DoS Hulk,0.7634103298187256,0.7490274906158447,3,DoS Hulk,0.9948819875717163,HIGH,DEEP_ANALYSIS,FedProx70 MLP,True,False,False,False,True,False,False,False,False,RF BENIGN only
79,40776,3,DoS Hulk,5,1,False,0,BENIGN,1.0,1.8573664426803589,1.0,True,3,DoS Hulk,0.9887554049491882,3,DoS Hulk,0.960084855556488,0.7826563119888306,3,DoS Hulk,0.9887554049491882,HIGH,DEEP_ANALYSIS,FedProx70 MLP,True,False,False,False,True,False,False,False,False,RF BENIGN only
80,40779,3,DoS Hulk,1,1,True,3,DoS Hulk,1.0,1.1123058795928955,1.0,True,3,DoS Hulk,0.9949411153793335,3,DoS Hulk,0.9187222123146057,,3,DoS Hulk,1.0,HIGH,FAST_ATTACK_PATH,Random Forest,True,False,False,False,False,False,False,False,False,No supervised BENIGN vote
81,40780,3,DoS Hulk,2,1,False,0,BENIGN,0.9627436995506287,0.9481232166290283,1.0,True,3,DoS Hulk,0.9893276691436768,3,DoS Hulk,0.9730247855186462,0.7948082685470581,3,DoS Hulk,0.9893276691436768,HIGH,DEEP_ANALYSIS,FedProx70 MLP,True,False,False,False,True,False,False,False,False,RF BENIGN only
82,40785,3,DoS Hulk,3,1,False,0,BENIGN,0.7861679792404175,1.0546681880950928,1.0,True,3,DoS Hulk,0.9947773218154907,3,DoS Hulk,0.9434458017349243,0.8214056491851807,3,DoS Hulk,0.9947773218154907,CRITICAL,DEEP_ANALYSIS,FedProx70 MLP,True,False,False,False,True,False,False,False,False,RF BENIGN only
83,40787,3,DoS Hulk,4,1,False,0,BENIGN,0.8428000211715698,1.1867706775665283,1.0,True,3,DoS Hulk,0.9949829578399658,3,DoS Hulk,0.9696958661079407,0.8193284273147583,3,DoS Hulk,0.9949829578399658,CRITICAL,DEEP_ANALYSIS,FedProx70 MLP,True,False,False,False,True,False,False,False,False,RF BENIGN only
84,40793,3,DoS Hulk,5,1,False,0,BENIGN,1.0,1.274013638496399,1.0,True,3,DoS Hulk,0.99505615234375,3,DoS Hulk,0.9766544103622437,0.7903459072113037,3,DoS Hulk,0.99505615234375,HIGH,DEEP_ANALYSIS,FedProx70 MLP,True,False,False,False,True,False,False,False,False,RF BENIGN only
85,40843,3,DoS Hulk,1,1,True,3,DoS Hulk,1.0,0.38648515939712524,0.4189435541629791,False,0,BENIGN,0.9763096570968628,0,BENIGN,0.9730743169784546,,3,DoS Hulk,1.0,HIGH,FAST_ATTACK_PATH,Random Forest,True,False,False,False,False,True,True,True,False,FedProx+CNN BENIGN
86,40867,3,DoS Hulk,2,1,False,0,BENIGN,0.9136213064193726,0.9571229219436646,1.0,True,3,DoS Hulk,0.9828817844390869,3,DoS Hulk,0.9006884694099426,0.777381181716919,3,DoS Hulk,0.9828817844390869,HIGH,DEEP_ANALYSIS,FedProx70 MLP,True,False,False,False,True,False,False,False,False,RF BENIGN only
87,40868,3,DoS Hulk,3,1,False,0,BENIGN,0.9761192202568054,0.8517712950706482,1.0,True,3,DoS Hulk,0.9801515936851501,3,DoS Hulk,0.9735561013221741,0.7895662784576416,3,DoS Hulk,0.9801515936851501,HIGH,DEEP_ANALYSIS,FedProx70 MLP,True,False,False,False,True,False,False,False,False,RF BENIGN only
88,40877,3,DoS Hulk,4,1,False,0,BENIGN,1.0,0.2012973129749298,0.233814537525177,False,0,BENIGN,0.9768656492233276,0,BENIGN,0.9923702478408813,0.04468290135264397,0,BENIGN,1.0,NORMAL,DEEP_ANALYSIS,Random Forest,False,True,False,False,True,True,True,True,True,RF+FedProx+CNN all BENIGN
89,40897,3,DoS Hulk,5,1,False,0,BENIGN,1.0,1.005805253982544,0.8939542174339294,True,3,DoS Hulk,0.9866037368774414,3,DoS Hulk,0.7728849649429321,0.7005840539932251,3,DoS Hulk,0.9866037368774414,HIGH,DEEP_ANALYSIS,FedProx70 MLP,True,False,False,False,True,False,False,False,False,RF BENIGN only
90,40912,3,DoS Hulk,1,1,True,3,DoS Hulk,1.0,0.3864746391773224,0.418932169675827,False,0,BENIGN,0.9768651723861694,0,BENIGN,0.9957330822944641,,3,DoS Hulk,1.0,HIGH,FAST_ATTACK_PATH,Random Forest,True,False,False,False,False,True,True,True,False,FedProx+CNN BENIGN
91,40930,3,DoS Hulk,2,1,False,0,BENIGN,1.0,0.024004697799682617,0.036610282957553864,False,0,BENIGN,0.9123521447181702,0,BENIGN,0.9059091210365295,0.06471771001815796,0,BENIGN,1.0,NORMAL,DEEP_ANALYSIS,Random Forest,False,True,False,False,True,True,True,True,True,RF+FedProx+CNN all BENIGN
92,40934,3,DoS Hulk,3,1,False,0,BENIGN,0.999783456325531,0.07241223752498627,0.12154239416122437,False,0,BENIGN,0.9976931214332581,0,BENIGN,0.9708011150360107,0.029186341911554337,0,BENIGN,0.999783456325531,NORMAL,DEEP_ANALYSIS,Random Forest,False,True,False,False,True,True,True,True,True,RF+FedProx+CNN all BENIGN
93,40936,3,DoS Hulk,4,1,False,0,BENIGN,1.0,0.060320835560560226,0.0700649619102478,False,0,BENIGN,0.9899829030036926,0,BENIGN,0.9613251686096191,0.027051065117120743,0,BENIGN,1.0,NORMAL,DEEP_ANALYSIS,Random Forest,False,True,False,False,True,True,True,True,True,RF+FedProx+CNN all BENIGN
94,41017,3,DoS Hulk,5,1,False,0,BENIGN,1.0,1.2160528898239136,1.0,True,3,DoS Hulk,0.9889001846313477,3,DoS Hulk,0.9426091909408569,0.7765833139419556,3,DoS Hulk,0.9889001846313477,HIGH,DEEP_ANALYSIS,FedProx70 MLP,True,False,False,False,True,False,False,False,False,RF BENIGN only
95,41023,3,DoS Hulk,1,1,True,3,DoS Hulk,0.6199955344200134,0.05786336213350296,0.06272292882204056,False,0,BENIGN,0.9947094917297363,0,BENIGN,0.9705288410186768,0.14530962705612183,3,DoS Hulk,0.6199955344200134,NORMAL,DEEP_ANALYSIS,Random Forest,True,False,False,False,False,True,True,True,False,FedProx+CNN BENIGN
96,41072,3,DoS Hulk,2,1,False,0,BENIGN,0.9604600071907043,0.8948580026626587,1.0,True,3,DoS Hulk,0.994648277759552,3,DoS Hulk,0.9349874258041382,0.78354811668396,3,DoS Hulk,0.994648277759552,HIGH,DEEP_ANALYSIS,FedProx70 MLP,True,False,False,False,True,False,False,False,False,RF BENIGN only
97,41080,3,DoS Hulk,3,1,False,0,BENIGN,0.8147041201591492,1.0374891757965088,1.0,True,3,DoS Hulk,0.9949841499328613,3,DoS Hulk,0.9433935284614563,0.8157421350479126,3,DoS Hulk,0.9949841499328613,CRITICAL,DEEP_ANALYSIS,FedProx70 MLP,True,False,False,False,True,False,False,False,False,RF BENIGN only
98,41086,3,DoS Hulk,4,1,False,0,BENIGN,0.8229196071624756,1.4222184419631958,1.0,True,3,DoS Hulk,0.9916315674781799,3,DoS Hulk,0.9722810983657837,0.8232039213180542,3,DoS Hulk,0.9916315674781799,CRITICAL,DEEP_ANALYSIS,FedProx70 MLP,True,False,False,False,True,False,False,False,False,RF BENIGN only
99,41090,3,DoS Hulk,5,1,False,0,BENIGN,1.0,1.2912046909332275,1.0,True,3,DoS Hulk,0.9877886176109314,3,DoS Hulk,0.9691991806030273,0.7855563163757324,3,DoS Hulk,0.9877886176109314,HIGH,DEEP_ANALYSIS,FedProx70 MLP,True,False,False,False,True,False,False,False,False,RF BENIGN only
100,41102,3,DoS Hulk,1,1,True,3,DoS Hulk,1.0,1.3387435674667358,1.0,True,3,DoS Hulk,0.9714097380638123,3,DoS Hulk,0.736761748790741,,3,DoS Hulk,1.0,HIGH,FAST_ATTACK_PATH,Random Forest,True,False,False,False,False,False,False,False,False,No supervised BENIGN vote
101,41109,3,DoS Hulk,2,1,False,0,BENIGN,0.9844759106636047,0.02401355281472206,0.03662378340959549,False,0,BENIGN,0.9076668620109558,0,BENIGN,0.9493417739868164,0.0540287047624588,0,BENIGN,0.9844759106636047,NORMAL,DEEP_ANALYSIS,Random Forest,False,True,False,False,True,True,True,True,True,RF+FedProx+CNN all BENIGN
102,41128,3,DoS Hulk,3,1,False,0,BENIGN,0.7362302541732788,0.7772566676139832,1.0,True,3,DoS Hulk,0.9857333898544312,3,DoS Hulk,0.8525840044021606,0.7968783378601074,3,DoS Hulk,0.9857333898544312,HIGH,DEEP_ANALYSIS,FedProx70 MLP,True,False,False,False,True,False,False,False,False,RF BENIGN only
103,41234,3,DoS Hulk,4,1,False,0,BENIGN,1.0,0.20129451155662537,0.23381127417087555,False,0,BENIGN,0.9768697023391724,0,BENIGN,0.9851930141448975,0.04719322919845581,0,BENIGN,1.0,NORMAL,DEEP_ANALYSIS,Random Forest,False,True,False,False,True,True,True,True,True,RF+FedProx+CNN all BENIGN
104,41255,3,DoS Hulk,5,1,False,0,BENIGN,1.0,0.06897318363189697,0.06130298599600792,False,0,BENIGN,0.9947178959846497,0,BENIGN,0.9930604696273804,0.013208914548158646,0,BENIGN,1.0,NORMAL,DEEP_ANALYSIS,Random Forest,False,True,False,False,True,True,True,True,True,RF+FedProx+CNN all BENIGN
105,41277,3,DoS Hulk,1,1,True,3,DoS Hulk,1.0,0.9645735025405884,1.0,True,3,DoS Hulk,0.9260356426239014,3,DoS Hulk,0.9625610709190369,,3,DoS Hulk,1.0,HIGH,FAST_ATTACK_PATH,Random Forest,True,False,False,False,False,False,False,False,False,No supervised BENIGN vote
106,41327,3,DoS Hulk,2,1,False,0,BENIGN,0.8866481781005859,1.5285309553146362,1.0,True,3,DoS Hulk,0.9861786365509033,3,DoS Hulk,0.8706352710723877,0.7732462882995605,3,DoS Hulk,0.9861786365509033,HIGH,DEEP_ANALYSIS,FedProx70 MLP,True,False,False,False,True,False,False,False,False,RF BENIGN only
107,41328,3,DoS Hulk,3,1,False,0,BENIGN,0.6878892183303833,1.4297441244125366,1.0,True,3,DoS Hulk,0.8972058296203613,3,DoS Hulk,0.7292274236679077,0.7368135452270508,3,DoS Hulk,0.8972058296203613,HIGH,DEEP_ANALYSIS,FedProx70 MLP,True,False,False,False,True,False,False,False,False,RF BENIGN only
108,41347,3,DoS Hulk,4,1,False,0,BENIGN,0.9064657092094421,1.0605782270431519,1.0,True,3,DoS Hulk,0.990738570690155,3,DoS Hulk,0.8083523511886597,0.7488517761230469,3,DoS Hulk,0.990738570690155,HIGH,DEEP_ANALYSIS,FedProx70 MLP,True,False,False,False,True,False,False,False,False,RF BENIGN only
109,41355,3,DoS Hulk,5,1,False,0,BENIGN,1.0,1.1471335887908936,1.0,True,3,DoS Hulk,0.9851735830307007,3,DoS Hulk,0.9575156569480896,0.7806825637817383,3,DoS Hulk,0.9851735830307007,HIGH,DEEP_ANALYSIS,FedProx70 MLP,True,False,False,False,True,False,False,False,False,RF BENIGN only
110,41359,3,DoS Hulk,1,1,True,3,DoS Hulk,1.0,1.0740063190460205,1.0,True,3,DoS Hulk,0.9899096488952637,3,DoS Hulk,0.9582314491271973,,3,DoS Hulk,1.0,HIGH,FAST_ATTACK_PATH,Random Forest,True,False,False,False,False,False,False,False,False,No supervised BENIGN vote
111,41378,3,DoS Hulk,2,1,False,0,BENIGN,1.0,0.024004589766263962,0.03661011531949043,False,0,BENIGN,0.9124236106872559,0,BENIGN,0.9810109734535217,0.03841059282422066,0,BENIGN,1.0,NORMAL,DEEP_ANALYSIS,Random Forest,False,True,False,False,True,True,True,True,True,RF+FedProx+CNN all BENIGN
112,41381,3,DoS Hulk,3,1,False,0,BENIGN,0.999783456325531,0.07240188121795654,0.12152501195669174,False,0,BENIGN,0.9976909160614014,0,BENIGN,0.603975772857666,0.15757325291633606,0,BENIGN,0.999783456325531,NORMAL,DEEP_ANALYSIS,Random Forest,False,True,False,False,True,True,True,True,True,RF+FedProx+CNN all BENIGN
113,41388,3,DoS Hulk,4,1,False,0,BENIGN,1.0,0.060337819159030914,0.07008469104766846,False,0,BENIGN,0.989966630935669,0,BENIGN,0.968672513961792,0.024487335234880447,0,BENIGN,1.0,NORMAL,DEEP_ANALYSIS,Random Forest,False,True,False,False,True,True,True,True,True,RF+FedProx+CNN all BENIGN
114,41423,3,DoS Hulk,5,1,False,0,BENIGN,1.0,0.9080569744110107,0.8070760369300842,True,3,DoS Hulk,0.9880961179733276,3,DoS Hulk,0.8995830416679382,0.7323443293571472,3,DoS Hulk,0.9880961179733276,HIGH,DEEP_ANALYSIS,FedProx70 MLP,True,False,False,False,True,False,False,False,False,RF BENIGN only
115,41575,3,DoS Hulk,1,1,True,3,DoS Hulk,1.0,0.3864462971687317,0.4189014136791229,False,0,BENIGN,0.9763200283050537,3,DoS Hulk,0.4845714867115021,,3,DoS Hulk,1.0,HIGH,FAST_ATTACK_PATH,Random Forest,True,False,False,False,False,True,False,False,False,FedProx BENIGN only/global disagreement
116,41630,3,DoS Hulk,2,1,False,0,BENIGN,1.0,0.04253982752561569,0.06487876176834106,False,0,BENIGN,0.9865807294845581,0,BENIGN,0.9559895992279053,0.029161237180233,0,BENIGN,1.0,NORMAL,DEEP_ANALYSIS,Random Forest,False,True,False,False,True,True,True,True,True,RF+FedProx+CNN all BENIGN
117,41645,3,DoS Hulk,3,1,False,0,BENIGN,0.7362302541732788,0.8012986183166504,1.0,True,3,DoS Hulk,0.9864050149917603,3,DoS Hulk,0.9025648236274719,0.8145731687545776,3,DoS Hulk,0.9864050149917603,CRITICAL,DEEP_ANALYSIS,FedProx70 MLP,True,False,False,False,True,False,False,False,False,RF BENIGN only
118,41666,3,DoS Hulk,4,1,False,0,BENIGN,0.7467095851898193,1.1446257829666138,1.0,True,3,DoS Hulk,0.9870595932006836,3,DoS Hulk,0.9687787890434265,0.8358485698699951,3,DoS Hulk,0.9870595932006836,CRITICAL,DEEP_ANALYSIS,FedProx70 MLP,True,False,False,False,True,False,False,False,False,RF BENIGN only
119,41690,3,DoS Hulk,5,1,False,0,BENIGN,1.0,1.0997451543807983,0.9774474501609802,True,3,DoS Hulk,0.9819499850273132,3,DoS Hulk,0.9655880331993103,0.7791579365730286,3,DoS Hulk,0.9819499850273132,HIGH,DEEP_ANALYSIS,FedProx70 MLP,True,False,False,False,True,False,False,False,False,RF BENIGN only
120,41707,3,DoS Hulk,1,1,True,3,DoS Hulk,1.0,1.9707978963851929,1.0,True,3,DoS Hulk,0.9898645281791687,3,DoS Hulk,0.9195548892021179,,3,DoS Hulk,1.0,HIGH,FAST_ATTACK_PATH,Random Forest,True,False,False,False,False,False,False,False,False,No supervised BENIGN vote
121,41717,3,DoS Hulk,2,1,False,0,BENIGN,1.0,0.06156196817755699,0.0938899889588356,False,0,BENIGN,0.9976909160614014,0,BENIGN,0.6102174520492554,0.15120011568069458,0,BENIGN,1.0,NORMAL,DEEP_ANALYSIS,Random Forest,False,True,False,False,True,True,True,True,True,RF+FedProx+CNN all BENIGN
122,41723,3,DoS Hulk,3,1,False,0,BENIGN,0.999783456325531,0.12407337874174118,0.20825453102588654,False,0,BENIGN,0.9990482926368713,0,BENIGN,0.9783998727798462,0.03912704810500145,0,BENIGN,0.999783456325531,NORMAL,DEEP_ANALYSIS,Random Forest,False,True,False,False,True,True,True,True,True,RF+FedProx+CNN all BENIGN
123,41736,3,DoS Hulk,4,1,False,0,BENIGN,1.0,0.06032082065939903,0.07006494700908661,False,0,BENIGN,0.9899829030036926,0,BENIGN,0.8933179974555969,0.05085357278585434,0,BENIGN,1.0,NORMAL,DEEP_ANALYSIS,Random Forest,False,True,False,False,True,True,True,True,True,RF+FedProx+CNN all BENIGN
124,41802,3,DoS Hulk,5,1,False,0,BENIGN,1.0,1.48479163646698,1.0,True,3,DoS Hulk,0.9842284917831421,3,DoS Hulk,0.9622929692268372,0.7820711135864258,3,DoS Hulk,0.9842284917831421,HIGH,DEEP_ANALYSIS,FedProx70 MLP,True,False,False,False,True,False,False,False,False,RF BENIGN only
125,41846,3,DoS Hulk,1,1,True,3,DoS Hulk,1.0,1.0578422546386719,1.0,True,3,DoS Hulk,0.9947472214698792,3,DoS Hulk,0.8667528033256531,,3,DoS Hulk,1.0,HIGH,FAST_ATTACK_PATH,Random Forest,True,False,False,False,False,False,False,False,False,No supervised BENIGN vote
126,41851,3,DoS Hulk,2,1,False,0,BENIGN,0.949579656124115,0.7439633011817932,1.0,True,3,DoS Hulk,0.9885845184326172,3,DoS Hulk,0.8753449320793152,0.7630301713943481,3,DoS Hulk,0.9885845184326172,HIGH,DEEP_ANALYSIS,FedProx70 MLP,True,False,False,False,True,False,False,False,False,RF BENIGN only
127,41868,3,DoS Hulk,3,1,False,0,BENIGN,0.999783456325531,0.061372239142656326,0.10301199555397034,False,0,BENIGN,0.9947094917297363,0,BENIGN,0.7728688716888428,0.09657815098762512,0,BENIGN,0.999783456325531,NORMAL,DEEP_ANALYSIS,Random Forest,False,True,False,False,True,True,True,True,True,RF+FedProx+CNN all BENIGN
128,41875,3,DoS Hulk,4,1,False,0,BENIGN,1.0,0.060337819159030914,0.07008469104766846,False,0,BENIGN,0.989966630935669,0,BENIGN,0.9589371085166931,0.027894726023077965,0,BENIGN,1.0,NORMAL,DEEP_ANALYSIS,Random Forest,False,True,False,False,True,True,True,True,True,RF+FedProx+CNN all BENIGN
129,41883,3,DoS Hulk,5,1,False,0,BENIGN,1.0,0.05595272406935692,0.04973047226667404,False,0,BENIGN,0.982298731803894,0,BENIGN,0.9966551065444946,0.013940664008259773,0,BENIGN,1.0,NORMAL,DEEP_ANALYSIS,Random Forest,False,True,False,False,True,True,True,True,True,RF+FedProx+CNN all BENIGN
130,41898,3,DoS Hulk,1,1,True,3,DoS Hulk,1.0,1.0957484245300293,1.0,True,3,DoS Hulk,0.995061457157135,3,DoS Hulk,0.9251897931098938,,3,DoS Hulk,1.0,HIGH,FAST_ATTACK_PATH,Random Forest,True,False,False,False,False,False,False,False,False,No supervised BENIGN vote
131,41921,3,DoS Hulk,2,1,False,0,BENIGN,0.8902079463005066,1.0409153699874878,1.0,True,3,DoS Hulk,0.9813520312309265,3,DoS Hulk,0.9733647108078003,0.8070416450500488,3,DoS Hulk,0.9813520312309265,CRITICAL,DEEP_ANALYSIS,FedProx70 MLP,True,False,False,False,True,False,False,False,False,RF BENIGN only
132,41923,3,DoS Hulk,3,1,False,0,BENIGN,0.7750943303108215,0.9652600884437561,1.0,True,3,DoS Hulk,0.9872310757637024,3,DoS Hulk,0.956459641456604,0.825911283493042,3,DoS Hulk,0.9872310757637024,CRITICAL,DEEP_ANALYSIS,FedProx70 MLP,True,False,False,False,True,False,False,False,False,RF BENIGN only
133,41926,3,DoS Hulk,4,1,False,0,BENIGN,0.8528000116348267,1.0495301485061646,1.0,True,3,DoS Hulk,0.9926447868347168,3,DoS Hulk,0.8665958642959595,0.7805420160293579,3,DoS Hulk,0.9926447868347168,HIGH,DEEP_ANALYSIS,FedProx70 MLP,True,False,False,False,True,False,False,False,False,RF BENIGN only
134,41965,3,DoS Hulk,5,1,False,0,BENIGN,1.0,1.2552578449249268,1.0,True,3,DoS Hulk,0.9867613315582275,3,DoS Hulk,0.9715087413787842,0.786056399345398,3,DoS Hulk,0.9867613315582275,HIGH,DEEP_ANALYSIS,FedProx70 MLP,True,False,False,False,True,False,False,False,False,RF BENIGN only
135,41992,3,DoS Hulk,1,1,True,3,DoS Hulk,0.6199955344200134,0.05786336958408356,0.06272294372320175,False,0,BENIGN,0.9947094917297363,0,BENIGN,0.6348997354507446,0.2627798020839691,3,DoS Hulk,0.6199955344200134,LOW,DEEP_ANALYSIS,Random Forest,True,False,False,False,False,True,True,True,False,FedProx+CNN BENIGN
136,41994,3,DoS Hulk,2,1,False,0,BENIGN,0.9961714744567871,0.14620698988437653,0.22298464179039001,False,0,BENIGN,0.9990482926368713,0,BENIGN,0.985675036907196,0.03951265290379524,0,BENIGN,0.9990482926368713,NORMAL,DEEP_ANALYSIS,FedProx70 MLP,False,True,False,False,True,True,True,True,True,RF+FedProx+CNN all BENIGN
137,42020,3,DoS Hulk,3,1,False,0,BENIGN,0.8357259631156921,0.7160921692848206,1.0,True,3,DoS Hulk,0.9877405762672424,3,DoS Hulk,0.893470823764801,0.7918918132781982,3,DoS Hulk,0.9877405762672424,HIGH,DEEP_ANALYSIS,FedProx70 MLP,True,False,False,False,True,False,False,False,False,RF BENIGN only
138,42033,3,DoS Hulk,4,1,False,0,BENIGN,0.8428000211715698,1.230742335319519,1.0,True,3,DoS Hulk,0.9949797987937927,3,DoS Hulk,0.8013461828231812,0.7604050636291504,3,DoS Hulk,0.9949797987937927,HIGH,DEEP_ANALYSIS,FedProx70 MLP,True,False,False,False,True,False,False,False,False,RF BENIGN only
139,42042,3,DoS Hulk,5,1,False,0,BENIGN,1.0,0.2518613040447235,0.2238529473543167,False,0,BENIGN,0.999047577381134,0,BENIGN,0.9483506083488464,0.051940955221652985,0,BENIGN,1.0,NORMAL,DEEP_ANALYSIS,Random Forest,False,True,False,False,True,True,True,True,True,RF+FedProx+CNN all BENIGN
140,42047,3,DoS Hulk,1,1,True,3,DoS Hulk,0.6199955344200134,0.05786336958408356,0.06272294372320175,False,0,BENIGN,0.9947094917297363,0,BENIGN,0.9847965240478516,0.1403159350156784,3,DoS Hulk,0.6199955344200134,NORMAL,DEEP_ANALYSIS,Random Forest,True,False,False,False,False,True,True,True,False,FedProx+CNN BENIGN
141,42099,3,DoS Hulk,2,1,False,0,BENIGN,0.9293668270111084,1.244764804840088,1.0,True,3,DoS Hulk,0.9843683838844299,3,DoS Hulk,0.7996549010276794,0.7393163442611694,3,DoS Hulk,0.9843683838844299,HIGH,DEEP_ANALYSIS,FedProx70 MLP,True,False,False,False,True,False,False,False,False,RF BENIGN only
142,42136,3,DoS Hulk,3,1,False,0,BENIGN,0.999783456325531,0.05609273165464401,0.09415045380592346,False,0,BENIGN,0.9899829030036926,0,BENIGN,0.9501898884773254,0.034604545682668686,0,BENIGN,0.999783456325531,NORMAL,DEEP_ANALYSIS,Random Forest,False,True,False,False,True,True,True,True,True,RF+FedProx+CNN all BENIGN
143,42159,3,DoS Hulk,4,1,False,0,BENIGN,1.0,0.02588132582604885,0.030062152072787285,False,0,BENIGN,0.9279372096061707,0,BENIGN,0.5279245376586914,0.19135458767414093,0,BENIGN,1.0,NORMAL,DEEP_ANALYSIS,Random Forest,False,True,False,False,True,True,True,True,True,RF+FedProx+CNN all BENIGN
144,42170,3,DoS Hulk,5,1,False,0,BENIGN,1.0,1.3346668481826782,1.0,True,3,DoS Hulk,0.9699079990386963,3,DoS Hulk,0.8299052119255066,0.7314392328262329,3,DoS Hulk,0.9699079990386963,HIGH,DEEP_ANALYSIS,FedProx70 MLP,True,False,False,False,True,False,False,False,False,RF BENIGN only
145,42178,3,DoS Hulk,1,1,True,3,DoS Hulk,1.0,1.19370698928833,1.0,True,3,DoS Hulk,0.9946601986885071,3,DoS Hulk,0.8995569944381714,,3,DoS Hulk,1.0,HIGH,FAST_ATTACK_PATH,Random Forest,True,False,False,False,False,False,False,False,False,No supervised BENIGN vote
146,42214,3,DoS Hulk,2,1,False,0,BENIGN,0.9398862719535828,0.979552149772644,1.0,True,3,DoS Hulk,0.9869268536567688,3,DoS Hulk,0.9440033435821533,0.7885019779205322,3,DoS Hulk,0.9869268536567688,HIGH,DEEP_ANALYSIS,FedProx70 MLP,True,False,False,False,True,False,False,False,False,RF BENIGN only
147,42222,3,DoS Hulk,3,1,False,0,BENIGN,0.7885821461677551,0.9667437076568604,1.0,True,3,DoS Hulk,0.9872112274169922,3,DoS Hulk,0.964491605758667,0.8260190486907959,3,DoS Hulk,0.9872112274169922,CRITICAL,DEEP_ANALYSIS,FedProx70 MLP,True,False,False,False,True,False,False,False,False,RF BENIGN only
148,42237,3,DoS Hulk,4,1,False,0,BENIGN,0.7412803769111633,0.9647111892700195,1.0,True,3,DoS Hulk,0.986491858959198,3,DoS Hulk,0.9397952556610107,0.8266198635101318,3,DoS Hulk,0.986491858959198,CRITICAL,DEEP_ANALYSIS,FedProx70 MLP,True,False,False,False,True,False,False,False,False,RF BENIGN only
149,42260,3,DoS Hulk,5,1,False,0,BENIGN,1.0,0.2518779933452606,0.22386778891086578,False,0,BENIGN,0.9990482926368713,0,BENIGN,0.9915927648544312,0.03680821508169174,0,BENIGN,1.0,NORMAL,DEEP_ANALYSIS,Random Forest,False,True,False,False,True,True,True,True,True,RF+FedProx+CNN all BENIGN
150,42303,3,DoS Hulk,1,1,True,3,DoS Hulk,1.0,1.1297556161880493,1.0,True,3,DoS Hulk,0.9851465821266174,3,DoS Hulk,0.8914190530776978,,3,DoS Hulk,1.0,HIGH,FAST_ATTACK_PATH,Random Forest,True,False,False,False,False,False,False,False,False,No supervised BENIGN vote
151,42315,3,DoS Hulk,2,1,False,0,BENIGN,0.8983110785484314,0.967485249042511,1.0,True,3,DoS Hulk,0.9887529611587524,3,DoS Hulk,0.9468278884887695,0.7983534336090088,3,DoS Hulk,0.9887529611587524,HIGH,DEEP_ANALYSIS,FedProx70 MLP,True,False,False,False,True,False,False,False,False,RF BENIGN only
152,42320,3,DoS Hulk,3,1,False,0,BENIGN,0.7330523729324341,1.0732629299163818,1.0,True,3,DoS Hulk,0.983862578868866,3,DoS Hulk,0.9630677700042725,0.8356219530105591,3,DoS Hulk,0.983862578868866,CRITICAL,DEEP_ANALYSIS,FedProx70 MLP,True,False,False,False,True,False,False,False,False,RF BENIGN only
153,42321,3,DoS Hulk,4,1,False,0,BENIGN,0.8478000164031982,1.1624380350112915,1.0,True,3,DoS Hulk,0.9944625496864319,3,DoS Hulk,0.8742801547050476,0.7847768068313599,3,DoS Hulk,0.9944625496864319,HIGH,DEEP_ANALYSIS,FedProx70 MLP,True,False,False,False,True,False,False,False,False,RF BENIGN only
154,42327,3,DoS Hulk,5,1,False,0,BENIGN,1.0,1.2099114656448364,1.0,True,3,DoS Hulk,0.9854735136032104,3,DoS Hulk,0.9528711438179016,0.7791469097137451,3,DoS Hulk,0.9854735136032104,HIGH,DEEP_ANALYSIS,FedProx70 MLP,True,False,False,False,True,False,False,False,False,RF BENIGN only
155,42375,3,DoS Hulk,1,1,True,3,DoS Hulk,0.8908605575561523,0.02177770622074604,0.0236066747456789,False,0,BENIGN,0.9255337715148926,3,DoS Hulk,0.8827539682388306,0.5130168795585632,3,DoS Hulk,0.8908605575561523,MEDIUM,DEEP_ANALYSIS,Random Forest,True,False,False,False,False,True,False,False,False,FedProx BENIGN only/global disagreement
156,42381,3,DoS Hulk,2,1,False,0,BENIGN,0.9750000238418579,0.8830156326293945,1.0,True,3,DoS Hulk,0.9932211637496948,3,DoS Hulk,0.8550507426261902,0.7522341012954712,3,DoS Hulk,0.9932211637496948,HIGH,DEEP_ANALYSIS,FedProx70 MLP,True,False,False,False,True,False,False,False,False,RF BENIGN only
157,42388,3,DoS Hulk,3,1,False,0,BENIGN,0.6684730648994446,1.4354339838027954,1.0,True,3,DoS Hulk,0.9476739764213562,3,DoS Hulk,0.9740176200866699,0.8415137529373169,3,DoS Hulk,0.9740176200866699,CRITICAL,DEEP_ANALYSIS,CNN-BiLSTM,True,False,False,False,True,False,False,False,False,RF BENIGN only
158,42406,3,DoS Hulk,4,1,False,0,BENIGN,0.8428000211715698,1.1014477014541626,1.0,True,3,DoS Hulk,0.9941007494926453,3,DoS Hulk,0.8668577671051025,0.78307044506073,3,DoS Hulk,0.9941007494926453,HIGH,DEEP_ANALYSIS,FedProx70 MLP,True,False,False,False,True,False,False,False,False,RF BENIGN only
159,42417,3,DoS Hulk,5,1,False,0,BENIGN,1.0,1.243188738822937,1.0,True,3,DoS Hulk,0.987387478351593,3,DoS Hulk,0.9725114107131958,0.7865952253341675,3,DoS Hulk,0.987387478351593,HIGH,DEEP_ANALYSIS,FedProx70 MLP,True,False,False,False,True,False,False,False,False,RF BENIGN only
160,42436,3,DoS Hulk,1,1,True,3,DoS Hulk,1.0,1.244932770729065,1.0,True,3,DoS Hulk,0.986396849155426,3,DoS Hulk,0.9566104412078857,,3,DoS Hulk,1.0,HIGH,FAST_ATTACK_PATH,Random Forest,True,False,False,False,False,False,False,False,False,No supervised BENIGN vote
161,42452,3,DoS Hulk,2,1,False,0,BENIGN,0.9599999785423279,0.9503267407417297,1.0,True,3,DoS Hulk,0.9897869825363159,3,DoS Hulk,0.9351965188980103,0.7822549343109131,3,DoS Hulk,0.9897869825363159,HIGH,DEEP_ANALYSIS,FedProx70 MLP,True,False,False,False,True,False,False,False,False,RF BENIGN only
162,42468,3,DoS Hulk,3,1,False,0,BENIGN,0.999783456325531,0.12407107651233673,0.20825065672397614,False,0,BENIGN,0.999047577381134,0,BENIGN,0.9757635593414307,0.040049389004707336,0,BENIGN,0.999783456325531,NORMAL,DEEP_ANALYSIS,Random Forest,False,True,False,False,True,True,True,True,True,RF+FedProx+CNN all BENIGN
163,42478,3,DoS Hulk,4,1,False,0,BENIGN,1.0,0.060337819159030914,0.07008469104766846,False,0,BENIGN,0.989966630935669,0,BENIGN,0.9769859910011292,0.021577617153525352,0,BENIGN,1.0,NORMAL,DEEP_ANALYSIS,Random Forest,False,True,False,False,True,True,True,True,True,RF+FedProx+CNN all BENIGN
164,42487,3,DoS Hulk,5,1,False,0,BENIGN,1.0,0.02870122157037258,0.025509489700198174,False,0,BENIGN,0.9123127460479736,0,BENIGN,0.7418646812438965,0.12047995626926422,0,BENIGN,1.0,NORMAL,DEEP_ANALYSIS,Random Forest,False,True,False,False,True,True,True,True,True,RF+FedProx+CNN all BENIGN
165,42505,3,DoS Hulk,1,1,True,3,DoS Hulk,1.0,1.4673476219177246,1.0,True,3,DoS Hulk,0.9617371559143066,3,DoS Hulk,0.97113436460495,,3,DoS Hulk,1.0,HIGH,FAST_ATTACK_PATH,Random Forest,True,False,False,False,False,False,False,False,False,No supervised BENIGN vote
166,42538,3,DoS Hulk,2,1,False,0,BENIGN,0.8860800862312317,1.3054183721542358,1.0,True,3,DoS Hulk,0.9585489630699158,3,DoS Hulk,0.9520617127418518,0.7935702800750732,3,DoS Hulk,0.9585489630699158,HIGH,DEEP_ANALYSIS,FedProx70 MLP,True,False,False,False,True,False,False,False,False,RF BENIGN only
167,42576,3,DoS Hulk,3,1,False,0,BENIGN,0.7982637882232666,0.9399221539497375,1.0,True,3,DoS Hulk,0.9841736555099487,3,DoS Hulk,0.9600858688354492,0.8216294050216675,3,DoS Hulk,0.9841736555099487,CRITICAL,DEEP_ANALYSIS,FedProx70 MLP,True,False,False,False,True,False,False,False,False,RF BENIGN only
168,42583,3,DoS Hulk,4,1,False,0,BENIGN,0.9062764644622803,0.8342025279998779,0.9689581394195557,True,3,DoS Hulk,0.9872885942459106,3,DoS Hulk,0.9111340641975403,0.7791719436645508,3,DoS Hulk,0.9872885942459106,HIGH,DEEP_ANALYSIS,FedProx70 MLP,True,False,False,False,True,False,False,False,False,RF BENIGN only
169,42601,3,DoS Hulk,5,1,False,0,BENIGN,1.0,0.03676264360547066,0.03267443925142288,False,0,BENIGN,0.9765069484710693,0,BENIGN,0.9703936576843262,0.02231130376458168,0,BENIGN,1.0,NORMAL,DEEP_ANALYSIS,Random Forest,False,True,False,False,True,True,True,True,True,RF+FedProx+CNN all BENIGN
170,42622,3,DoS Hulk,1,1,True,3,DoS Hulk,0.6199955344200134,0.05786336958408356,0.06272294372320175,False,0,BENIGN,0.9947094917297363,0,BENIGN,0.9997205138206482,0.13509254157543182,3,DoS Hulk,0.6199955344200134,NORMAL,DEEP_ANALYSIS,Random Forest,True,False,False,False,False,True,True,True,False,FedProx+CNN BENIGN
171,42624,3,DoS Hulk,2,1,False,0,BENIGN,1.0,0.023993749171495438,0.03659358248114586,False,0,BENIGN,0.9125660061836243,0,BENIGN,0.765064001083374,0.113946832716465,0,BENIGN,1.0,NORMAL,DEEP_ANALYSIS,Random Forest,False,True,False,False,True,True,True,True,True,RF+FedProx+CNN all BENIGN
172,42635,3,DoS Hulk,3,1,False,0,BENIGN,0.999783456325531,0.06138509139418602,0.10303356498479843,False,0,BENIGN,0.9947178959846497,0,BENIGN,0.9868196249008179,0.02169610559940338,0,BENIGN,0.999783456325531,NORMAL,DEEP_ANALYSIS,Random Forest,False,True,False,False,True,True,True,True,True,RF+FedProx+CNN all BENIGN
173,42668,3,DoS Hulk,4,1,False,0,BENIGN,0.7467095851898193,0.9387289881706238,1.0,True,3,DoS Hulk,0.9868882298469543,3,DoS Hulk,0.8920372724533081,0.8089375495910645,3,DoS Hulk,0.9868882298469543,CRITICAL,DEEP_ANALYSIS,FedProx70 MLP,True,False,False,False,True,False,False,False,False,RF BENIGN only
174,42694,3,DoS Hulk,5,1,False,0,BENIGN,1.0,1.1289657354354858,1.0,True,3,DoS Hulk,0.9948399662971497,3,DoS Hulk,0.8658624887466431,0.7515038251876831,3,DoS Hulk,0.9948399662971497,HIGH,DEEP_ANALYSIS,FedProx70 MLP,True,False,False,False,True,False,False,False,False,RF BENIGN only
175,42755,3,DoS Hulk,1,1,True,3,DoS Hulk,0.7270105481147766,0.1762087643146515,0.19100740551948547,False,0,BENIGN,0.999047577381134,0,BENIGN,0.98405522108078,0.17991964519023895,3,DoS Hulk,0.7270105481147766,NORMAL,DEEP_ANALYSIS,Random Forest,True,False,False,False,False,True,True,True,False,FedProx+CNN BENIGN
176,42766,3,DoS Hulk,2,1,False,0,BENIGN,1.0,0.024004589766263962,0.03661011531949043,False,0,BENIGN,0.9124236106872559,3,DoS Hulk,0.5181409120559692,0.21311375498771667,3,DoS Hulk,0.5181409120559692,LOW,DEEP_ANALYSIS,CNN-BiLSTM,True,False,False,False,True,True,False,False,False,FedProx BENIGN only/global disagreement
177,42780,3,DoS Hulk,3,1,False,0,BENIGN,0.999783456325531,0.061372239142656326,0.10301199555397034,False,0,BENIGN,0.9947094917297363,0,BENIGN,0.9010849595069885,0.05170252546668053,0,BENIGN,0.999783456325531,NORMAL,DEEP_ANALYSIS,Random Forest,False,True,False,False,True,True,True,True,True,RF+FedProx+CNN all BENIGN
178,42823,3,DoS Hulk,4,1,False,0,BENIGN,0.7462803721427917,1.2355704307556152,1.0,True,3,DoS Hulk,0.974276602268219,3,DoS Hulk,0.9645757079124451,0.8306283950805664,3,DoS Hulk,0.974276602268219,CRITICAL,DEEP_ANALYSIS,FedProx70 MLP,True,False,False,False,True,False,False,False,False,RF BENIGN only
179,42858,3,DoS Hulk,5,1,False,0,BENIGN,1.0,2.154299736022949,1.0,True,3,DoS Hulk,0.933748722076416,3,DoS Hulk,0.9563159942626953,0.7648352384567261,3,DoS Hulk,0.9563159942626953,HIGH,DEEP_ANALYSIS,CNN-BiLSTM,True,False,False,False,True,False,False,False,False,RF BENIGN only
180,42928,3,DoS Hulk,1,1,True,3,DoS Hulk,0.7270105481147766,0.1762087643146515,0.19100740551948547,False,0,BENIGN,0.999047577381134,0,BENIGN,0.9455441832542419,0.19339850544929504,3,DoS Hulk,0.7270105481147766,NORMAL,DEEP_ANALYSIS,Random Forest,True,False,False,False,False,True,True,True,False,FedProx+CNN BENIGN
181,42937,3,DoS Hulk,2,1,False,0,BENIGN,1.0,0.04806293174624443,0.07330220937728882,False,0,BENIGN,0.9947094917297363,0,BENIGN,0.9022552371025085,0.04679315164685249,0,BENIGN,1.0,NORMAL,DEEP_ANALYSIS,Random Forest,False,True,False,False,True,True,True,True,True,RF+FedProx+CNN all BENIGN
182,42992,3,DoS Hulk,3,1,False,0,BENIGN,0.9761192202568054,0.8434739708900452,1.0,True,3,DoS Hulk,0.9749559760093689,3,DoS Hulk,0.9679428339004517,0.7860429286956787,3,DoS Hulk,0.9749559760093689,HIGH,DEEP_ANALYSIS,FedProx70 MLP,True,False,False,False,True,False,False,False,False,RF BENIGN only
183,43010,3,DoS Hulk,4,1,False,0,BENIGN,0.7419997453689575,0.9673892855644226,1.0,True,3,DoS Hulk,0.9874245524406433,3,DoS Hulk,0.9443014860153198,0.8283329010009766,3,DoS Hulk,0.9874245524406433,CRITICAL,DEEP_ANALYSIS,FedProx70 MLP,True,False,False,False,True,False,False,False,False,RF BENIGN only
184,43020,3,DoS Hulk,5,1,False,0,BENIGN,0.9971354603767395,0.028867395594716072,0.025657182559370995,False,0,BENIGN,0.9364258646965027,0,BENIGN,0.8791640400886536,0.06578630954027176,0,BENIGN,0.9971354603767395,NORMAL,DEEP_ANALYSIS,Random Forest,False,True,False,False,True,True,True,True,True,RF+FedProx+CNN all BENIGN
185,43075,3,DoS Hulk,1,1,True,3,DoS Hulk,0.9154649972915649,0.021576184779405594,0.023388229310512543,False,0,BENIGN,0.9121460914611816,3,DoS Hulk,0.821807324886322,0.5005899667739868,3,DoS Hulk,0.9154649972915649,MEDIUM,DEEP_ANALYSIS,Random Forest,True,False,False,False,False,True,False,False,False,FedProx BENIGN only/global disagreement
186,43111,3,DoS Hulk,2,1,False,0,BENIGN,0.978839099407196,0.02398301102221012,0.03657720610499382,False,0,BENIGN,0.9166991114616394,1,DDoS,0.7417086362838745,0.29430705308914185,1,DDoS,0.7417086362838745,LOW,DEEP_ANALYSIS,CNN-BiLSTM,False,False,True,False,True,True,False,False,False,FedProx BENIGN only/global disagreement
187,43213,3,DoS Hulk,3,1,False,0,BENIGN,1.0,0.23509164154529572,0.39459630846977234,False,0,BENIGN,0.9655697345733643,0,BENIGN,0.9966027736663818,0.07070755958557129,0,BENIGN,1.0,NORMAL,DEEP_ANALYSIS,Random Forest,False,True,False,False,True,True,True,True,True,RF+FedProx+CNN all BENIGN
188,43219,3,DoS Hulk,4,1,False,0,BENIGN,1.0,0.06634632498025894,0.07706379890441895,False,0,BENIGN,0.9947178959846497,0,BENIGN,0.970091700553894,0.02361210621893406,0,BENIGN,1.0,NORMAL,DEEP_ANALYSIS,Random Forest,False,True,False,False,True,True,True,True,True,RF+FedProx+CNN all BENIGN
189,43243,3,DoS Hulk,5,1,False,0,BENIGN,1.0,0.06898996978998184,0.06131790950894356,False,0,BENIGN,0.9947094917297363,0,BENIGN,0.860027015209198,0.05977538228034973,0,BENIGN,1.0,NORMAL,DEEP_ANALYSIS,Random Forest,False,True,False,False,True,True,True,True,True,RF+FedProx+CNN all BENIGN
190,43248,3,DoS Hulk,1,1,True,3,DoS Hulk,1.0,0.38648009300231934,0.4189380705356598,False,0,BENIGN,0.9768623113632202,0,BENIGN,0.9994427561759949,,3,DoS Hulk,1.0,HIGH,FAST_ATTACK_PATH,Random Forest,True,False,False,False,False,True,True,True,False,FedProx+CNN BENIGN
191,43356,3,DoS Hulk,2,1,False,0,BENIGN,1.0,0.024037158116698265,0.036659788340330124,False,0,BENIGN,0.9287742376327515,0,BENIGN,0.8088429570198059,0.09377165883779526,0,BENIGN,1.0,NORMAL,DEEP_ANALYSIS,Random Forest,False,True,False,False,True,True,True,True,True,RF+FedProx+CNN all BENIGN
192,43377,3,DoS Hulk,3,1,False,0,BENIGN,0.999783456325531,0.06138511374592781,0.10303360968828201,False,0,BENIGN,0.9947178959846497,0,BENIGN,0.9369370341300964,0.0391550213098526,0,BENIGN,0.999783456325531,NORMAL,DEEP_ANALYSIS,Random Forest,False,True,False,False,True,True,True,True,True,RF+FedProx+CNN all BENIGN
193,43415,3,DoS Hulk,4,1,False,0,BENIGN,1.0,0.02476058527827263,0.028760366141796112,False,0,BENIGN,0.9319038391113281,0,BENIGN,0.8583547472953796,0.07431874424219131,0,BENIGN,1.0,NORMAL,DEEP_ANALYSIS,Random Forest,False,True,False,False,True,True,True,True,True,RF+FedProx+CNN all BENIGN
194,43448,3,DoS Hulk,5,1,False,0,BENIGN,1.0,0.2518613040447235,0.2238529473543167,False,0,BENIGN,0.999047577381134,0,BENIGN,0.9646898508071899,0.046222224831581116,0,BENIGN,1.0,NORMAL,DEEP_ANALYSIS,Random Forest,False,True,False,False,True,True,True,True,True,RF+FedProx+CNN all BENIGN
195,43471,3,DoS Hulk,1,1,True,3,DoS Hulk,0.9571645259857178,0.021579017862677574,0.023391300812363625,False,0,BENIGN,0.9124190211296082,3,DoS Hulk,0.6475318074226379,,3,DoS Hulk,0.9571645259857178,HIGH,FAST_ATTACK_PATH,Random Forest,True,False,False,False,False,True,False,False,False,FedProx BENIGN only/global disagreement
196,43509,3,DoS Hulk,2,1,False,0,BENIGN,0.9757389426231384,0.023988479748368263,0.036585547029972076,False,0,BENIGN,0.9122028946876526,0,BENIGN,0.6784059405326843,0.14923709630966187,0,BENIGN,0.9757389426231384,NORMAL,DEEP_ANALYSIS,Random Forest,False,True,False,False,True,True,True,True,True,RF+FedProx+CNN all BENIGN
197,43524,3,DoS Hulk,3,1,False,0,BENIGN,1.0,0.23505717515945435,0.3945384621620178,False,0,BENIGN,0.965579628944397,0,BENIGN,0.9991523027420044,0.06980357319116592,0,BENIGN,1.0,NORMAL,DEEP_ANALYSIS,Random Forest,False,True,False,False,True,True,True,True,True,RF+FedProx+CNN all BENIGN
198,43567,3,DoS Hulk,4,1,False,0,BENIGN,1.0,0.06634867936372757,0.07706652581691742,False,0,BENIGN,0.9946905970573425,0,BENIGN,0.9749240279197693,0.021929390728473663,0,BENIGN,1.0,NORMAL,DEEP_ANALYSIS,Random Forest,False,True,False,False,True,True,True,True,True,RF+FedProx+CNN all BENIGN
199,43604,3,DoS Hulk,5,1,False,0,BENIGN,0.9950180649757385,0.08293591439723969,0.07371298968791962,False,0,BENIGN,0.9340924620628357,0,BENIGN,0.9999037981033325,0.03185926750302315,0,BENIGN,0.9999037981033325,NORMAL,DEEP_ANALYSIS,CNN-BiLSTM,False,True,False,False,True,True,True,True,True,RF+FedProx+CNN all BENIGN
200,366,1,DDoS,1,2,False,3,DoS Hulk,0.7324128150939941,1.9901779890060425,1.0,True,1,DDoS,0.6903324723243713,1,DDoS,0.9368554949760437,0.8314816951751709,1,DDoS,0.9368554949760437,CRITICAL,DEEP_ANALYSIS,CNN-BiLSTM,True,False,False,False,False,False,False,False,False,No supervised BENIGN vote
201,368,1,DDoS,2,2,True,1,DDoS,1.0,0.161073237657547,0.24565760791301727,False,1,DDoS,0.8371779918670654,1,DDoS,0.96198970079422,,1,DDoS,1.0,HIGH,FAST_ATTACK_PATH,Random Forest,True,False,False,False,False,False,False,False,False,No supervised BENIGN vote
202,382,1,DDoS,3,2,False,5,PortScan,0.7234699130058289,0.9331780076026917,1.0,True,1,DDoS,0.7634755969047546,1,DDoS,0.8712003827095032,0.828656792640686,1,DDoS,0.8712003827095032,CRITICAL,DEEP_ANALYSIS,CNN-BiLSTM,True,False,False,False,False,False,False,False,False,No supervised BENIGN vote
203,391,1,DDoS,4,2,False,0,BENIGN,0.9365575909614563,1.6612184047698975,1.0,True,1,DDoS,0.6994830369949341,1,DDoS,0.9598933458328247,0.70849609375,1,DDoS,0.9598933458328247,HIGH,DEEP_ANALYSIS,CNN-BiLSTM,True,False,False,False,True,False,False,False,False,RF BENIGN only
204,392,1,DDoS,5,2,False,0,BENIGN,1.0,2.6501853466033936,1.0,True,1,DDoS,0.7185146808624268,1,DDoS,0.9475076198577881,0.6971820592880249,1,DDoS,0.9475076198577881,HIGH,DEEP_ANALYSIS,CNN-BiLSTM,True,False,False,False,True,False,False,False,False,RF BENIGN only
205,401,1,DDoS,1,2,False,3,DoS Hulk,0.6653764247894287,0.9251332879066467,1.0,True,1,DDoS,0.7622084021568298,1,DDoS,0.9427010416984558,0.8416831493377686,1,DDoS,0.9427010416984558,CRITICAL,DEEP_ANALYSIS,CNN-BiLSTM,True,False,False,False,False,False,False,False,False,No supervised BENIGN vote
206,407,1,DDoS,2,2,True,1,DDoS,1.0,0.5812568068504333,0.8864920735359192,True,3,DoS Hulk,0.49105584621429443,1,DDoS,0.9705258011817932,,1,DDoS,1.0,HIGH,FAST_ATTACK_PATH,Random Forest,True,False,False,False,False,False,False,False,False,No supervised BENIGN vote
207,454,1,DDoS,3,2,False,0,BENIGN,0.7450820207595825,0.6888993382453918,1.0,True,1,DDoS,0.8346648812294006,1,DDoS,0.9672565460205078,0.789922833442688,1,DDoS,0.9672565460205078,HIGH,DEEP_ANALYSIS,CNN-BiLSTM,True,False,False,False,True,False,False,False,False,RF BENIGN only
208,468,1,DDoS,4,2,False,0,BENIGN,0.9553000330924988,0.7359573841094971,0.8548426628112793,True,1,DDoS,0.7971086502075195,1,DDoS,0.8750187754631042,0.6825555562973022,1,DDoS,0.8750187754631042,HIGH,DEEP_ANALYSIS,CNN-BiLSTM,True,False,False,False,True,False,False,False,False,RF BENIGN only
209,475,1,DDoS,5,2,False,0,BENIGN,0.9951396584510803,1.9386180639266968,1.0,True,1,DDoS,0.7199738025665283,1,DDoS,0.9436885714530945,0.6972552537918091,1,DDoS,0.9436885714530945,HIGH,DEEP_ANALYSIS,CNN-BiLSTM,True,False,False,False,True,False,False,False,False,RF BENIGN only
210,476,1,DDoS,1,2,False,3,DoS Hulk,0.6675940752029419,0.9224103093147278,0.9998776316642761,True,1,DDoS,0.7573570013046265,1,DDoS,0.9146440029144287,0.8308329582214355,1,DDoS,0.9146440029144287,CRITICAL,DEEP_ANALYSIS,CNN-BiLSTM,True,False,False,False,False,False,False,False,False,No supervised BENIGN vote
211,481,1,DDoS,2,2,True,1,DDoS,1.0,0.18399293720722198,0.28061312437057495,False,1,DDoS,0.9248633980751038,1,DDoS,0.9795366525650024,,1,DDoS,1.0,HIGH,FAST_ATTACK_PATH,Random Forest,True,False,False,False,False,False,False,False,False,No supervised BENIGN vote
212,505,1,DDoS,3,2,False,0,BENIGN,0.5836164951324463,0.6519027948379517,1.0,True,3,DoS Hulk,0.7036504745483398,1,DDoS,0.9504384994506836,0.7770253419876099,1,DDoS,0.9504384994506836,HIGH,DEEP_ANALYSIS,CNN-BiLSTM,True,False,False,False,True,False,False,False,False,RF BENIGN only
213,532,1,DDoS,4,2,False,0,BENIGN,0.9751198291778564,0.32315775752067566,0.3753601014614105,False,1,DDoS,0.8760853409767151,1,DDoS,0.965732216835022,0.6621119379997253,1,DDoS,0.965732216835022,HIGH,DEEP_ANALYSIS,CNN-BiLSTM,True,False,False,False,True,False,False,False,False,RF BENIGN only
214,539,1,DDoS,5,2,False,0,BENIGN,1.0,1.0361698865890503,0.9209421277046204,True,1,DDoS,0.7928687930107117,1,DDoS,0.8922078609466553,0.6882747411727905,1,DDoS,0.8922078609466553,HIGH,DEEP_ANALYSIS,CNN-BiLSTM,True,False,False,False,True,False,False,False,False,RF BENIGN only
215,580,1,DDoS,1,2,False,3,DoS Hulk,0.7403386235237122,1.045995831489563,1.0,True,1,DDoS,0.5333340167999268,1,DDoS,0.9461283683776855,0.7892128229141235,1,DDoS,0.9461283683776855,HIGH,DEEP_ANALYSIS,CNN-BiLSTM,True,False,False,False,False,False,False,False,False,No supervised BENIGN vote
216,595,1,DDoS,2,2,True,1,DDoS,1.0,0.8405134081840515,1.0,True,1,DDoS,0.7551591992378235,1,DDoS,0.9362462162971497,,1,DDoS,1.0,HIGH,FAST_ATTACK_PATH,Random Forest,True,False,False,False,False,False,False,False,False,No supervised BENIGN vote
217,597,1,DDoS,3,2,False,5,PortScan,0.7049485445022583,0.6755263209342957,1.0,True,1,DDoS,0.778558075428009,1,DDoS,0.9405426979064941,0.8537470102310181,1,DDoS,0.9405426979064941,CRITICAL,DEEP_ANALYSIS,CNN-BiLSTM,True,False,False,False,False,False,False,False,False,No supervised BENIGN vote
218,600,1,DDoS,4,2,False,0,BENIGN,0.9551190137863159,0.3451094329357147,0.4008578062057495,False,1,DDoS,0.8738313317298889,1,DDoS,0.9743582606315613,0.6722797155380249,1,DDoS,0.9743582606315613,HIGH,DEEP_ANALYSIS,CNN-BiLSTM,True,False,False,False,True,False,False,False,False,RF BENIGN only
219,602,1,DDoS,5,2,False,0,BENIGN,0.9951396584510803,1.731581449508667,1.0,True,1,DDoS,0.6567389369010925,1,DDoS,0.9670666456222534,0.6864670515060425,1,DDoS,0.9670666456222534,HIGH,DEEP_ANALYSIS,CNN-BiLSTM,True,False,False,False,True,False,False,False,False,RF BENIGN only
220,607,1,DDoS,1,2,False,3,DoS Hulk,0.6447739005088806,0.3865100145339966,0.4189704954624176,False,1,DDoS,0.8237181305885315,1,DDoS,0.9519384503364563,0.7720942497253418,1,DDoS,0.9519384503364563,HIGH,DEEP_ANALYSIS,CNN-BiLSTM,True,False,False,False,False,False,False,False,False,No supervised BENIGN vote
221,612,1,DDoS,2,2,True,1,DDoS,1.0,0.16189344227313995,0.2469085156917572,False,1,DDoS,0.8404309153556824,1,DDoS,0.9493385553359985,,1,DDoS,1.0,HIGH,FAST_ATTACK_PATH,Random Forest,True,False,False,False,False,False,False,False,False,No supervised BENIGN vote
222,620,1,DDoS,3,2,False,0,BENIGN,0.5629318356513977,1.5628368854522705,1.0,True,1,DDoS,0.717272937297821,1,DDoS,0.9718114137649536,0.7927294969558716,1,DDoS,0.9718114137649536,HIGH,DEEP_ANALYSIS,CNN-BiLSTM,True,False,False,False,True,False,False,False,False,RF BENIGN only
223,628,1,DDoS,4,2,False,0,BENIGN,0.9450611472129822,0.8946121335029602,1.0,True,1,DDoS,0.7709667682647705,1,DDoS,0.926303505897522,0.7164840698242188,1,DDoS,0.926303505897522,HIGH,DEEP_ANALYSIS,CNN-BiLSTM,True,False,False,False,True,False,False,False,False,RF BENIGN only
224,631,1,DDoS,5,2,False,0,BENIGN,1.0,0.7001323699951172,0.622273862361908,False,1,DDoS,0.8476248979568481,1,DDoS,0.9534406065940857,0.6813328266143799,1,DDoS,0.9534406065940857,HIGH,DEEP_ANALYSIS,CNN-BiLSTM,True,False,False,False,True,False,False,False,False,RF BENIGN only
225,635,1,DDoS,1,2,False,3,DoS Hulk,0.730244517326355,0.9333556294441223,1.0,True,1,DDoS,0.7400990724563599,1,DDoS,0.9272754192352295,0.8426250219345093,1,DDoS,0.9272754192352295,CRITICAL,DEEP_ANALYSIS,CNN-BiLSTM,True,False,False,False,False,False,False,False,False,No supervised BENIGN vote
226,650,1,DDoS,2,2,True,1,DDoS,1.0,0.2242620587348938,0.34202873706817627,False,1,DDoS,0.8775650262832642,1,DDoS,0.9510758519172668,,1,DDoS,1.0,HIGH,FAST_ATTACK_PATH,Random Forest,True,False,False,False,False,False,False,False,False,No supervised BENIGN vote
227,651,1,DDoS,3,2,False,5,PortScan,0.6432560086250305,0.14040467143058777,0.23566624522209167,False,1,DDoS,0.9241100549697876,1,DDoS,0.9631554484367371,0.778338611125946,1,DDoS,0.9631554484367371,HIGH,DEEP_ANALYSIS,CNN-BiLSTM,True,False,False,False,False,False,False,False,False,No supervised BENIGN vote
228,654,1,DDoS,4,2,False,0,BENIGN,0.9415575861930847,2.2858381271362305,1.0,True,1,DDoS,0.7000043988227844,1,DDoS,0.9518005847930908,0.7048200368881226,1,DDoS,0.9518005847930908,HIGH,DEEP_ANALYSIS,CNN-BiLSTM,True,False,False,False,True,False,False,False,False,RF BENIGN only
229,675,1,DDoS,5,2,False,0,BENIGN,1.0,1.4377671480178833,1.0,True,1,DDoS,0.754806637763977,1,DDoS,0.9542887806892395,0.7104430198669434,1,DDoS,0.9542887806892395,HIGH,DEEP_ANALYSIS,CNN-BiLSTM,True,False,False,False,True,False,False,False,False,RF BENIGN only
230,692,1,DDoS,1,2,False,3,DoS Hulk,0.7380825877189636,0.6855882406234741,0.7431663870811462,True,3,DoS Hulk,0.6902797818183899,1,DDoS,0.9581708908081055,0.8015352487564087,1,DDoS,0.9581708908081055,CRITICAL,DEEP_ANALYSIS,CNN-BiLSTM,True,False,False,False,False,False,False,False,False,No supervised BENIGN vote
231,693,1,DDoS,2,2,True,1,DDoS,1.0,0.6064826846122742,0.9249648451805115,True,3,DoS Hulk,0.9127067923545837,1,DDoS,0.9489670991897583,,1,DDoS,1.0,HIGH,FAST_ATTACK_PATH,Random Forest,True,False,False,False,False,False,False,False,False,No supervised BENIGN vote
232,697,1,DDoS,3,2,False,0,BENIGN,0.8042287826538086,0.6302971243858337,1.0,True,3,DoS Hulk,0.9606955647468567,1,DDoS,0.9568187594413757,0.8122494220733643,3,DoS Hulk,0.9606955647468567,CRITICAL,DEEP_ANALYSIS,FedProx70 MLP,False,False,True,False,True,False,False,False,False,RF BENIGN only
233,716,1,DDoS,4,2,False,0,BENIGN,0.950180172920227,0.46295303106307983,0.5377376675605774,False,1,DDoS,0.8052012920379639,1,DDoS,0.9686617851257324,0.671216607093811,1,DDoS,0.9686617851257324,HIGH,DEEP_ANALYSIS,CNN-BiLSTM,True,False,False,False,True,False,False,False,False,RF BENIGN only
234,721,1,DDoS,5,2,False,0,BENIGN,1.0,0.6874090433120728,0.6109654307365417,False,1,DDoS,0.8216337561607361,1,DDoS,0.9020328521728516,0.6538464426994324,1,DDoS,0.9020328521728516,HIGH,DEEP_ANALYSIS,CNN-BiLSTM,True,False,False,False,True,False,False,False,False,RF BENIGN only
235,734,1,DDoS,1,2,False,3,DoS Hulk,0.6675940752029419,0.3107335865497589,0.3368300795555115,False,1,DDoS,0.8046809434890747,1,DDoS,0.908124566078186,0.7432911992073059,1,DDoS,0.908124566078186,HIGH,DEEP_ANALYSIS,CNN-BiLSTM,True,False,False,False,False,False,False,False,False,No supervised BENIGN vote
236,743,1,DDoS,2,2,True,1,DDoS,1.0,0.14982378482818604,0.22850072383880615,False,1,DDoS,0.8959637880325317,1,DDoS,0.9144719839096069,,1,DDoS,1.0,HIGH,FAST_ATTACK_PATH,Random Forest,True,False,False,False,False,False,False,False,False,No supervised BENIGN vote
237,767,1,DDoS,3,2,False,0,BENIGN,0.7450820207595825,1.2311534881591797,1.0,True,1,DDoS,0.6538137197494507,1,DDoS,0.9420626163482666,0.7268495559692383,1,DDoS,0.9420626163482666,HIGH,DEEP_ANALYSIS,CNN-BiLSTM,True,False,False,False,True,False,False,False,False,RF BENIGN only
238,769,1,DDoS,4,2,False,0,BENIGN,0.9116774201393127,2.0312414169311523,1.0,True,1,DDoS,0.7004372477531433,1,DDoS,0.9507884979248047,0.7105716466903687,1,DDoS,0.9507884979248047,HIGH,DEEP_ANALYSIS,CNN-BiLSTM,True,False,False,False,True,False,False,False,False,RF BENIGN only
239,786,1,DDoS,5,2,False,0,BENIGN,1.0,1.4432594776153564,1.0,True,1,DDoS,0.7619181275367737,1,DDoS,0.9362549185752869,0.7062647342681885,1,DDoS,0.9362549185752869,HIGH,DEEP_ANALYSIS,CNN-BiLSTM,True,False,False,False,True,False,False,False,False,RF BENIGN only
240,802,1,DDoS,1,2,False,3,DoS Hulk,0.6625940799713135,0.16676120460033417,0.18076640367507935,False,1,DDoS,0.9110909104347229,1,DDoS,0.9271100163459778,0.7574496269226074,1,DDoS,0.9271100163459778,HIGH,DEEP_ANALYSIS,CNN-BiLSTM,True,False,False,False,False,False,False,False,False,No supervised BENIGN vote
241,804,1,DDoS,2,2,True,1,DDoS,1.0,1.7905001640319824,1.0,True,1,DDoS,0.6723697185516357,1,DDoS,0.9035415649414062,,1,DDoS,1.0,HIGH,FAST_ATTACK_PATH,Random Forest,True,False,False,False,False,False,False,False,False,No supervised BENIGN vote
242,813,1,DDoS,3,2,False,0,BENIGN,0.7049923539161682,0.7069617509841919,1.0,True,3,DoS Hulk,0.5843886733055115,1,DDoS,0.9555109143257141,0.7187469005584717,1,DDoS,0.9555109143257141,HIGH,DEEP_ANALYSIS,CNN-BiLSTM,True,False,False,False,True,False,False,False,False,RF BENIGN only
243,865,1,DDoS,4,2,False,0,BENIGN,0.9111028909683228,2.467994451522827,1.0,True,1,DDoS,0.6773871183395386,1,DDoS,0.9178522825241089,0.6922438144683838,1,DDoS,0.9178522825241089,HIGH,DEEP_ANALYSIS,CNN-BiLSTM,True,False,False,False,True,False,False,False,False,RF BENIGN only
244,888,1,DDoS,5,2,False,0,BENIGN,1.0,3.260213851928711,1.0,True,1,DDoS,0.6855100989341736,1,DDoS,0.9200677275657654,0.6776766777038574,1,DDoS,0.9200677275657654,HIGH,DEEP_ANALYSIS,CNN-BiLSTM,True,False,False,False,True,False,False,False,False,RF BENIGN only
245,896,1,DDoS,1,2,False,3,DoS Hulk,0.6447739005088806,0.6720446348190308,0.7284853458404541,True,1,DDoS,0.777204155921936,1,DDoS,0.9597424864768982,0.8072987794876099,1,DDoS,0.9597424864768982,CRITICAL,DEEP_ANALYSIS,CNN-BiLSTM,True,False,False,False,False,False,False,False,False,No supervised BENIGN vote
246,903,1,DDoS,2,2,True,1,DDoS,1.0,1.9023452997207642,1.0,True,1,DDoS,0.6645591855049133,1,DDoS,0.9016410708427429,,1,DDoS,1.0,HIGH,FAST_ATTACK_PATH,Random Forest,True,False,False,False,False,False,False,False,False,No supervised BENIGN vote
247,917,1,DDoS,3,2,False,0,BENIGN,0.541824460029602,1.9851356744766235,1.0,True,1,DDoS,0.728047251701355,1,DDoS,0.9695651531219482,0.7993971109390259,1,DDoS,0.9695651531219482,HIGH,DEEP_ANALYSIS,CNN-BiLSTM,True,False,False,False,True,False,False,False,False,RF BENIGN only
248,928,1,DDoS,4,2,False,0,BENIGN,0.9550611972808838,0.5770705938339233,0.6702895760536194,False,1,DDoS,0.8087804913520813,1,DDoS,0.903317391872406,0.6683264374732971,1,DDoS,0.903317391872406,HIGH,DEEP_ANALYSIS,CNN-BiLSTM,True,False,False,False,True,False,False,False,False,RF BENIGN only
249,930,1,DDoS,5,2,False,0,BENIGN,1.0,0.6841391921043396,0.6080591678619385,False,1,DDoS,0.8002952933311462,1,DDoS,0.954087495803833,0.6652280688285828,1,DDoS,0.954087495803833,HIGH,DEEP_ANALYSIS,CNN-BiLSTM,True,False,False,False,True,False,False,False,False,RF BENIGN only
250,947,1,DDoS,1,2,False,0,BENIGN,0.9669551253318787,0.030882904306054115,0.033476561307907104,False,1,DDoS,0.7005022764205933,1,DDoS,0.9680072069168091,0.5605837106704712,1,DDoS,0.9680072069168091,MEDIUM,DEEP_ANALYSIS,CNN-BiLSTM,True,False,False,False,True,False,False,False,False,RF BENIGN only
251,974,1,DDoS,2,2,True,1,DDoS,0.9999987483024597,0.023367399349808693,0.035638317465782166,False,0,BENIGN,0.972429633140564,1,DDoS,0.9754778146743774,,1,DDoS,0.9999987483024597,HIGH,FAST_ATTACK_PATH,Random Forest,True,False,False,False,False,True,False,False,False,FedProx BENIGN only/global disagreement
252,976,1,DDoS,3,2,False,0,BENIGN,1.0,0.02635052613914013,0.044228799641132355,False,0,BENIGN,0.972625732421875,1,DDoS,0.953475832939148,0.34856313467025757,1,DDoS,0.953475832939148,LOW,DEEP_ANALYSIS,CNN-BiLSTM,True,False,False,False,True,True,False,False,False,FedProx BENIGN only/global disagreement
253,988,1,DDoS,4,2,False,0,BENIGN,0.9950610399246216,0.03894831985235214,0.04523996636271477,False,1,DDoS,0.8502253293991089,1,DDoS,0.9735198020935059,0.6035733222961426,1,DDoS,0.9735198020935059,HIGH,DEEP_ANALYSIS,CNN-BiLSTM,True,False,False,False,True,False,False,False,False,RF BENIGN only
254,1000,1,DDoS,5,2,False,0,BENIGN,1.0,0.7029955387115479,0.6248186230659485,False,1,DDoS,0.8594335913658142,1,DDoS,0.9313285946846008,0.6775178909301758,1,DDoS,0.9313285946846008,HIGH,DEEP_ANALYSIS,CNN-BiLSTM,True,False,False,False,True,False,False,False,False,RF BENIGN only
255,1013,1,DDoS,1,2,False,0,BENIGN,0.9280919432640076,0.022672297433018684,0.024576397612690926,False,0,BENIGN,0.9466765522956848,1,DDoS,0.9713284373283386,0.37403005361557007,1,DDoS,0.9713284373283386,LOW,DEEP_ANALYSIS,CNN-BiLSTM,True,False,False,False,True,True,False,False,False,FedProx BENIGN only/global disagreement
256,1014,1,DDoS,2,2,True,1,DDoS,0.9999999403953552,0.030047278851270676,0.04582600295543671,False,0,BENIGN,0.9663630127906799,1,DDoS,0.9487970471382141,,1,DDoS,0.9999999403953552,HIGH,FAST_ATTACK_PATH,Random Forest,True,False,False,False,False,True,False,False,False,FedProx BENIGN only/global disagreement
257,1020,1,DDoS,3,2,False,0,BENIGN,1.0,0.029021145775914192,0.048711374402046204,False,0,BENIGN,0.9447817206382751,1,DDoS,0.9719318747520447,0.3640483319759369,1,DDoS,0.9719318747520447,LOW,DEEP_ANALYSIS,CNN-BiLSTM,True,False,False,False,True,True,False,False,False,FedProx BENIGN only/global disagreement
258,1021,1,DDoS,4,2,False,0,BENIGN,0.9451197981834412,0.32302671670913696,0.37520790100097656,False,1,DDoS,0.8739267587661743,1,DDoS,0.9554333090782166,0.6638369560241699,1,DDoS,0.9554333090782166,HIGH,DEEP_ANALYSIS,CNN-BiLSTM,True,False,False,False,True,False,False,False,False,RF BENIGN only
259,1026,1,DDoS,5,2,False,0,BENIGN,1.0,0.029281944036483765,0.02602563239634037,False,0,BENIGN,0.9473954439163208,1,DDoS,0.9742087125778198,0.3606582581996918,1,DDoS,0.9742087125778198,LOW,DEEP_ANALYSIS,CNN-BiLSTM,True,False,False,False,True,True,False,False,False,FedProx BENIGN only/global disagreement
260,1030,1,DDoS,1,2,False,0,BENIGN,0.8779888153076172,0.0205550417304039,0.022281326353549957,False,0,BENIGN,0.9719306230545044,1,DDoS,0.9563075304031372,0.3708728849887848,1,DDoS,0.9563075304031372,LOW,DEEP_ANALYSIS,CNN-BiLSTM,True,False,False,False,True,True,False,False,False,FedProx BENIGN only/global disagreement
261,1038,1,DDoS,2,2,True,1,DDoS,0.9999999403953552,0.10375390201807022,0.15823817253112793,False,0,BENIGN,0.48203936219215393,1,DDoS,0.929153323173523,,1,DDoS,0.9999999403953552,HIGH,FAST_ATTACK_PATH,Random Forest,True,False,False,False,False,True,False,False,False,FedProx BENIGN only/global disagreement
262,1060,1,DDoS,3,2,False,5,PortScan,0.692279040813446,0.16339881718158722,0.2742614150047302,False,1,DDoS,0.9164009690284729,1,DDoS,0.9390852451324463,0.7831951379776001,1,DDoS,0.9390852451324463,HIGH,DEEP_ANALYSIS,CNN-BiLSTM,True,False,False,False,False,False,False,False,False,No supervised BENIGN vote
263,1061,1,DDoS,4,2,False,0,BENIGN,0.9702391624450684,0.27051475644111633,0.31421324610710144,False,1,DDoS,0.9120444059371948,1,DDoS,0.9487627148628235,0.6587644815444946,1,DDoS,0.9487627148628235,HIGH,DEEP_ANALYSIS,CNN-BiLSTM,True,False,False,False,True,False,False,False,False,RF BENIGN only
264,1077,1,DDoS,5,2,False,0,BENIGN,1.0,0.02882996015250683,0.02562391199171543,False,0,BENIGN,0.9466387629508972,1,DDoS,0.9786282777786255,0.3623718321323395,1,DDoS,0.9786282777786255,LOW,DEEP_ANALYSIS,CNN-BiLSTM,True,False,False,False,True,True,False,False,False,FedProx BENIGN only/global disagreement
265,1096,1,DDoS,1,2,False,3,DoS Hulk,0.6603764295578003,0.12616050243377686,0.13675591349601746,False,1,DDoS,0.8601410388946533,1,DDoS,0.9762206077575684,0.7523082494735718,1,DDoS,0.9762206077575684,HIGH,DEEP_ANALYSIS,CNN-BiLSTM,True,False,False,False,False,False,False,False,False,No supervised BENIGN vote
266,1104,1,DDoS,2,2,True,1,DDoS,0.9999999403953552,0.06272902339696884,0.09566991031169891,False,1,DDoS,0.6630407571792603,1,DDoS,0.946389377117157,,1,DDoS,0.9999999403953552,HIGH,FAST_ATTACK_PATH,Random Forest,True,False,False,False,False,False,False,False,False,No supervised BENIGN vote
267,1120,1,DDoS,3,2,False,0,BENIGN,0.9856324195861816,0.0369134359061718,0.06195841729640961,False,1,DDoS,0.8056724071502686,1,DDoS,0.9036996960639954,0.5701638460159302,1,DDoS,0.9036996960639954,MEDIUM,DEEP_ANALYSIS,CNN-BiLSTM,True,False,False,False,True,False,False,False,False,RF BENIGN only
268,1123,1,DDoS,4,2,False,0,BENIGN,1.0,0.02543799951672554,0.029547208920121193,False,0,BENIGN,0.963854968547821,1,DDoS,0.8261464834213257,0.3044268488883972,1,DDoS,0.8261464834213257,LOW,DEEP_ANALYSIS,CNN-BiLSTM,True,False,False,False,True,True,False,False,False,FedProx BENIGN only/global disagreement
269,1185,1,DDoS,5,2,False,0,BENIGN,1.0,0.05299985408782959,0.04710598289966583,False,1,DDoS,0.682415783405304,1,DDoS,0.9728399515151978,0.5522845983505249,1,DDoS,0.9728399515151978,MEDIUM,DEEP_ANALYSIS,CNN-BiLSTM,True,False,False,False,True,False,False,False,False,RF BENIGN only
270,1331,1,DDoS,1,2,False,0,BENIGN,0.9274921417236328,0.031170140951871872,0.03378791734576225,False,1,DDoS,0.8305153846740723,1,DDoS,0.9284535050392151,0.593683123588562,1,DDoS,0.9284535050392151,MEDIUM,DEEP_ANALYSIS,CNN-BiLSTM,True,False,False,False,True,False,False,False,False,RF BENIGN only
271,1358,1,DDoS,2,2,True,1,DDoS,0.9999999403953552,0.07925672084093094,0.12087678909301758,False,1,DDoS,0.8471640944480896,1,DDoS,0.9438709616661072,,1,DDoS,0.9999999403953552,HIGH,FAST_ATTACK_PATH,Random Forest,True,False,False,False,False,False,False,False,False,No supervised BENIGN vote
272,1361,1,DDoS,3,2,False,0,BENIGN,0.9950000047683716,0.05512268468737602,0.09252224862575531,False,1,DDoS,0.6252061128616333,1,DDoS,0.9359476566314697,0.5300218462944031,1,DDoS,0.9359476566314697,MEDIUM,DEEP_ANALYSIS,CNN-BiLSTM,True,False,False,False,True,False,False,False,False,RF BENIGN only
273,1396,1,DDoS,4,2,False,0,BENIGN,0.9900000095367432,0.22620318830013275,0.26274365186691284,False,1,DDoS,0.8947190046310425,1,DDoS,0.9699491262435913,0.6493094563484192,1,DDoS,0.9699491262435913,HIGH,DEEP_ANALYSIS,CNN-BiLSTM,True,False,False,False,True,False,False,False,False,RF BENIGN only
274,1398,1,DDoS,5,2,False,0,BENIGN,1.0,1.2752206325531006,1.0,True,1,DDoS,0.7776932716369629,1,DDoS,0.8998187780380249,0.698244571685791,1,DDoS,0.8998187780380249,HIGH,DEEP_ANALYSIS,CNN-BiLSTM,True,False,False,False,True,False,False,False,False,RF BENIGN only
275,1417,1,DDoS,1,2,False,3,DoS Hulk,0.6603764295578003,0.12642017006874084,0.13703738152980804,False,1,DDoS,0.8612651228904724,1,DDoS,0.9767147898674011,0.7528606057167053,1,DDoS,0.9767147898674011,HIGH,DEEP_ANALYSIS,CNN-BiLSTM,True,False,False,False,False,False,False,False,False,No supervised BENIGN vote
276,1419,1,DDoS,2,2,True,1,DDoS,1.0,0.12460432201623917,0.1900377720594406,False,1,DDoS,0.8621991276741028,1,DDoS,0.9714351892471313,,1,DDoS,1.0,HIGH,FAST_ATTACK_PATH,Random Forest,True,False,False,False,False,False,False,False,False,No supervised BENIGN vote
277,1513,1,DDoS,3,2,False,0,BENIGN,0.9965046048164368,0.0589047446846962,0.09887035936117172,False,1,DDoS,0.9196142554283142,1,DDoS,0.8032577633857727,0.5725541114807129,1,DDoS,0.9196142554283142,MEDIUM,DEEP_ANALYSIS,FedProx70 MLP,True,False,False,False,True,False,False,False,False,RF BENIGN only
278,1520,1,DDoS,4,2,False,0,BENIGN,0.9950000047683716,0.034156158566474915,0.039673686027526855,False,1,DDoS,0.6722729206085205,1,DDoS,0.915358304977417,0.5290083289146423,1,DDoS,0.915358304977417,MEDIUM,DEEP_ANALYSIS,CNN-BiLSTM,True,False,False,False,True,False,False,False,False,RF BENIGN only
279,1525,1,DDoS,5,2,False,0,BENIGN,1.0,0.040522847324609756,0.03601648285984993,False,1,DDoS,0.7971891164779663,1,DDoS,0.893562912940979,0.557306170463562,1,DDoS,0.893562912940979,MEDIUM,DEEP_ANALYSIS,CNN-BiLSTM,True,False,False,False,True,False,False,False,False,RF BENIGN only
280,1535,1,DDoS,1,2,False,0,BENIGN,0.9274921417236328,0.045819561928510666,0.04966764897108078,False,1,DDoS,0.8521217107772827,1,DDoS,0.9316889047622681,0.603679358959198,1,DDoS,0.9316889047622681,HIGH,DEEP_ANALYSIS,CNN-BiLSTM,True,False,False,False,True,False,False,False,False,RF BENIGN only
281,1538,1,DDoS,2,2,True,1,DDoS,0.9999999403953552,0.06875257194042206,0.10485659539699554,False,1,DDoS,0.8538892269134521,1,DDoS,0.928466260433197,,1,DDoS,0.9999999403953552,HIGH,FAST_ATTACK_PATH,Random Forest,True,False,False,False,False,False,False,False,False,No supervised BENIGN vote
282,1543,1,DDoS,3,2,False,0,BENIGN,0.9956324100494385,0.04270075634121895,0.07167231291532516,False,1,DDoS,0.8377336263656616,1,DDoS,0.9144425988197327,0.5829993486404419,1,DDoS,0.9144425988197327,MEDIUM,DEEP_ANALYSIS,CNN-BiLSTM,True,False,False,False,True,False,False,False,False,RF BENIGN only
283,1563,1,DDoS,4,2,False,0,BENIGN,0.9950207471847534,0.030661003664135933,0.035613931715488434,False,1,DDoS,0.6967363357543945,1,DDoS,0.9090622067451477,0.533530592918396,1,DDoS,0.9090622067451477,MEDIUM,DEEP_ANALYSIS,CNN-BiLSTM,True,False,False,False,True,False,False,False,False,RF BENIGN only
284,1602,1,DDoS,5,2,False,0,BENIGN,1.0,3.197845220565796,1.0,True,1,DDoS,0.7011792659759521,1,DDoS,0.835349977016449,0.6527262926101685,1,DDoS,0.835349977016449,HIGH,DEEP_ANALYSIS,CNN-BiLSTM,True,False,False,False,True,False,False,False,False,RF BENIGN only
285,1613,1,DDoS,1,2,False,3,DoS Hulk,0.6675940752029419,0.5696569681167603,0.6174987554550171,False,1,DDoS,0.7934454083442688,1,DDoS,0.9338255524635315,0.7910162210464478,1,DDoS,0.9338255524635315,HIGH,DEEP_ANALYSIS,CNN-BiLSTM,True,False,False,False,False,False,False,False,False,No supervised BENIGN vote
286,1618,1,DDoS,2,2,True,1,DDoS,1.0,0.9862998127937317,1.0,True,3,DoS Hulk,0.8860536813735962,1,DDoS,0.9403578639030457,,1,DDoS,1.0,HIGH,FAST_ATTACK_PATH,Random Forest,True,False,False,False,False,False,False,False,False,No supervised BENIGN vote
287,1620,1,DDoS,3,2,False,0,BENIGN,0.5241006016731262,2.61362886428833,1.0,True,1,DDoS,0.6862043142318726,1,DDoS,0.9244877696037292,0.7746119499206543,1,DDoS,0.9244877696037292,HIGH,DEEP_ANALYSIS,CNN-BiLSTM,True,False,False,False,True,False,False,False,False,RF BENIGN only
288,1652,1,DDoS,4,2,False,0,BENIGN,0.926102876663208,1.0916738510131836,1.0,True,1,DDoS,0.8331483006477356,1,DDoS,0.8780310750007629,0.7220348119735718,1,DDoS,0.8780310750007629,HIGH,DEEP_ANALYSIS,CNN-BiLSTM,True,False,False,False,True,False,False,False,False,RF BENIGN only
289,1656,1,DDoS,5,2,False,0,BENIGN,1.0,2.6219828128814697,1.0,True,1,DDoS,0.6696481704711914,1,DDoS,0.877295732498169,0.6579480171203613,1,DDoS,0.877295732498169,HIGH,DEEP_ANALYSIS,CNN-BiLSTM,True,False,False,False,True,False,False,False,False,RF BENIGN only
290,1658,1,DDoS,1,2,False,3,DoS Hulk,0.6533086895942688,1.9012848138809204,1.0,True,1,DDoS,0.6683029532432556,1,DDoS,0.9040941596031189,0.7975856065750122,1,DDoS,0.9040941596031189,HIGH,DEEP_ANALYSIS,CNN-BiLSTM,True,False,False,False,False,False,False,False,False,No supervised BENIGN vote
291,1660,1,DDoS,2,2,True,1,DDoS,1.0,0.8146713972091675,1.0,True,3,DoS Hulk,0.7885158658027649,1,DDoS,0.9585832357406616,,1,DDoS,1.0,HIGH,FAST_ATTACK_PATH,Random Forest,True,False,False,False,False,False,False,False,False,No supervised BENIGN vote
292,1679,1,DDoS,3,2,False,5,PortScan,0.712418794631958,0.19986921548843384,0.33547621965408325,False,1,DDoS,0.8729674816131592,1,DDoS,0.9743580222129822,0.7957207560539246,1,DDoS,0.9743580222129822,HIGH,DEEP_ANALYSIS,CNN-BiLSTM,True,False,False,False,False,False,False,False,False,No supervised BENIGN vote
293,1680,1,DDoS,4,2,False,0,BENIGN,0.9403000473976135,0.7352150678634644,0.8539804220199585,True,1,DDoS,0.7917832136154175,1,DDoS,0.8983772993087769,0.6920040845870972,1,DDoS,0.8983772993087769,HIGH,DEEP_ANALYSIS,CNN-BiLSTM,True,False,False,False,True,False,False,False,False,RF BENIGN only
294,1696,1,DDoS,5,2,False,0,BENIGN,1.0,1.814491629600525,1.0,True,1,DDoS,0.6405386924743652,1,DDoS,0.9511282444000244,0.6750564575195312,1,DDoS,0.9511282444000244,HIGH,DEEP_ANALYSIS,CNN-BiLSTM,True,False,False,False,True,False,False,False,False,RF BENIGN only
295,1720,1,DDoS,1,2,False,3,DoS Hulk,0.6625940799713135,0.2914082705974579,0.31588175892829895,False,1,DDoS,0.856138288974762,1,DDoS,0.9261701107025146,0.7609020471572876,1,DDoS,0.9261701107025146,HIGH,DEEP_ANALYSIS,CNN-BiLSTM,True,False,False,False,False,False,False,False,False,No supervised BENIGN vote
296,1727,1,DDoS,2,2,True,1,DDoS,0.9999999403953552,0.040991999208927155,0.06251811981201172,False,1,DDoS,0.8077589273452759,1,DDoS,0.9600120186805725,,1,DDoS,0.9999999403953552,HIGH,FAST_ATTACK_PATH,Random Forest,True,False,False,False,False,False,False,False,False,No supervised BENIGN vote
297,1744,1,DDoS,3,2,False,0,BENIGN,1.0,0.027314405888319016,0.04584664851427078,False,0,BENIGN,0.9468486905097961,1,DDoS,0.9457749724388123,0.35384365916252136,1,DDoS,0.9457749724388123,LOW,DEEP_ANALYSIS,CNN-BiLSTM,True,False,False,False,True,True,False,False,False,FedProx BENIGN only/global disagreement
298,1767,1,DDoS,4,2,False,0,BENIGN,0.9950610399246216,0.03766428306698799,0.04374850541353226,False,1,DDoS,0.8550348281860352,1,DDoS,0.9477968811988831,0.5957894921302795,1,DDoS,0.9477968811988831,MEDIUM,DEEP_ANALYSIS,CNN-BiLSTM,True,False,False,False,True,False,False,False,False,RF BENIGN only
299,1769,1,DDoS,5,2,False,0,BENIGN,1.0,0.0621115118265152,0.055204372853040695,False,1,DDoS,0.8565822243690491,1,DDoS,0.922406792640686,0.5880976915359497,1,DDoS,0.922406792640686,MEDIUM,DEEP_ANALYSIS,CNN-BiLSTM,True,False,False,False,True,False,False,False,False,RF BENIGN only
300,1780,1,DDoS,1,2,False,3,DoS Hulk,0.6675940752029419,0.3670943081378937,0.3979242146015167,False,1,DDoS,0.8231897354125977,1,DDoS,0.928339958190918,0.765083372592926,1,DDoS,0.928339958190918,HIGH,DEEP_ANALYSIS,CNN-BiLSTM,True,False,False,False,False,False,False,False,False,No supervised BENIGN vote
301,1800,1,DDoS,2,2,True,1,DDoS,1.0,0.02514113113284111,0.03834348917007446,False,0,BENIGN,0.9477752447128296,1,DDoS,0.969209611415863,,1,DDoS,1.0,HIGH,FAST_ATTACK_PATH,Random Forest,True,False,False,False,False,True,False,False,False,FedProx BENIGN only/global disagreement
302,1807,1,DDoS,3,2,False,0,BENIGN,1.0,0.026349861174821854,0.044227682054042816,False,0,BENIGN,0.972777783870697,1,DDoS,0.9603176712989807,0.3509120047092438,1,DDoS,0.9603176712989807,LOW,DEEP_ANALYSIS,CNN-BiLSTM,True,False,False,False,True,True,False,False,False,FedProx BENIGN only/global disagreement
303,1818,1,DDoS,4,2,False,0,BENIGN,0.9951201677322388,0.35687151551246643,0.41451993584632874,False,1,DDoS,0.629156231880188,1,DDoS,0.9711970686912537,0.5918198227882385,1,DDoS,0.9711970686912537,MEDIUM,DEEP_ANALYSIS,CNN-BiLSTM,True,False,False,False,True,False,False,False,False,RF BENIGN only
304,1821,1,DDoS,5,2,False,0,BENIGN,1.0,0.5002299547195435,0.4446016550064087,False,1,DDoS,0.8749642968177795,1,DDoS,0.940717339515686,0.6584306359291077,1,DDoS,0.940717339515686,HIGH,DEEP_ANALYSIS,CNN-BiLSTM,True,False,False,False,True,False,False,False,False,RF BENIGN only
305,1823,1,DDoS,1,2,False,0,BENIGN,0.9601770639419556,0.05214039236307144,0.05651932582259178,False,1,DDoS,0.5652978420257568,1,DDoS,0.9417310953140259,0.5156377553939819,1,DDoS,0.9417310953140259,MEDIUM,DEEP_ANALYSIS,CNN-BiLSTM,True,False,False,False,True,False,False,False,False,RF BENIGN only
306,1846,1,DDoS,2,2,True,1,DDoS,1.0,0.22466498613357544,0.34264326095581055,False,1,DDoS,0.8802393674850464,1,DDoS,0.9536694288253784,,1,DDoS,1.0,HIGH,FAST_ATTACK_PATH,Random Forest,True,False,False,False,False,False,False,False,False,No supervised BENIGN vote
307,1900,1,DDoS,3,2,False,0,BENIGN,1.0,0.03214913234114647,0.05396163463592529,False,0,BENIGN,0.9768570065498352,1,DDoS,0.9690028429031372,0.35418814420700073,1,DDoS,0.9690028429031372,LOW,DEEP_ANALYSIS,CNN-BiLSTM,True,False,False,False,True,True,False,False,False,FedProx BENIGN only/global disagreement
308,1902,1,DDoS,4,2,False,0,BENIGN,1.0,0.02650473266839981,0.030786262825131416,False,0,BENIGN,0.9767640829086304,1,DDoS,0.9649161696434021,0.34930935502052307,1,DDoS,0.9649161696434021,LOW,DEEP_ANALYSIS,CNN-BiLSTM,True,False,False,False,True,True,False,False,False,FedProx BENIGN only/global disagreement
309,1906,1,DDoS,5,2,False,0,BENIGN,1.0,0.29329851269721985,0.2606821060180664,False,1,DDoS,0.7072799205780029,1,DDoS,0.9808603525161743,0.5945874452590942,1,DDoS,0.9808603525161743,MEDIUM,DEEP_ANALYSIS,CNN-BiLSTM,True,False,False,False,True,False,False,False,False,RF BENIGN only
310,1908,1,DDoS,1,2,False,3,DoS Hulk,0.6653764247894287,0.9251636862754822,1.0,True,1,DDoS,0.7622746229171753,1,DDoS,0.8748263120651245,0.8179469108581543,1,DDoS,0.8748263120651245,CRITICAL,DEEP_ANALYSIS,CNN-BiLSTM,True,False,False,False,False,False,False,False,False,No supervised BENIGN vote
311,1933,1,DDoS,2,2,True,1,DDoS,1.0,0.15927757322788239,0.2429189831018448,False,1,DDoS,0.8285664319992065,1,DDoS,0.9714320302009583,,1,DDoS,1.0,HIGH,FAST_ATTACK_PATH,Random Forest,True,False,False,False,False,False,False,False,False,No supervised BENIGN vote
312,1937,1,DDoS,3,2,False,5,PortScan,0.7415158152580261,0.13486313819885254,0.22636491060256958,False,1,DDoS,0.9122992753982544,1,DDoS,0.8903924226760864,0.767585039138794,1,DDoS,0.9122992753982544,HIGH,DEEP_ANALYSIS,FedProx70 MLP,True,False,False,False,False,False,False,False,False,No supervised BENIGN vote
313,1941,1,DDoS,4,2,False,0,BENIGN,0.9553000330924988,0.5319715738296509,0.6179053783416748,False,1,DDoS,0.8213111162185669,1,DDoS,0.9500513076782227,0.6805371046066284,1,DDoS,0.9500513076782227,HIGH,DEEP_ANALYSIS,CNN-BiLSTM,True,False,False,False,True,False,False,False,False,RF BENIGN only
314,1942,1,DDoS,5,2,False,0,BENIGN,1.0,1.0199416875839233,0.9065185785293579,True,1,DDoS,0.8003937005996704,1,DDoS,0.8758063316345215,0.6826280951499939,1,DDoS,0.8758063316345215,HIGH,DEEP_ANALYSIS,CNN-BiLSTM,True,False,False,False,True,False,False,False,False,RF BENIGN only
315,1943,1,DDoS,1,2,False,3,DoS Hulk,0.6653764247894287,0.29199498891830444,0.31651774048805237,False,1,DDoS,0.8602567911148071,1,DDoS,0.9504744410514832,0.7712960243225098,1,DDoS,0.9504744410514832,HIGH,DEEP_ANALYSIS,CNN-BiLSTM,True,False,False,False,False,False,False,False,False,No supervised BENIGN vote
316,1949,1,DDoS,2,2,True,1,DDoS,1.0,0.7159386277198792,1.0,True,1,DDoS,0.7697761058807373,1,DDoS,0.875720739364624,,1,DDoS,1.0,HIGH,FAST_ATTACK_PATH,Random Forest,True,False,False,False,False,False,False,False,False,No supervised BENIGN vote
317,1985,1,DDoS,3,2,False,5,PortScan,0.707288384437561,0.3773627281188965,0.633395254611969,False,1,DDoS,0.8196720480918884,1,DDoS,0.9488597512245178,0.8144695162773132,1,DDoS,0.9488597512245178,CRITICAL,DEEP_ANALYSIS,CNN-BiLSTM,True,False,False,False,False,False,False,False,False,No supervised BENIGN vote
318,1996,1,DDoS,4,2,False,0,BENIGN,0.926215410232544,0.8476680517196655,0.9845988750457764,True,3,DoS Hulk,0.9573569893836975,1,DDoS,0.9474899768829346,0.7812753319740295,3,DoS Hulk,0.9573569893836975,HIGH,DEEP_ANALYSIS,FedProx70 MLP,False,False,True,False,True,False,False,False,False,RF BENIGN only
319,2042,1,DDoS,5,2,False,0,BENIGN,1.0,1.034970760345459,0.9198763370513916,True,1,DDoS,0.7905356884002686,1,DDoS,0.9130147695541382,0.6946973204612732,1,DDoS,0.9130147695541382,HIGH,DEEP_ANALYSIS,CNN-BiLSTM,True,False,False,False,True,False,False,False,False,RF BENIGN only
320,2054,1,DDoS,1,2,False,3,DoS Hulk,0.6653764247894287,0.29170411825180054,0.31620246171951294,False,1,DDoS,0.8571682572364807,1,DDoS,0.9684303998947144,0.7766067981719971,1,DDoS,0.9684303998947144,HIGH,DEEP_ANALYSIS,CNN-BiLSTM,True,False,False,False,False,False,False,False,False,No supervised BENIGN vote
321,2059,1,DDoS,2,2,True,1,DDoS,1.0,2.8434906005859375,1.0,True,1,DDoS,0.7167003750801086,1,DDoS,0.971206545829773,,1,DDoS,1.0,HIGH,FAST_ATTACK_PATH,Random Forest,True,False,False,False,False,False,False,False,False,No supervised BENIGN vote
322,2065,1,DDoS,3,2,False,0,BENIGN,0.5227199792861938,4.001747131347656,1.0,True,1,DDoS,0.7364046573638916,1,DDoS,0.9509702920913696,0.7992169857025146,1,DDoS,0.9509702920913696,HIGH,DEEP_ANALYSIS,CNN-BiLSTM,True,False,False,False,True,False,False,False,False,RF BENIGN only
323,2075,1,DDoS,4,2,False,0,BENIGN,0.9166774153709412,4.173319339752197,1.0,True,1,DDoS,0.7433679699897766,1,DDoS,0.9478740096092224,0.721430778503418,1,DDoS,0.9478740096092224,HIGH,DEEP_ANALYSIS,CNN-BiLSTM,True,False,False,False,True,False,False,False,False,RF BENIGN only
324,2095,1,DDoS,5,2,False,0,BENIGN,1.0,2.62261962890625,1.0,True,1,DDoS,0.670470654964447,1,DDoS,0.8195863366127014,0.6379964351654053,1,DDoS,0.8195863366127014,HIGH,DEEP_ANALYSIS,CNN-BiLSTM,True,False,False,False,True,False,False,False,False,RF BENIGN only
325,2210,1,DDoS,1,2,False,0,BENIGN,0.9316346049308777,0.03769122436642647,0.04085666686296463,False,1,DDoS,0.8506879806518555,1,DDoS,0.9076697826385498,0.5926923751831055,1,DDoS,0.9076697826385498,MEDIUM,DEEP_ANALYSIS,CNN-BiLSTM,True,False,False,False,True,False,False,False,False,RF BENIGN only
326,2214,1,DDoS,2,2,True,1,DDoS,0.9999999403953552,0.05514233186841011,0.08409921824932098,False,1,DDoS,0.847037136554718,1,DDoS,0.9200401902198792,,1,DDoS,0.9999999403953552,HIGH,FAST_ATTACK_PATH,Random Forest,True,False,False,False,False,False,False,False,False,No supervised BENIGN vote
327,2250,1,DDoS,3,2,False,0,BENIGN,1.0,0.026302188634872437,0.044147662818431854,False,0,BENIGN,0.9690395593643188,1,DDoS,0.6611869931221008,0.24732573330402374,1,DDoS,0.6611869931221008,LOW,DEEP_ANALYSIS,CNN-BiLSTM,True,False,False,False,True,True,False,False,False,FedProx BENIGN only/global disagreement
328,2260,1,DDoS,4,2,False,0,BENIGN,0.990020751953125,0.03130371496081352,0.03636046499013901,False,1,DDoS,0.6937938928604126,1,DDoS,0.9100525975227356,0.5341064929962158,1,DDoS,0.9100525975227356,MEDIUM,DEEP_ANALYSIS,CNN-BiLSTM,True,False,False,False,True,False,False,False,False,RF BENIGN only
329,2263,1,DDoS,5,2,False,0,BENIGN,1.0,0.03359530121088028,0.02985932119190693,False,0,BENIGN,0.9537296295166016,1,DDoS,0.8700146079063416,0.3228651285171509,1,DDoS,0.8700146079063416,LOW,DEEP_ANALYSIS,CNN-BiLSTM,True,False,False,False,True,True,False,False,False,FedProx BENIGN only/global disagreement
330,2274,1,DDoS,1,2,False,0,BENIGN,0.9274921417236328,0.05799372121691704,0.06286424398422241,False,1,DDoS,0.8236222863197327,1,DDoS,0.7668493986129761,0.539415180683136,1,DDoS,0.8236222863197327,MEDIUM,DEEP_ANALYSIS,FedProx70 MLP,True,False,False,False,True,False,False,False,False,RF BENIGN only
331,2291,1,DDoS,2,2,True,1,DDoS,0.9999999403953552,0.04815317690372467,0.07343984395265579,False,1,DDoS,0.6979364156723022,1,DDoS,0.9488874077796936,,1,DDoS,0.9999999403953552,HIGH,FAST_ATTACK_PATH,Random Forest,True,False,False,False,False,False,False,False,False,No supervised BENIGN vote
332,2308,1,DDoS,3,2,False,5,PortScan,0.7436307668685913,0.19002312421798706,0.31894975900650024,False,1,DDoS,0.8772096037864685,1,DDoS,0.94284987449646,0.7897289395332336,1,DDoS,0.94284987449646,HIGH,DEEP_ANALYSIS,CNN-BiLSTM,True,False,False,False,False,False,False,False,False,No supervised BENIGN vote
333,2317,1,DDoS,4,2,False,0,BENIGN,0.9450611472129822,0.8945899605751038,1.0,True,1,DDoS,0.7703368067741394,1,DDoS,0.8987126350402832,0.7066382169723511,1,DDoS,0.8987126350402832,HIGH,DEEP_ANALYSIS,CNN-BiLSTM,True,False,False,False,True,False,False,False,False,RF BENIGN only
334,2325,1,DDoS,5,2,False,0,BENIGN,1.0,2.6254615783691406,1.0,True,1,DDoS,0.6736880540847778,1,DDoS,0.8590733408927917,0.6527820825576782,1,DDoS,0.8590733408927917,HIGH,DEEP_ANALYSIS,CNN-BiLSTM,True,False,False,False,True,False,False,False,False,RF BENIGN only
335,2339,1,DDoS,1,2,False,0,BENIGN,0.9274921417236328,0.030405018478631973,0.03295854106545448,False,1,DDoS,0.8264548778533936,1,DDoS,0.9595428109169006,0.6032218337059021,1,DDoS,0.9595428109169006,HIGH,DEEP_ANALYSIS,CNN-BiLSTM,True,False,False,False,True,False,False,False,False,RF BENIGN only
336,2341,1,DDoS,2,2,True,1,DDoS,0.9999999403953552,0.04480572044849396,0.06833454221487045,False,1,DDoS,0.7011899948120117,1,DDoS,0.9526332020759583,,1,DDoS,0.9999999403953552,HIGH,FAST_ATTACK_PATH,Random Forest,True,False,False,False,False,False,False,False,False,No supervised BENIGN vote
337,2349,1,DDoS,3,2,False,5,PortScan,0.7510267496109009,0.18893910944461823,0.31713026762008667,False,1,DDoS,0.8764994144439697,1,DDoS,0.9450722932815552,0.7914999723434448,1,DDoS,0.9450722932815552,HIGH,DEEP_ANALYSIS,CNN-BiLSTM,True,False,False,False,False,False,False,False,False,No supervised BENIGN vote
338,2365,1,DDoS,4,2,False,0,BENIGN,1.0,0.022978127002716064,0.02668997272849083,False,0,BENIGN,0.9675910472869873,1,DDoS,0.9470975995063782,0.34521034359931946,1,DDoS,0.9470975995063782,LOW,DEEP_ANALYSIS,CNN-BiLSTM,True,False,False,False,True,True,False,False,False,FedProx BENIGN only/global disagreement
339,2475,1,DDoS,5,2,False,0,BENIGN,1.0,0.03005678951740265,0.02671431005001068,False,0,BENIGN,0.9377590417861938,1,DDoS,0.9768348336219788,0.36457163095474243,1,DDoS,0.9768348336219788,LOW,DEEP_ANALYSIS,CNN-BiLSTM,True,False,False,False,True,True,False,False,False,FedProx BENIGN only/global disagreement
340,2481,1,DDoS,1,2,False,0,BENIGN,0.9274921417236328,0.020593706518411636,0.022323239594697952,False,0,BENIGN,0.9486955404281616,1,DDoS,0.9694578051567078,0.37255164980888367,1,DDoS,0.9694578051567078,LOW,DEEP_ANALYSIS,CNN-BiLSTM,True,False,False,False,True,True,False,False,False,FedProx BENIGN only/global disagreement
341,2509,1,DDoS,2,2,True,1,DDoS,1.0,0.024717580527067184,0.03769752010703087,False,0,BENIGN,0.9462608098983765,1,DDoS,0.7283933758735657,,1,DDoS,1.0,HIGH,FAST_ATTACK_PATH,Random Forest,True,False,False,False,False,True,False,False,False,FedProx BENIGN only/global disagreement
342,2517,1,DDoS,3,2,False,0,BENIGN,0.9950000047683716,0.056638848036527634,0.095067098736763,False,1,DDoS,0.6122514009475708,1,DDoS,0.9270075559616089,0.523388147354126,1,DDoS,0.9270075559616089,MEDIUM,DEEP_ANALYSIS,CNN-BiLSTM,True,False,False,False,True,False,False,False,False,RF BENIGN only
343,2533,1,DDoS,4,2,False,0,BENIGN,1.0,0.022994523867964745,0.026709020137786865,False,0,BENIGN,0.9591274261474609,1,DDoS,0.7112295627593994,0.2651984691619873,1,DDoS,0.7112295627593994,LOW,DEEP_ANALYSIS,CNN-BiLSTM,True,False,False,False,True,True,False,False,False,FedProx BENIGN only/global disagreement
344,2559,1,DDoS,5,2,False,0,BENIGN,1.0,0.07168949395418167,0.06371723115444183,False,1,DDoS,0.8375199437141418,1,DDoS,0.8173398375511169,0.5468825101852417,1,DDoS,0.8375199437141418,MEDIUM,DEEP_ANALYSIS,FedProx70 MLP,True,False,False,False,True,False,False,False,False,RF BENIGN only
345,2577,1,DDoS,1,2,False,0,BENIGN,0.9239471554756165,0.02063816413283348,0.022371429949998856,False,0,BENIGN,0.947428822517395,1,DDoS,0.7212343811988831,0.28676965832710266,1,DDoS,0.7212343811988831,LOW,DEEP_ANALYSIS,CNN-BiLSTM,True,False,False,False,True,True,False,False,False,FedProx BENIGN only/global disagreement
346,2578,1,DDoS,2,2,True,1,DDoS,1.0,0.023629942908883095,0.036038730293512344,False,0,BENIGN,0.9650211930274963,1,DDoS,0.7006930708885193,,1,DDoS,1.0,HIGH,FAST_ATTACK_PATH,Random Forest,True,False,False,False,False,True,False,False,False,FedProx BENIGN only/global disagreement
347,2581,1,DDoS,3,2,False,0,BENIGN,0.9886256456375122,0.06946137547492981,0.11658944189548492,False,0,BENIGN,0.49161434173583984,1,DDoS,0.8864040374755859,0.4825204014778137,1,DDoS,0.8864040374755859,MEDIUM,DEEP_ANALYSIS,CNN-BiLSTM,True,False,False,False,True,True,False,False,False,FedProx BENIGN only/global disagreement
348,2588,1,DDoS,4,2,False,0,BENIGN,0.9950000047683716,0.033115454018116,0.03846487030386925,False,1,DDoS,0.8483102321624756,1,DDoS,0.9205301403999329,0.5834483504295349,1,DDoS,0.9205301403999329,MEDIUM,DEEP_ANALYSIS,CNN-BiLSTM,True,False,False,False,True,False,False,False,False,RF BENIGN only
349,2604,1,DDoS,5,2,False,0,BENIGN,1.0,0.02839670702815056,0.02523883804678917,False,0,BENIGN,0.9593982696533203,1,DDoS,0.7205122113227844,0.2681455910205841,1,DDoS,0.7205122113227844,LOW,DEEP_ANALYSIS,CNN-BiLSTM,True,False,False,False,True,True,False,False,False,FedProx BENIGN only/global disagreement
350,2605,1,DDoS,1,2,False,0,BENIGN,0.9315311908721924,0.0205604936927557,0.022287236526608467,False,0,BENIGN,0.9723845720291138,1,DDoS,0.6807171106338501,0.26357245445251465,1,DDoS,0.6807171106338501,LOW,DEEP_ANALYSIS,CNN-BiLSTM,True,False,False,False,True,True,False,False,False,FedProx BENIGN only/global disagreement
351,2611,1,DDoS,2,2,True,1,DDoS,0.9999999403953552,0.0737496167421341,0.11247774213552475,False,1,DDoS,0.8531389236450195,1,DDoS,0.9325984120368958,,1,DDoS,0.9999999403953552,HIGH,FAST_ATTACK_PATH,Random Forest,True,False,False,False,False,False,False,False,False,No supervised BENIGN vote
352,2613,1,DDoS,3,2,False,0,BENIGN,0.9906324148178101,0.04590411111712456,0.07704907655715942,False,1,DDoS,0.8501758575439453,1,DDoS,0.9220572710037231,0.5912036895751953,1,DDoS,0.9220572710037231,MEDIUM,DEEP_ANALYSIS,CNN-BiLSTM,True,False,False,False,True,False,False,False,False,RF BENIGN only
353,2617,1,DDoS,4,2,False,0,BENIGN,0.9950207471847534,0.02957376465201378,0.03435106202960014,False,1,DDoS,0.7015171051025391,1,DDoS,0.9067407846450806,0.5339629054069519,1,DDoS,0.9067407846450806,MEDIUM,DEEP_ANALYSIS,CNN-BiLSTM,True,False,False,False,True,False,False,False,False,RF BENIGN only
354,2633,1,DDoS,5,2,False,0,BENIGN,1.0,3.356963872909546,1.0,True,1,DDoS,0.7735555171966553,1,DDoS,0.976464569568634,0.7238292694091797,1,DDoS,0.976464569568634,HIGH,DEEP_ANALYSIS,CNN-BiLSTM,True,False,False,False,True,False,False,False,False,RF BENIGN only
355,2637,1,DDoS,1,2,False,3,DoS Hulk,0.6525081396102905,1.9034281969070435,1.0,True,1,DDoS,0.6722123622894287,1,DDoS,0.9345492124557495,0.8092576265335083,1,DDoS,0.9345492124557495,CRITICAL,DEEP_ANALYSIS,CNN-BiLSTM,True,False,False,False,False,False,False,False,False,No supervised BENIGN vote
356,2638,1,DDoS,2,2,True,1,DDoS,1.0,2.750443935394287,1.0,True,1,DDoS,0.8187333345413208,1,DDoS,0.9584209322929382,,1,DDoS,1.0,HIGH,FAST_ATTACK_PATH,Random Forest,True,False,False,False,False,False,False,False,False,No supervised BENIGN vote
357,2674,1,DDoS,3,2,False,5,PortScan,0.696399450302124,1.8497123718261719,1.0,True,1,DDoS,0.6720003485679626,1,DDoS,0.8283302187919617,0.7807955741882324,1,DDoS,0.8283302187919617,HIGH,DEEP_ANALYSIS,CNN-BiLSTM,True,False,False,False,False,False,False,False,False,No supervised BENIGN vote
358,2677,1,DDoS,4,2,False,0,BENIGN,1.0,0.02464056760072708,0.028620963916182518,False,0,BENIGN,0.9454612731933594,1,DDoS,0.9619743824005127,0.3573457896709442,1,DDoS,0.9619743824005127,LOW,DEEP_ANALYSIS,CNN-BiLSTM,True,False,False,False,True,True,False,False,False,FedProx BENIGN only/global disagreement
359,2687,1,DDoS,5,2,False,0,BENIGN,1.0,0.50081866979599,0.44512489438056946,False,1,DDoS,0.8755828142166138,1,DDoS,0.9586459994316101,0.6649696826934814,1,DDoS,0.9586459994316101,HIGH,DEEP_ANALYSIS,CNN-BiLSTM,True,False,False,False,True,False,False,False,False,RF BENIGN only
360,2689,1,DDoS,1,2,False,0,BENIGN,0.9601770639419556,0.020498214289546013,0.02221972681581974,False,0,BENIGN,0.9575319290161133,1,DDoS,0.9631465673446655,0.3611392676830292,1,DDoS,0.9631465673446655,LOW,DEEP_ANALYSIS,CNN-BiLSTM,True,False,False,False,True,True,False,False,False,FedProx BENIGN only/global disagreement
361,2697,1,DDoS,2,2,True,1,DDoS,1.0,0.7190755009651184,1.0,True,1,DDoS,0.7767794132232666,1,DDoS,0.8700119256973267,,1,DDoS,1.0,HIGH,FAST_ATTACK_PATH,Random Forest,True,False,False,False,False,False,False,False,False,No supervised BENIGN vote
362,2705,1,DDoS,3,2,False,5,PortScan,0.7427374124526978,0.18763406574726105,0.3149397671222687,False,1,DDoS,0.8754326105117798,1,DDoS,0.9188954830169678,0.780031681060791,1,DDoS,0.9188954830169678,HIGH,DEEP_ANALYSIS,CNN-BiLSTM,True,False,False,False,False,False,False,False,False,No supervised BENIGN vote
363,2731,1,DDoS,4,2,False,0,BENIGN,1.0,0.023839304223656654,0.027690263465046883,False,0,BENIGN,0.938106119632721,1,DDoS,0.9692090749740601,0.36194488406181335,1,DDoS,0.9692090749740601,LOW,DEEP_ANALYSIS,CNN-BiLSTM,True,False,False,False,True,True,False,False,False,FedProx BENIGN only/global disagreement
364,2747,1,DDoS,5,2,False,0,BENIGN,1.0,0.40590110421180725,0.36076268553733826,False,1,DDoS,0.8359451293945312,1,DDoS,0.9471175670623779,0.6363890767097473,1,DDoS,0.9471175670623779,HIGH,DEEP_ANALYSIS,CNN-BiLSTM,True,False,False,False,True,False,False,False,False,RF BENIGN only
365,2751,1,DDoS,1,2,False,3,DoS Hulk,0.6625940799713135,0.16451887786388397,0.1783357560634613,False,1,DDoS,0.8394081592559814,1,DDoS,0.9517509341239929,0.7442045211791992,1,DDoS,0.9517509341239929,HIGH,DEEP_ANALYSIS,CNN-BiLSTM,True,False,False,False,False,False,False,False,False,No supervised BENIGN vote
366,2763,1,DDoS,2,2,True,1,DDoS,1.0,0.16056902706623077,0.24488861858844757,False,1,DDoS,0.8349286317825317,1,DDoS,0.9639133214950562,,1,DDoS,1.0,HIGH,FAST_ATTACK_PATH,Random Forest,True,False,False,False,False,False,False,False,False,No supervised BENIGN vote
367,2770,1,DDoS,3,2,False,5,PortScan,0.6612585186958313,0.09055615216493607,0.15199658274650574,False,1,DDoS,0.861915647983551,1,DDoS,0.9707377552986145,0.7533841133117676,1,DDoS,0.9707377552986145,HIGH,DEEP_ANALYSIS,CNN-BiLSTM,True,False,False,False,False,False,False,False,False,No supervised BENIGN vote
368,2791,1,DDoS,4,2,False,0,BENIGN,0.9601802229881287,0.73591148853302,0.8547893762588501,True,1,DDoS,0.7967809438705444,1,DDoS,0.9203253388404846,0.6973305344581604,1,DDoS,0.9203253388404846,HIGH,DEEP_ANALYSIS,CNN-BiLSTM,True,False,False,False,True,False,False,False,False,RF BENIGN only
369,2805,1,DDoS,5,2,False,0,BENIGN,1.0,0.35872864723205566,0.3188360631465912,False,1,DDoS,0.8624143004417419,1,DDoS,0.9411719441413879,0.6359598636627197,1,DDoS,0.9411719441413879,HIGH,DEEP_ANALYSIS,CNN-BiLSTM,True,False,False,False,True,False,False,False,False,RF BENIGN only
370,2814,1,DDoS,1,2,False,0,BENIGN,0.9224921464920044,0.03202943876385689,0.03471938520669937,False,1,DDoS,0.8323157429695129,1,DDoS,0.9749817252159119,0.6116477847099304,1,DDoS,0.9749817252159119,HIGH,DEEP_ANALYSIS,CNN-BiLSTM,True,False,False,False,True,False,False,False,False,RF BENIGN only
371,2817,1,DDoS,2,2,True,1,DDoS,1.0,1.9084742069244385,1.0,True,1,DDoS,0.6693378686904907,1,DDoS,0.8564769625663757,,1,DDoS,1.0,HIGH,FAST_ATTACK_PATH,Random Forest,True,False,False,False,False,False,False,False,False,No supervised BENIGN vote
372,2819,1,DDoS,3,2,False,5,PortScan,0.7137953639030457,0.929848313331604,1.0,True,1,DDoS,0.7583900094032288,1,DDoS,0.8753694891929626,0.826655387878418,1,DDoS,0.8753694891929626,CRITICAL,DEEP_ANALYSIS,CNN-BiLSTM,True,False,False,False,False,False,False,False,False,No supervised BENIGN vote
373,2825,1,DDoS,4,2,False,0,BENIGN,1.0,0.025760607793927193,0.029921934008598328,False,0,BENIGN,0.968988835811615,1,DDoS,0.923576295375824,0.3370433449745178,1,DDoS,0.923576295375824,LOW,DEEP_ANALYSIS,CNN-BiLSTM,True,False,False,False,True,True,False,False,False,FedProx BENIGN only/global disagreement
374,2829,1,DDoS,5,2,False,0,BENIGN,1.0,0.032288797199726105,0.028698107227683067,False,0,BENIGN,0.9466934204101562,1,DDoS,0.9807985424995422,0.36357617378234863,1,DDoS,0.9807985424995422,LOW,DEEP_ANALYSIS,CNN-BiLSTM,True,False,False,False,True,True,False,False,False,FedProx BENIGN only/global disagreement
375,2833,1,DDoS,1,2,False,0,BENIGN,0.965177059173584,0.021919097751379013,0.023759940639138222,False,0,BENIGN,0.9502573609352112,1,DDoS,0.9763897657394409,0.3671877980232239,1,DDoS,0.9763897657394409,LOW,DEEP_ANALYSIS,CNN-BiLSTM,True,False,False,False,True,True,False,False,False,FedProx BENIGN only/global disagreement
376,2835,1,DDoS,2,2,True,1,DDoS,1.0,0.15929941833019257,0.24295230209827423,False,1,DDoS,0.828679621219635,1,DDoS,0.9474295973777771,,1,DDoS,1.0,HIGH,FAST_ATTACK_PATH,Random Forest,True,False,False,False,False,False,False,False,False,No supervised BENIGN vote
377,2836,1,DDoS,3,2,False,0,BENIGN,1.0,0.027231303974986076,0.04570716246962547,False,0,BENIGN,0.9466819167137146,1,DDoS,0.9600340723991394,0.3588634133338928,1,DDoS,0.9600340723991394,LOW,DEEP_ANALYSIS,CNN-BiLSTM,True,False,False,False,True,True,False,False,False,FedProx BENIGN only/global disagreement
378,2847,1,DDoS,4,2,False,0,BENIGN,0.970300018787384,0.5406081080436707,0.6279370188713074,False,1,DDoS,0.8299564719200134,1,DDoS,0.8973022699356079,0.663173258304596,1,DDoS,0.8973022699356079,HIGH,DEEP_ANALYSIS,CNN-BiLSTM,True,False,False,False,True,False,False,False,False,RF BENIGN only
379,2849,1,DDoS,5,2,False,0,BENIGN,1.0,0.2650476396083832,0.23557288944721222,False,1,DDoS,0.36320123076438904,1,DDoS,0.9749805927276611,0.4855395257472992,1,DDoS,0.9749805927276611,MEDIUM,DEEP_ANALYSIS,CNN-BiLSTM,True,False,False,False,True,False,False,False,False,RF BENIGN only
380,2868,1,DDoS,1,2,False,3,DoS Hulk,0.6581201553344727,0.16482636332511902,0.1786690652370453,False,1,DDoS,0.914994478225708,1,DDoS,0.9221939444541931,0.7556906342506409,1,DDoS,0.9221939444541931,HIGH,DEEP_ANALYSIS,CNN-BiLSTM,True,False,False,False,False,False,False,False,False,No supervised BENIGN vote
381,2980,1,DDoS,2,2,True,1,DDoS,1.0,0.024549221619963646,0.03744075074791908,False,0,BENIGN,0.9480254650115967,1,DDoS,0.7175022959709167,,1,DDoS,1.0,HIGH,FAST_ATTACK_PATH,Random Forest,True,False,False,False,False,True,False,False,False,FedProx BENIGN only/global disagreement
382,2987,1,DDoS,3,2,False,0,BENIGN,0.995887815952301,0.06082786247134209,0.10209827125072479,False,1,DDoS,0.5647009611129761,1,DDoS,0.9299128651618958,0.5110169649124146,1,DDoS,0.9299128651618958,MEDIUM,DEEP_ANALYSIS,CNN-BiLSTM,True,False,False,False,True,False,False,False,False,RF BENIGN only
383,2992,1,DDoS,4,2,False,0,BENIGN,0.9950000047683716,0.035432975739240646,0.04115675762295723,False,1,DDoS,0.6622613072395325,1,DDoS,0.9254522323608398,0.5297601819038391,1,DDoS,0.9254522323608398,MEDIUM,DEEP_ANALYSIS,CNN-BiLSTM,True,False,False,False,True,False,False,False,False,RF BENIGN only
384,2998,1,DDoS,5,2,False,0,BENIGN,1.0,0.03330373018980026,0.029600175097584724,False,0,BENIGN,0.9515708684921265,1,DDoS,0.8741734623908997,0.32492950558662415,1,DDoS,0.8741734623908997,LOW,DEEP_ANALYSIS,CNN-BiLSTM,True,False,False,False,True,True,False,False,False,FedProx BENIGN only/global disagreement
385,3008,1,DDoS,1,2,False,0,BENIGN,0.9366346001625061,0.05728171765804291,0.06209244206547737,False,1,DDoS,0.8278718590736389,1,DDoS,0.6473232507705688,0.4969117045402527,1,DDoS,0.8278718590736389,MEDIUM,DEEP_ANALYSIS,FedProx70 MLP,True,False,False,False,True,False,False,False,False,RF BENIGN only
386,3011,1,DDoS,2,2,True,1,DDoS,0.9999999403953552,0.07476085424423218,0.11402001231908798,False,1,DDoS,0.8498717546463013,1,DDoS,0.9253913760185242,,1,DDoS,0.9999999403953552,HIGH,FAST_ATTACK_PATH,Random Forest,True,False,False,False,False,False,False,False,False,No supervised BENIGN vote
387,3041,1,DDoS,3,2,False,0,BENIGN,0.9906324148178101,0.045404329895973206,0.07621020078659058,False,1,DDoS,0.848874032497406,1,DDoS,0.9236739277839661,0.5912531018257141,1,DDoS,0.9236739277839661,MEDIUM,DEEP_ANALYSIS,CNN-BiLSTM,True,False,False,False,True,False,False,False,False,RF BENIGN only
388,3044,1,DDoS,4,2,False,0,BENIGN,0.9950207471847534,0.027791224420070648,0.0322805717587471,False,1,DDoS,0.806510865688324,1,DDoS,0.9087077975273132,0.5658389329910278,1,DDoS,0.9087077975273132,MEDIUM,DEEP_ANALYSIS,CNN-BiLSTM,True,False,False,False,True,False,False,False,False,RF BENIGN only
389,3052,1,DDoS,5,2,False,0,BENIGN,1.0,0.027982370927929878,0.024870580062270164,False,0,BENIGN,0.9683873653411865,1,DDoS,0.7007573843002319,0.2584794759750366,1,DDoS,0.7007573843002319,LOW,DEEP_ANALYSIS,CNN-BiLSTM,True,False,False,False,True,True,False,False,False,FedProx BENIGN only/global disagreement
390,3104,1,DDoS,1,2,False,3,DoS Hulk,0.6447739005088806,0.6719189882278442,0.7283491492271423,True,1,DDoS,0.7760425806045532,1,DDoS,0.8561484813690186,0.7706719040870667,1,DDoS,0.8561484813690186,HIGH,DEEP_ANALYSIS,CNN-BiLSTM,True,False,False,False,False,False,False,False,False,No supervised BENIGN vote
391,3107,1,DDoS,2,2,True,1,DDoS,0.9406088590621948,0.01589222624897957,0.024237707257270813,False,0,BENIGN,0.9997215867042542,0,BENIGN,0.9997814297676086,0.19191746413707733,1,DDoS,0.9406088590621948,NORMAL,DEEP_ANALYSIS,Random Forest,True,False,False,False,False,True,True,True,False,FedProx+CNN BENIGN
392,3113,1,DDoS,3,2,False,0,BENIGN,1.0,0.028690321370959282,0.048156093806028366,False,0,BENIGN,0.9427314400672913,1,DDoS,0.7971338033676147,0.30340081453323364,1,DDoS,0.7971338033676147,LOW,DEEP_ANALYSIS,CNN-BiLSTM,True,False,False,False,True,True,False,False,False,FedProx BENIGN only/global disagreement
393,3124,1,DDoS,4,2,False,0,BENIGN,1.0,0.023070909082889557,0.026797743514180183,False,0,BENIGN,0.9501370787620544,1,DDoS,0.7134640216827393,0.26869094371795654,1,DDoS,0.7134640216827393,LOW,DEEP_ANALYSIS,CNN-BiLSTM,True,False,False,False,True,True,False,False,False,FedProx BENIGN only/global disagreement
394,3132,1,DDoS,5,2,False,0,BENIGN,1.0,0.027906101197004318,0.024802790954709053,False,0,BENIGN,0.9723486304283142,1,DDoS,0.6138819456100464,0.22687451541423798,1,DDoS,0.6138819456100464,LOW,DEEP_ANALYSIS,CNN-BiLSTM,True,False,False,False,True,True,False,False,False,FedProx BENIGN only/global disagreement
395,3137,1,DDoS,1,2,False,0,BENIGN,0.9366346001625061,0.020540602505207062,0.02226567454636097,False,0,BENIGN,0.9515945911407471,1,DDoS,0.7104130387306213,0.2791791260242462,1,DDoS,0.7104130387306213,LOW,DEEP_ANALYSIS,CNN-BiLSTM,True,False,False,False,True,True,False,False,False,FedProx BENIGN only/global disagreement
396,3143,1,DDoS,2,2,True,1,DDoS,1.0,0.024563895538449287,0.03746313229203224,False,0,BENIGN,0.9518585801124573,1,DDoS,0.7126764059066772,,1,DDoS,1.0,HIGH,FAST_ATTACK_PATH,Random Forest,True,False,False,False,False,True,False,False,False,FedProx BENIGN only/global disagreement
397,3151,1,DDoS,3,2,False,0,BENIGN,1.0,0.257184237241745,0.43167826533317566,False,0,BENIGN,0.9984361529350281,0,BENIGN,0.9891987442970276,0.06900133937597275,0,BENIGN,1.0,NORMAL,DEEP_ANALYSIS,Random Forest,False,True,False,False,True,True,True,True,True,RF+FedProx+CNN all BENIGN
398,3163,1,DDoS,4,2,False,0,BENIGN,0.9950000047683716,0.03250323235988617,0.03775374963879585,False,1,DDoS,0.8440836668014526,1,DDoS,0.9798998236656189,0.6028530597686768,1,DDoS,0.9798998236656189,HIGH,DEEP_ANALYSIS,CNN-BiLSTM,True,False,False,False,True,False,False,False,False,RF BENIGN only
399,3203,1,DDoS,5,2,False,0,BENIGN,1.0,0.027905430644750595,0.0248021949082613,False,0,BENIGN,0.9719944000244141,1,DDoS,0.9681400060653687,0.3509710431098938,1,DDoS,0.9681400060653687,LOW,DEEP_ANALYSIS,CNN-BiLSTM,True,False,False,False,True,True,False,False,False,FedProx BENIGN only/global disagreement
400,5496,5,PortScan,1,3,False,0,BENIGN,0.9997889399528503,0.043889209628105164,0.04757517948746681,False,0,BENIGN,0.8851560354232788,0,BENIGN,0.9470134377479553,0.06017697602510452,0,BENIGN,0.9997889399528503,NORMAL,DEEP_ANALYSIS,Random Forest,False,True,False,False,True,True,True,True,True,RF+FedProx+CNN all BENIGN
401,5500,5,PortScan,2,3,False,0,BENIGN,1.0,0.031448401510715485,0.047962892800569534,False,0,BENIGN,0.9528501629829407,0,BENIGN,0.997318685054779,0.022277846932411194,0,BENIGN,1.0,NORMAL,DEEP_ANALYSIS,Random Forest,False,True,False,False,True,True,True,True,True,RF+FedProx+CNN all BENIGN
402,5522,5,PortScan,3,3,True,5,PortScan,0.9997110962867737,0.03280778229236603,0.055067166686058044,False,0,BENIGN,0.9523885846138,0,BENIGN,0.9358425140380859,,5,PortScan,0.9997110962867737,HIGH,FAST_ATTACK_PATH,Random Forest,True,False,False,False,False,True,True,True,False,FedProx+CNN BENIGN
403,5530,5,PortScan,4,3,False,0,BENIGN,1.0,0.025376932695508003,0.029476279392838478,False,0,BENIGN,0.9489128589630127,0,BENIGN,0.9977787137031555,0.02052503637969494,0,BENIGN,1.0,NORMAL,DEEP_ANALYSIS,Random Forest,False,True,False,False,True,True,True,True,True,RF+FedProx+CNN all BENIGN
404,5535,5,PortScan,5,3,False,0,BENIGN,1.0,0.044854067265987396,0.03986604884266853,False,0,BENIGN,0.754643976688385,0,BENIGN,0.9527989625930786,0.09610708057880402,0,BENIGN,1.0,NORMAL,DEEP_ANALYSIS,Random Forest,False,True,False,False,True,True,True,True,True,RF+FedProx+CNN all BENIGN
405,5562,5,PortScan,1,3,False,0,BENIGN,0.9997889399528503,0.04692142829298973,0.05086205527186394,False,0,BENIGN,0.9623054265975952,0,BENIGN,0.9468080997467041,0.03759705647826195,0,BENIGN,0.9997889399528503,NORMAL,DEEP_ANALYSIS,Random Forest,False,True,False,False,True,True,True,True,True,RF+FedProx+CNN all BENIGN
406,5579,5,PortScan,2,3,False,0,BENIGN,1.0,0.04056520760059357,0.061867207288742065,False,0,BENIGN,0.6464443206787109,0,BENIGN,0.9318966269493103,0.13918298482894897,0,BENIGN,1.0,NORMAL,DEEP_ANALYSIS,Random Forest,False,True,False,False,True,True,True,True,True,RF+FedProx+CNN all BENIGN
407,5603,5,PortScan,3,3,True,5,PortScan,0.999787449836731,0.03425218164920807,0.05749155953526497,False,0,BENIGN,0.9237515330314636,0,BENIGN,0.9466858506202698,,5,PortScan,0.999787449836731,HIGH,FAST_ATTACK_PATH,Random Forest,True,False,False,False,False,True,True,True,False,FedProx+CNN BENIGN
408,5607,5,PortScan,4,3,False,0,BENIGN,1.0,0.02615656517446041,0.03038185089826584,False,0,BENIGN,0.8987919092178345,0,BENIGN,0.9544840455055237,0.050850290805101395,0,BENIGN,1.0,NORMAL,DEEP_ANALYSIS,Random Forest,False,True,False,False,True,True,True,True,True,RF+FedProx+CNN all BENIGN
409,5618,5,PortScan,5,3,False,0,BENIGN,1.0,0.06544418632984161,0.05816643685102463,False,0,BENIGN,0.9965406060218811,0,BENIGN,0.9775617718696594,0.017616163939237595,0,BENIGN,1.0,NORMAL,DEEP_ANALYSIS,Random Forest,False,True,False,False,True,True,True,True,True,RF+FedProx+CNN all BENIGN
410,5626,5,PortScan,1,3,False,0,BENIGN,0.9997889399528503,0.044322043657302856,0.048044364899396896,False,0,BENIGN,0.9064342975616455,0,BENIGN,0.9492270350456238,0.053089119493961334,0,BENIGN,0.9997889399528503,NORMAL,DEEP_ANALYSIS,Random Forest,False,True,False,False,True,True,True,True,True,RF+FedProx+CNN all BENIGN
411,5627,5,PortScan,2,3,False,0,BENIGN,1.0,0.022418316453695297,0.034190841019153595,False,0,BENIGN,0.892737865447998,0,BENIGN,0.9493972063064575,0.055018242448568344,0,BENIGN,1.0,NORMAL,DEEP_ANALYSIS,Random Forest,False,True,False,False,True,True,True,True,True,RF+FedProx+CNN all BENIGN
412,5629,5,PortScan,3,3,True,5,PortScan,0.9997761249542236,0.036565959453582764,0.06137518584728241,False,0,BENIGN,0.9647661447525024,0,BENIGN,0.9544614553451538,,5,PortScan,0.9997761249542236,HIGH,FAST_ATTACK_PATH,Random Forest,True,False,False,False,False,True,True,True,False,FedProx+CNN BENIGN
413,5656,5,PortScan,4,3,False,0,BENIGN,1.0,0.03024495393037796,0.03513067215681076,False,0,BENIGN,0.8113200664520264,0,BENIGN,0.9566130638122559,0.07705901563167572,0,BENIGN,1.0,NORMAL,DEEP_ANALYSIS,Random Forest,False,True,False,False,True,True,True,True,True,RF+FedProx+CNN all BENIGN
414,5664,5,PortScan,5,3,False,0,BENIGN,1.0,0.02594052255153656,0.023055793717503548,False,0,BENIGN,0.9015305042266846,0,BENIGN,0.9999868869781494,0.033003807067871094,0,BENIGN,1.0,NORMAL,DEEP_ANALYSIS,Random Forest,False,True,False,False,True,True,True,True,True,RF+FedProx+CNN all BENIGN
415,5670,5,PortScan,1,3,False,0,BENIGN,0.9997889399528503,0.04412619397044182,0.04783206805586815,False,0,BENIGN,0.8965515494346619,0,BENIGN,0.9525737166404724,0.054850757122039795,0,BENIGN,0.9997889399528503,NORMAL,DEEP_ANALYSIS,Random Forest,False,True,False,False,True,True,True,True,True,RF+FedProx+CNN all BENIGN
416,5677,5,PortScan,2,3,False,0,BENIGN,1.0,0.01882878690958023,0.028716344386339188,False,0,BENIGN,0.9059302806854248,0,BENIGN,0.9427917003631592,0.0525512732565403,0,BENIGN,1.0,NORMAL,DEEP_ANALYSIS,Random Forest,False,True,False,False,True,True,True,True,True,RF+FedProx+CNN all BENIGN
417,5724,5,PortScan,3,3,True,5,PortScan,0.9994699358940125,0.04322152957320213,0.07254641503095627,False,0,BENIGN,0.8881635665893555,0,BENIGN,0.9578321576118469,,5,PortScan,0.9994699358940125,HIGH,FAST_ATTACK_PATH,Random Forest,True,False,False,False,False,True,True,True,False,FedProx+CNN BENIGN
418,5777,5,PortScan,4,3,False,0,BENIGN,1.0,0.025062741711735725,0.029111335054039955,False,0,BENIGN,0.9409959316253662,0,BENIGN,0.9521690011024475,0.03880877047777176,0,BENIGN,1.0,NORMAL,DEEP_ANALYSIS,Random Forest,False,True,False,False,True,True,True,True,True,RF+FedProx+CNN all BENIGN
419,5787,5,PortScan,5,3,False,0,BENIGN,1.0,0.09807899594306946,0.08717207610607147,False,0,BENIGN,0.6050843000411987,0,BENIGN,0.9507103562355042,0.14880190789699554,0,BENIGN,1.0,NORMAL,DEEP_ANALYSIS,Random Forest,False,True,False,False,True,True,True,True,True,RF+FedProx+CNN all BENIGN
420,5800,5,PortScan,1,3,False,0,BENIGN,0.9997889399528503,0.04387897998094559,0.04756408929824829,False,0,BENIGN,0.8754146099090576,0,BENIGN,0.937487781047821,0.06643172353506088,0,BENIGN,0.9997889399528503,NORMAL,DEEP_ANALYSIS,Random Forest,False,True,False,False,True,True,True,True,True,RF+FedProx+CNN all BENIGN
421,5810,5,PortScan,2,3,False,0,BENIGN,1.0,0.01911669597029686,0.029155442491173744,False,0,BENIGN,0.8544921278953552,0,BENIGN,0.6019619107246399,0.18733900785446167,0,BENIGN,1.0,NORMAL,DEEP_ANALYSIS,Random Forest,False,True,False,False,True,True,True,True,True,RF+FedProx+CNN all BENIGN
422,5819,5,PortScan,3,3,True,5,PortScan,0.9994266033172607,0.034470781683921814,0.05785847455263138,False,0,BENIGN,0.9134856462478638,0,BENIGN,0.9173294305801392,,5,PortScan,0.9994266033172607,HIGH,FAST_ATTACK_PATH,Random Forest,True,False,False,False,False,True,True,True,False,FedProx+CNN BENIGN
423,5827,5,PortScan,4,3,False,0,BENIGN,1.0,0.02714969404041767,0.03153540939092636,False,0,BENIGN,0.9167323708534241,0,BENIGN,0.9496141076087952,0.047345664352178574,0,BENIGN,1.0,NORMAL,DEEP_ANALYSIS,Random Forest,False,True,False,False,True,True,True,True,True,RF+FedProx+CNN all BENIGN
424,5841,5,PortScan,5,3,False,0,BENIGN,1.0,0.023494059219956398,0.020881392061710358,False,0,BENIGN,0.9032925963401794,0,BENIGN,0.9934758543968201,0.03442788124084473,0,BENIGN,1.0,NORMAL,DEEP_ANALYSIS,Random Forest,False,True,False,False,True,True,True,True,True,RF+FedProx+CNN all BENIGN
425,5854,5,PortScan,1,3,False,0,BENIGN,0.9997889399528503,0.04593537002801895,0.04979318380355835,False,0,BENIGN,0.9192686676979065,0,BENIGN,0.957115888595581,0.04674002528190613,0,BENIGN,0.9997889399528503,NORMAL,DEEP_ANALYSIS,Random Forest,False,True,False,False,True,True,True,True,True,RF+FedProx+CNN all BENIGN
426,5873,5,PortScan,2,3,False,0,BENIGN,1.0,0.023318519815802574,0.035563766956329346,False,0,BENIGN,0.9252644777297974,0,BENIGN,0.9403858184814453,0.04862018674612045,0,BENIGN,1.0,NORMAL,DEEP_ANALYSIS,Random Forest,False,True,False,False,True,True,True,True,True,RF+FedProx+CNN all BENIGN
427,5894,5,PortScan,3,3,True,5,PortScan,0.9994609355926514,0.08691765367984772,0.14588943123817444,False,0,BENIGN,0.8118034601211548,0,BENIGN,0.959071159362793,,5,PortScan,0.9994609355926514,HIGH,FAST_ATTACK_PATH,Random Forest,True,False,False,False,False,True,True,True,False,FedProx+CNN BENIGN
428,5900,5,PortScan,4,3,False,0,BENIGN,1.0,0.028869949281215668,0.033533550798892975,False,0,BENIGN,0.8270570635795593,0,BENIGN,0.9370871186256409,0.07893242686986923,0,BENIGN,1.0,NORMAL,DEEP_ANALYSIS,Random Forest,False,True,False,False,True,True,True,True,True,RF+FedProx+CNN all BENIGN
429,5911,5,PortScan,5,3,False,0,BENIGN,1.0,0.12688088417053223,0.11277104169130325,False,0,BENIGN,0.998392641544342,0,BENIGN,0.9702746272087097,0.027801744639873505,0,BENIGN,1.0,NORMAL,DEEP_ANALYSIS,Random Forest,False,True,False,False,True,True,True,True,True,RF+FedProx+CNN all BENIGN
430,5935,5,PortScan,1,3,False,0,BENIGN,0.9997889399528503,0.045985590666532516,0.049847621470689774,False,0,BENIGN,0.9197817444801331,0,BENIGN,0.9962241649627686,0.03290637582540512,0,BENIGN,0.9997889399528503,NORMAL,DEEP_ANALYSIS,Random Forest,False,True,False,False,True,True,True,True,True,RF+FedProx+CNN all BENIGN
431,5943,5,PortScan,2,3,False,0,BENIGN,1.0,0.062455885112285614,0.09525333344936371,False,0,BENIGN,0.9867194294929504,0,BENIGN,0.9984097480773926,0.01882876083254814,0,BENIGN,1.0,NORMAL,DEEP_ANALYSIS,Random Forest,False,True,False,False,True,True,True,True,True,RF+FedProx+CNN all BENIGN
432,5952,5,PortScan,3,3,True,5,PortScan,0.9994798898696899,0.03962051123380661,0.06650218367576599,False,0,BENIGN,0.9073933959007263,0,BENIGN,0.9417843818664551,,5,PortScan,0.9994798898696899,HIGH,FAST_ATTACK_PATH,Random Forest,True,False,False,False,False,True,True,True,False,FedProx+CNN BENIGN
433,5967,5,PortScan,4,3,False,0,BENIGN,1.0,0.05923471972346306,0.06880339235067368,False,0,BENIGN,0.9959546327590942,0,BENIGN,0.9693211317062378,0.022271722555160522,0,BENIGN,1.0,NORMAL,DEEP_ANALYSIS,Random Forest,False,True,False,False,True,True,True,True,True,RF+FedProx+CNN all BENIGN
434,5987,5,PortScan,5,3,False,0,BENIGN,1.0,0.026174042373895645,0.023263344541192055,False,0,BENIGN,0.8995139598846436,0,BENIGN,0.9594465494155884,0.04782902076840401,0,BENIGN,1.0,NORMAL,DEEP_ANALYSIS,Random Forest,False,True,False,False,True,True,True,True,True,RF+FedProx+CNN all BENIGN
435,6000,5,PortScan,1,3,False,0,BENIGN,0.9997889399528503,0.04574018716812134,0.049581605941057205,False,0,BENIGN,0.9285094141960144,0,BENIGN,0.94327712059021,0.04877963289618492,0,BENIGN,0.9997889399528503,NORMAL,DEEP_ANALYSIS,Random Forest,False,True,False,False,True,True,True,True,True,RF+FedProx+CNN all BENIGN
436,6004,5,PortScan,2,3,False,0,BENIGN,1.0,0.01857234351336956,0.028325235471129417,False,0,BENIGN,0.8964441418647766,0,BENIGN,0.9420529007911682,0.055597029626369476,0,BENIGN,1.0,NORMAL,DEEP_ANALYSIS,Random Forest,False,True,False,False,True,True,True,True,True,RF+FedProx+CNN all BENIGN
437,6013,5,PortScan,3,3,True,5,PortScan,0.9998080730438232,0.03761988878250122,0.06314418464899063,False,0,BENIGN,0.9554653167724609,0,BENIGN,0.9450600147247314,,5,PortScan,0.9998080730438232,HIGH,FAST_ATTACK_PATH,Random Forest,True,False,False,False,False,True,True,True,False,FedProx+CNN BENIGN
438,6015,5,PortScan,4,3,False,0,BENIGN,1.0,0.024907806888222694,0.028931371867656708,False,0,BENIGN,0.9315053224563599,0,BENIGN,0.9268900752067566,0.05047658458352089,0,BENIGN,1.0,NORMAL,DEEP_ANALYSIS,Random Forest,False,True,False,False,True,True,True,True,True,RF+FedProx+CNN all BENIGN
439,6021,5,PortScan,5,3,False,0,BENIGN,1.0,0.02334802970290184,0.020751599222421646,False,0,BENIGN,0.9338272213935852,0,BENIGN,0.9446292519569397,0.042344335466623306,0,BENIGN,1.0,NORMAL,DEEP_ANALYSIS,Random Forest,False,True,False,False,True,True,True,True,True,RF+FedProx+CNN all BENIGN
440,6033,5,PortScan,1,3,False,0,BENIGN,0.9929043650627136,0.04541132599115372,0.049225129187107086,False,0,BENIGN,0.9527794718742371,0,BENIGN,0.945246160030365,0.0421328991651535,0,BENIGN,0.9929043650627136,NORMAL,DEEP_ANALYSIS,Random Forest,False,True,False,False,True,True,True,True,True,RF+FedProx+CNN all BENIGN
441,6082,5,PortScan,2,3,False,0,BENIGN,1.0,0.02200436405837536,0.033559512346982956,False,0,BENIGN,0.9094372987747192,0,BENIGN,0.9564733505249023,0.04743706434965134,0,BENIGN,1.0,NORMAL,DEEP_ANALYSIS,Random Forest,False,True,False,False,True,True,True,True,True,RF+FedProx+CNN all BENIGN
442,6119,5,PortScan,3,3,True,5,PortScan,0.9997714161872864,0.033884406089782715,0.05687425285577774,False,0,BENIGN,0.9222418665885925,0,BENIGN,0.8889152407646179,,5,PortScan,0.9997714161872864,HIGH,FAST_ATTACK_PATH,Random Forest,True,False,False,False,False,True,True,True,False,FedProx+CNN BENIGN
443,6147,5,PortScan,4,3,False,0,BENIGN,1.0,0.06074422597885132,0.07055674493312836,False,0,BENIGN,0.9947414398193359,0,BENIGN,0.9694264531135559,0.022861821576952934,0,BENIGN,1.0,NORMAL,DEEP_ANALYSIS,Random Forest,False,True,False,False,True,True,True,True,True,RF+FedProx+CNN all BENIGN
444,6155,5,PortScan,5,3,False,0,BENIGN,1.0,0.026574350893497467,0.023619137704372406,False,0,BENIGN,0.9382054805755615,0,BENIGN,0.9470409154891968,0.04061690717935562,0,BENIGN,1.0,NORMAL,DEEP_ANALYSIS,Random Forest,False,True,False,False,True,True,True,True,True,RF+FedProx+CNN all BENIGN
445,6174,5,PortScan,1,3,False,0,BENIGN,0.9997889399528503,0.04679594188928604,0.0507260300219059,False,0,BENIGN,0.9265350103378296,0,BENIGN,0.9407246112823486,0.05043699964880943,0,BENIGN,0.9997889399528503,NORMAL,DEEP_ANALYSIS,Random Forest,False,True,False,False,True,True,True,True,True,RF+FedProx+CNN all BENIGN
446,6181,5,PortScan,2,3,False,0,BENIGN,1.0,0.021483715623617172,0.032765455543994904,False,0,BENIGN,0.8991565108299255,0,BENIGN,0.941774845123291,0.05554667115211487,0,BENIGN,1.0,NORMAL,DEEP_ANALYSIS,Random Forest,False,True,False,False,True,True,True,True,True,RF+FedProx+CNN all BENIGN
447,6239,5,PortScan,3,3,True,5,PortScan,0.9992724657058716,0.06544166803359985,0.109842449426651,False,0,BENIGN,0.8309645652770996,0,BENIGN,0.9404537081718445,,5,PortScan,0.9992724657058716,HIGH,FAST_ATTACK_PATH,Random Forest,True,False,False,False,False,True,True,True,False,FedProx+CNN BENIGN
448,6247,5,PortScan,4,3,False,0,BENIGN,1.0,0.025572415441274643,0.02970333956182003,False,0,BENIGN,0.897391140460968,0,BENIGN,0.9231727719306946,0.06212768703699112,0,BENIGN,1.0,NORMAL,DEEP_ANALYSIS,Random Forest,False,True,False,False,True,True,True,True,True,RF+FedProx+CNN all BENIGN
449,6281,5,PortScan,5,3,False,0,BENIGN,1.0,0.023073464632034302,0.02050756849348545,False,0,BENIGN,0.9204565286636353,0,BENIGN,0.9379045367240906,0.04867259040474892,0,BENIGN,1.0,NORMAL,DEEP_ANALYSIS,Random Forest,False,True,False,False,True,True,True,True,True,RF+FedProx+CNN all BENIGN
450,6297,5,PortScan,1,3,False,0,BENIGN,0.9997889399528503,0.043862104415893555,0.04754579812288284,False,0,BENIGN,0.8765498995780945,0,BENIGN,0.9967880249023438,0.04533330723643303,0,BENIGN,0.9997889399528503,NORMAL,DEEP_ANALYSIS,Random Forest,False,True,False,False,True,True,True,True,True,RF+FedProx+CNN all BENIGN
451,6299,5,PortScan,2,3,False,0,BENIGN,1.0,0.021111221984028816,0.03219735249876976,False,0,BENIGN,0.9366346001625061,0,BENIGN,0.9512746334075928,0.040893103927373886,0,BENIGN,1.0,NORMAL,DEEP_ANALYSIS,Random Forest,False,True,False,False,True,True,True,True,True,RF+FedProx+CNN all BENIGN
452,6317,5,PortScan,3,3,True,5,PortScan,0.9990031123161316,0.03843487799167633,0.06451211869716644,False,0,BENIGN,0.925996720790863,0,BENIGN,0.9834279417991638,,5,PortScan,0.9990031123161316,HIGH,FAST_ATTACK_PATH,Random Forest,True,False,False,False,False,True,True,True,False,FedProx+CNN BENIGN
453,6320,5,PortScan,4,3,False,0,BENIGN,1.0,0.02535395137965679,0.0294495839625597,False,0,BENIGN,0.8821617960929871,0,BENIGN,0.9461396932601929,0.05862000957131386,0,BENIGN,1.0,NORMAL,DEEP_ANALYSIS,Random Forest,False,True,False,False,True,True,True,True,True,RF+FedProx+CNN all BENIGN
454,6349,5,PortScan,5,3,False,0,BENIGN,1.0,0.024814603850245476,0.022055083885788918,False,0,BENIGN,0.8784511089324951,0,BENIGN,0.9426059722900391,0.05986084043979645,0,BENIGN,1.0,NORMAL,DEEP_ANALYSIS,Random Forest,False,True,False,False,True,True,True,True,True,RF+FedProx+CNN all BENIGN
455,6357,5,PortScan,1,3,False,0,BENIGN,0.9997889399528503,0.044579047709703445,0.048322953283786774,False,0,BENIGN,0.9130515456199646,0,BENIGN,0.9766350984573364,0.04155290499329567,0,BENIGN,0.9997889399528503,NORMAL,DEEP_ANALYSIS,Random Forest,False,True,False,False,True,True,True,True,True,RF+FedProx+CNN all BENIGN
456,6370,5,PortScan,2,3,False,0,BENIGN,1.0,0.020465387031435966,0.031212372705340385,False,0,BENIGN,0.8991647958755493,0,BENIGN,0.9973614811897278,0.03585590049624443,0,BENIGN,1.0,NORMAL,DEEP_ANALYSIS,Random Forest,False,True,False,False,True,True,True,True,True,RF+FedProx+CNN all BENIGN
457,6384,5,PortScan,3,3,True,5,PortScan,0.9993415474891663,0.03466341644525528,0.05818180739879608,False,0,BENIGN,0.9156268835067749,0,BENIGN,0.9681469798088074,,5,PortScan,0.9993415474891663,HIGH,FAST_ATTACK_PATH,Random Forest,True,False,False,False,False,True,True,True,False,FedProx+CNN BENIGN
458,6419,5,PortScan,4,3,False,0,BENIGN,1.0,0.02500065788626671,0.02903922088444233,False,0,BENIGN,0.8939140439033508,0,BENIGN,0.9645271301269531,0.04859717935323715,0,BENIGN,1.0,NORMAL,DEEP_ANALYSIS,Random Forest,False,True,False,False,True,True,True,True,True,RF+FedProx+CNN all BENIGN
459,6443,5,PortScan,5,3,False,0,BENIGN,1.0,0.02593100257217884,0.02304733358323574,False,0,BENIGN,0.8950650691986084,0,BENIGN,0.9770327806472778,0.042976103723049164,0,BENIGN,1.0,NORMAL,DEEP_ANALYSIS,Random Forest,False,True,False,False,True,True,True,True,True,RF+FedProx+CNN all BENIGN
460,6461,5,PortScan,1,3,False,0,BENIGN,0.9997889399528503,0.044171612709760666,0.04788130149245262,False,0,BENIGN,0.8995252251625061,0,BENIGN,0.9323725700378418,0.06103644147515297,0,BENIGN,0.9997889399528503,NORMAL,DEEP_ANALYSIS,Random Forest,False,True,False,False,True,True,True,True,True,RF+FedProx+CNN all BENIGN
461,6470,5,PortScan,2,3,False,0,BENIGN,1.0,0.02709120698273182,0.04131760820746422,False,5,PortScan,0.8495327234268188,5,PortScan,0.9914018511772156,0.608048141002655,5,PortScan,0.9914018511772156,HIGH,DEEP_ANALYSIS,CNN-BiLSTM,True,False,False,False,True,False,False,False,False,RF BENIGN only
462,6471,5,PortScan,3,3,True,5,PortScan,0.9999945759773254,0.0441398024559021,0.0740877166390419,False,5,PortScan,0.8981547355651855,5,PortScan,0.9907386302947998,,5,PortScan,0.9999945759773254,HIGH,FAST_ATTACK_PATH,Random Forest,True,False,False,False,False,False,False,False,False,No supervised BENIGN vote
463,6502,5,PortScan,4,3,False,0,BENIGN,1.0,0.04098181426525116,0.04760194569826126,False,5,PortScan,0.937959611415863,5,PortScan,0.991821825504303,0.635665774345398,5,PortScan,0.991821825504303,HIGH,DEEP_ANALYSIS,CNN-BiLSTM,True,False,False,False,True,False,False,False,False,RF BENIGN only
464,6538,5,PortScan,5,3,False,0,BENIGN,1.0,0.055921770632267,0.0497029647231102,False,5,PortScan,0.8967723846435547,5,PortScan,0.8295567631721497,0.5668320655822754,5,PortScan,0.8967723846435547,MEDIUM,DEEP_ANALYSIS,FedProx70 MLP,True,False,False,False,True,False,False,False,False,RF BENIGN only
465,6542,5,PortScan,1,3,False,0,BENIGN,1.0,0.12745730578899384,0.13816162943840027,False,0,BENIGN,0.9989614486694336,5,PortScan,0.7919133305549622,0.2982054650783539,5,PortScan,0.7919133305549622,LOW,DEEP_ANALYSIS,CNN-BiLSTM,True,False,False,False,True,True,False,False,False,FedProx BENIGN only/global disagreement
466,6546,5,PortScan,2,3,False,0,BENIGN,0.9956619143486023,0.04698111489415169,0.07165230065584183,False,5,PortScan,0.9291224479675293,5,PortScan,0.9831380844116211,0.6344504952430725,5,PortScan,0.9831380844116211,HIGH,DEEP_ANALYSIS,CNN-BiLSTM,True,False,False,False,True,False,False,False,False,RF BENIGN only
467,6557,5,PortScan,3,3,True,5,PortScan,0.9999945759773254,0.059205248951911926,0.09937474131584167,False,0,BENIGN,0.6017764806747437,5,PortScan,0.98466557264328,,5,PortScan,0.9999945759773254,HIGH,FAST_ATTACK_PATH,Random Forest,True,False,False,False,False,True,False,False,False,FedProx BENIGN only/global disagreement
468,6607,5,PortScan,4,3,False,0,BENIGN,1.0,0.04036642238497734,0.046887144446372986,False,5,PortScan,0.901964008808136,5,PortScan,0.9913862943649292,0.6246074438095093,5,PortScan,0.9913862943649292,HIGH,DEEP_ANALYSIS,CNN-BiLSTM,True,False,False,False,True,False,False,False,False,RF BENIGN only
469,6611,5,PortScan,5,3,False,0,BENIGN,1.0,0.05239231139421463,0.04656600207090378,False,5,PortScan,0.8058432936668396,5,PortScan,0.9891096353530884,0.5949262380599976,5,PortScan,0.9891096353530884,MEDIUM,DEEP_ANALYSIS,CNN-BiLSTM,True,False,False,False,True,False,False,False,False,RF BENIGN only
470,6705,5,PortScan,1,3,False,0,BENIGN,1.0,0.03578972443938255,0.03879547119140625,False,5,PortScan,0.7781737446784973,5,PortScan,0.9894071221351624,0.5855639576911926,5,PortScan,0.9894071221351624,MEDIUM,DEEP_ANALYSIS,CNN-BiLSTM,True,False,False,False,True,False,False,False,False,RF BENIGN only
471,6730,5,PortScan,2,3,False,0,BENIGN,1.0,0.023796996101737022,0.03629350662231445,False,5,PortScan,0.9329810738563538,5,PortScan,0.9898485541343689,0.6317853927612305,5,PortScan,0.9898485541343689,HIGH,DEEP_ANALYSIS,CNN-BiLSTM,True,False,False,False,True,False,False,False,False,RF BENIGN only
472,6771,5,PortScan,3,3,True,5,PortScan,0.9999945759773254,0.04010399058461189,0.06731369346380234,False,5,PortScan,0.8913248777389526,5,PortScan,0.9877443909645081,,5,PortScan,0.9999945759773254,HIGH,FAST_ATTACK_PATH,Random Forest,True,False,False,False,False,False,False,False,False,No supervised BENIGN vote
473,6775,5,PortScan,4,3,False,0,BENIGN,1.0,0.10579428821802139,0.1228841170668602,False,5,PortScan,0.9189832806587219,5,PortScan,0.9755586981773376,0.635573148727417,5,PortScan,0.9755586981773376,HIGH,DEEP_ANALYSIS,CNN-BiLSTM,True,False,False,False,True,False,False,False,False,RF BENIGN only
474,6795,5,PortScan,5,3,False,0,BENIGN,1.0,0.05144282430410385,0.04572209715843201,False,5,PortScan,0.8022329807281494,5,PortScan,0.9901335835456848,0.5940749049186707,5,PortScan,0.9901335835456848,MEDIUM,DEEP_ANALYSIS,CNN-BiLSTM,True,False,False,False,True,False,False,False,False,RF BENIGN only
475,6804,5,PortScan,1,3,False,0,BENIGN,1.0,0.03271562606096268,0.03546319901943207,False,5,PortScan,0.8879340887069702,5,PortScan,0.9903399348258972,0.6183186769485474,5,PortScan,0.9903399348258972,HIGH,DEEP_ANALYSIS,CNN-BiLSTM,True,False,False,False,True,False,False,False,False,RF BENIGN only
476,6897,5,PortScan,2,3,False,0,BENIGN,1.0,0.02611171454191208,0.039823755621910095,False,5,PortScan,0.9362182021141052,5,PortScan,0.990200936794281,0.6334093809127808,5,PortScan,0.990200936794281,HIGH,DEEP_ANALYSIS,CNN-BiLSTM,True,False,False,False,True,False,False,False,False,RF BENIGN only
477,6902,5,PortScan,3,3,True,5,PortScan,0.9999958276748657,0.04849782586097717,0.08140257000923157,False,5,PortScan,0.930768609046936,5,PortScan,0.9910396933555603,,5,PortScan,0.9999958276748657,HIGH,FAST_ATTACK_PATH,Random Forest,True,False,False,False,False,False,False,False,False,No supervised BENIGN vote
478,6914,5,PortScan,4,3,False,0,BENIGN,1.0,0.042016465216875076,0.04880373179912567,False,5,PortScan,0.8793437480926514,5,PortScan,0.9882504940032959,0.6170113682746887,5,PortScan,0.9882504940032959,HIGH,DEEP_ANALYSIS,CNN-BiLSTM,True,False,False,False,True,False,False,False,False,RF BENIGN only
479,6928,5,PortScan,5,3,False,0,BENIGN,1.0,0.05042245239019394,0.04481520131230354,False,5,PortScan,0.9345963597297668,5,PortScan,0.9886865615844727,0.6331414580345154,5,PortScan,0.9886865615844727,HIGH,DEEP_ANALYSIS,CNN-BiLSTM,True,False,False,False,True,False,False,False,False,RF BENIGN only
480,6938,5,PortScan,1,3,False,0,BENIGN,1.0,0.041367970407009125,0.0448421984910965,False,0,BENIGN,0.5582567453384399,5,PortScan,0.9751332402229309,0.48054593801498413,5,PortScan,0.9751332402229309,MEDIUM,DEEP_ANALYSIS,CNN-BiLSTM,True,False,False,False,True,True,False,False,False,FedProx BENIGN only/global disagreement
481,6948,5,PortScan,2,3,False,0,BENIGN,1.0,0.02393513359129429,0.03650418668985367,False,5,PortScan,0.9327968955039978,5,PortScan,0.9901198148727417,0.6318566799163818,5,PortScan,0.9901198148727417,HIGH,DEEP_ANALYSIS,CNN-BiLSTM,True,False,False,False,True,False,False,False,False,RF BENIGN only
482,6966,5,PortScan,3,3,True,5,PortScan,0.9999905228614807,0.05420280247926712,0.09097824990749359,False,5,PortScan,0.8333005905151367,5,PortScan,0.9845988750457764,,5,PortScan,0.9999905228614807,HIGH,FAST_ATTACK_PATH,Random Forest,True,False,False,False,False,False,False,False,False,No supervised BENIGN vote
483,6973,5,PortScan,4,3,False,0,BENIGN,1.0,0.04071476310491562,0.04729175567626953,False,5,PortScan,0.936262845993042,5,PortScan,0.9902907013893127,0.6345744132995605,5,PortScan,0.9902907013893127,HIGH,DEEP_ANALYSIS,CNN-BiLSTM,True,False,False,False,True,False,False,False,False,RF BENIGN only
484,6991,5,PortScan,5,3,False,0,BENIGN,1.0,0.10617265105247498,0.0943656712770462,False,5,PortScan,0.9559349417686462,5,PortScan,0.981532633304596,0.6444717645645142,5,PortScan,0.981532633304596,HIGH,DEEP_ANALYSIS,CNN-BiLSTM,True,False,False,False,True,False,False,False,False,RF BENIGN only
485,7018,5,PortScan,1,3,False,0,BENIGN,1.0,0.028122033923864365,0.030483821406960487,False,5,PortScan,0.8453394770622253,5,PortScan,0.8451865911483765,0.5539897084236145,5,PortScan,0.8453394770622253,MEDIUM,DEEP_ANALYSIS,FedProx70 MLP,True,False,False,False,True,False,False,False,False,RF BENIGN only
486,7021,5,PortScan,2,3,False,0,BENIGN,1.0,0.028414525091648102,0.04333584010601044,False,5,PortScan,0.9139295816421509,5,PortScan,0.9734646677970886,0.6213918924331665,5,PortScan,0.9734646677970886,HIGH,DEEP_ANALYSIS,CNN-BiLSTM,True,False,False,False,True,False,False,False,False,RF BENIGN only
487,7026,5,PortScan,3,3,True,5,PortScan,0.9999963045120239,0.06430380046367645,0.10793256014585495,False,5,PortScan,0.8629782199859619,5,PortScan,0.9884569644927979,,5,PortScan,0.9999963045120239,HIGH,FAST_ATTACK_PATH,Random Forest,True,False,False,False,False,False,False,False,False,No supervised BENIGN vote
488,7033,5,PortScan,4,3,False,0,BENIGN,1.0,0.038334496319293976,0.04452698305249214,False,5,PortScan,0.8958733677864075,5,PortScan,0.9875661134719849,0.6210892200469971,5,PortScan,0.9875661134719849,HIGH,DEEP_ANALYSIS,CNN-BiLSTM,True,False,False,False,True,False,False,False,False,RF BENIGN only
489,7035,5,PortScan,5,3,False,0,BENIGN,1.0,0.09201165288686752,0.08177945017814636,False,0,BENIGN,0.9829866886138916,5,PortScan,0.9375676512718201,0.3455195724964142,5,PortScan,0.9375676512718201,LOW,DEEP_ANALYSIS,CNN-BiLSTM,True,False,False,False,True,True,False,False,False,FedProx BENIGN only/global disagreement
490,7043,5,PortScan,1,3,False,0,BENIGN,1.0,0.03155240789055824,0.03420229256153107,False,5,PortScan,0.9144098162651062,5,PortScan,0.9908191561698914,0.6262400150299072,5,PortScan,0.9908191561698914,HIGH,DEEP_ANALYSIS,CNN-BiLSTM,True,False,False,False,True,False,False,False,False,RF BENIGN only
491,7053,5,PortScan,2,3,False,0,BENIGN,1.0,0.030372504144906998,0.046322014182806015,False,5,PortScan,0.8580217957496643,5,PortScan,0.9847420454025269,0.6090145707130432,5,PortScan,0.9847420454025269,HIGH,DEEP_ANALYSIS,CNN-BiLSTM,True,False,False,False,True,False,False,False,False,RF BENIGN only
492,7078,5,PortScan,3,3,True,5,PortScan,0.9999963045120239,0.10420208424329758,0.17490097880363464,False,0,BENIGN,0.9867545962333679,5,PortScan,0.8474801778793335,,5,PortScan,0.9999963045120239,HIGH,FAST_ATTACK_PATH,Random Forest,True,False,False,False,False,True,False,False,False,FedProx BENIGN only/global disagreement
493,7081,5,PortScan,4,3,False,0,BENIGN,1.0,0.0404990091919899,0.0470411516726017,False,5,PortScan,0.9346819519996643,5,PortScan,0.9916480779647827,0.6345376372337341,5,PortScan,0.9916480779647827,HIGH,DEEP_ANALYSIS,CNN-BiLSTM,True,False,False,False,True,False,False,False,False,RF BENIGN only
494,7103,5,PortScan,5,3,False,0,BENIGN,1.0,0.049216631799936295,0.043743472546339035,False,5,PortScan,0.9240697026252747,5,PortScan,0.984786331653595,0.6284576654434204,5,PortScan,0.984786331653595,HIGH,DEEP_ANALYSIS,CNN-BiLSTM,True,False,False,False,True,False,False,False,False,RF BENIGN only
495,7155,5,PortScan,1,3,False,0,BENIGN,1.0,0.03340652957558632,0.03621212765574455,False,5,PortScan,0.9139643311500549,5,PortScan,0.989046037197113,0.6257872581481934,5,PortScan,0.989046037197113,HIGH,DEEP_ANALYSIS,CNN-BiLSTM,True,False,False,False,True,False,False,False,False,RF BENIGN only
496,7170,5,PortScan,2,3,False,0,BENIGN,1.0,0.025267532095313072,0.03853626549243927,False,5,PortScan,0.9403047561645508,5,PortScan,0.9881168603897095,0.6337127685546875,5,PortScan,0.9881168603897095,HIGH,DEEP_ANALYSIS,CNN-BiLSTM,True,False,False,False,True,False,False,False,False,RF BENIGN only
497,7181,5,PortScan,3,3,True,5,PortScan,0.9999963045120239,0.06871657818555832,0.11533930897712708,False,5,PortScan,0.9462398290634155,5,PortScan,0.9741820693016052,,5,PortScan,0.9999963045120239,HIGH,FAST_ATTACK_PATH,Random Forest,True,False,False,False,False,False,False,False,False,No supervised BENIGN vote
498,7228,5,PortScan,4,3,False,0,BENIGN,1.0,0.040313608944416046,0.046825800091028214,False,5,PortScan,0.795041024684906,5,PortScan,0.8693869709968567,0.5498216152191162,5,PortScan,0.8693869709968567,MEDIUM,DEEP_ANALYSIS,CNN-BiLSTM,True,False,False,False,True,False,False,False,False,RF BENIGN only
499,7257,5,PortScan,5,3,False,0,BENIGN,1.0,0.050151001662015915,0.044573936611413956,False,5,PortScan,0.9238553047180176,5,PortScan,0.9858396053314209,0.6288865804672241,5,PortScan,0.9858396053314209,HIGH,DEEP_ANALYSIS,CNN-BiLSTM,True,False,False,False,True,False,False,False,False,RF BENIGN only
500,7276,5,PortScan,1,3,False,0,BENIGN,1.0,0.05855680629611015,0.0634746104478836,False,5,PortScan,0.9449741244316101,5,PortScan,0.9824950098991394,0.6368866562843323,5,PortScan,0.9824950098991394,HIGH,DEEP_ANALYSIS,CNN-BiLSTM,True,False,False,False,True,False,False,False,False,RF BENIGN only
501,7302,5,PortScan,2,3,False,0,BENIGN,1.0,0.025559743866324425,0.038981929421424866,False,5,PortScan,0.924281895160675,5,PortScan,0.8925625681877136,0.595528781414032,5,PortScan,0.924281895160675,MEDIUM,DEEP_ANALYSIS,FedProx70 MLP,True,False,False,False,True,False,False,False,False,RF BENIGN only
502,7331,5,PortScan,3,3,True,5,PortScan,0.9999945759773254,0.042112547904253006,0.070685014128685,False,5,PortScan,0.9084122776985168,0,BENIGN,0.6516491770744324,,5,PortScan,0.9999945759773254,HIGH,FAST_ATTACK_PATH,Random Forest,True,False,False,False,False,False,True,False,False,CNN BENIGN only/global disagreement
503,7352,5,PortScan,4,3,False,0,BENIGN,1.0,0.03873628005385399,0.044993672519922256,False,5,PortScan,0.8746157884597778,5,PortScan,0.9900290369987488,0.6156439781188965,5,PortScan,0.9900290369987488,HIGH,DEEP_ANALYSIS,CNN-BiLSTM,True,False,False,False,True,False,False,False,False,RF BENIGN only
504,7369,5,PortScan,5,3,False,0,BENIGN,1.0,0.26207831501960754,0.23293375968933105,False,0,BENIGN,0.9994481205940247,0,BENIGN,0.722165584564209,0.13234767317771912,0,BENIGN,1.0,NORMAL,DEEP_ANALYSIS,Random Forest,False,True,False,False,True,True,True,True,True,RF+FedProx+CNN all BENIGN
505,7373,5,PortScan,1,3,False,0,BENIGN,1.0,0.03235470876097679,0.0350719690322876,False,5,PortScan,0.8774480819702148,5,PortScan,0.9757869243621826,0.610020637512207,5,PortScan,0.9757869243621826,HIGH,DEEP_ANALYSIS,CNN-BiLSTM,True,False,False,False,True,False,False,False,False,RF BENIGN only
506,7380,5,PortScan,2,3,False,0,BENIGN,1.0,0.11529281735420227,0.17583651840686798,False,0,BENIGN,0.9991557598114014,0,BENIGN,0.9778277277946472,0.03438904508948326,0,BENIGN,1.0,NORMAL,DEEP_ANALYSIS,Random Forest,False,True,False,False,True,True,True,True,True,RF+FedProx+CNN all BENIGN
507,7382,5,PortScan,3,3,True,5,PortScan,0.9999937415122986,0.037688247859478,0.06325892359018326,False,5,PortScan,0.8141034841537476,5,PortScan,0.9883044958114624,,5,PortScan,0.9999937415122986,HIGH,FAST_ATTACK_PATH,Random Forest,True,False,False,False,False,False,False,False,False,No supervised BENIGN vote
508,7384,5,PortScan,4,3,False,0,BENIGN,1.0,0.05801137164235115,0.06738242506980896,False,5,PortScan,0.946506917476654,5,PortScan,0.9859423041343689,0.6391392350196838,5,PortScan,0.9859423041343689,HIGH,DEEP_ANALYSIS,CNN-BiLSTM,True,False,False,False,True,False,False,False,False,RF BENIGN only
509,7435,5,PortScan,5,3,False,0,BENIGN,1.0,0.051196228712797165,0.0455029271543026,False,5,PortScan,0.9391254186630249,5,PortScan,0.9857466220855713,0.633574366569519,5,PortScan,0.9857466220855713,HIGH,DEEP_ANALYSIS,CNN-BiLSTM,True,False,False,False,True,False,False,False,False,RF BENIGN only
510,7448,5,PortScan,1,3,False,0,BENIGN,0.9852314591407776,0.07782917469739914,0.08436554670333862,False,5,PortScan,0.7081462740898132,5,PortScan,0.617294430732727,0.44410550594329834,5,PortScan,0.7081462740898132,MEDIUM,DEEP_ANALYSIS,FedProx70 MLP,True,False,False,False,True,False,False,False,False,RF BENIGN only
511,7493,5,PortScan,2,3,False,0,BENIGN,1.0,0.1014174297451973,0.15467475354671478,False,0,BENIGN,0.9982191920280457,5,PortScan,0.6168647408485413,0.23963810503482819,5,PortScan,0.6168647408485413,LOW,DEEP_ANALYSIS,CNN-BiLSTM,True,False,False,False,True,True,False,False,False,FedProx BENIGN only/global disagreement
512,7505,5,PortScan,3,3,True,5,PortScan,0.9999935030937195,0.05198575556278229,0.08725698292255402,False,5,PortScan,0.9364752173423767,5,PortScan,0.8528858423233032,,5,PortScan,0.9999935030937195,HIGH,FAST_ATTACK_PATH,Random Forest,True,False,False,False,False,False,False,False,False,No supervised BENIGN vote
513,7520,5,PortScan,4,3,False,0,BENIGN,1.0,0.03810053691267967,0.04425523430109024,False,5,PortScan,0.8320516347885132,5,PortScan,0.954321026802063,0.5902661681175232,5,PortScan,0.954321026802063,MEDIUM,DEEP_ANALYSIS,CNN-BiLSTM,True,False,False,False,True,False,False,False,False,RF BENIGN only
514,7529,5,PortScan,5,3,False,0,BENIGN,1.0,0.08347871899604797,0.07419542968273163,False,0,BENIGN,0.9715837240219116,5,PortScan,0.8183813095092773,0.3060876727104187,5,PortScan,0.8183813095092773,LOW,DEEP_ANALYSIS,CNN-BiLSTM,True,False,False,False,True,True,False,False,False,FedProx BENIGN only/global disagreement
515,7562,5,PortScan,1,3,False,0,BENIGN,1.0,0.08559710532426834,0.09278585016727448,False,0,BENIGN,0.9945716261863708,5,PortScan,0.9366744160652161,0.34338241815567017,5,PortScan,0.9366744160652161,LOW,DEEP_ANALYSIS,CNN-BiLSTM,True,False,False,False,True,True,False,False,False,FedProx BENIGN only/global disagreement
516,7570,5,PortScan,2,3,False,0,BENIGN,1.0,0.025103529915213585,0.03828614205121994,False,5,PortScan,0.9390559196472168,5,PortScan,0.9843669533729553,0.6319881677627563,5,PortScan,0.9843669533729553,HIGH,DEEP_ANALYSIS,CNN-BiLSTM,True,False,False,False,True,False,False,False,False,RF BENIGN only
517,7579,5,PortScan,3,3,True,5,PortScan,0.9999963045120239,0.05616624280810356,0.09427384287118912,False,5,PortScan,0.925656259059906,5,PortScan,0.9878534078598022,,5,PortScan,0.9999963045120239,HIGH,FAST_ATTACK_PATH,Random Forest,True,False,False,False,False,False,False,False,False,No supervised BENIGN vote
518,7587,5,PortScan,4,3,False,0,BENIGN,1.0,0.08123278617858887,0.09435499459505081,False,5,PortScan,0.9596742987632751,5,PortScan,0.9809839725494385,0.6453999280929565,5,PortScan,0.9809839725494385,HIGH,DEEP_ANALYSIS,CNN-BiLSTM,True,False,False,False,True,False,False,False,False,RF BENIGN only
519,7594,5,PortScan,5,3,False,0,BENIGN,1.0,0.10589318722486496,0.09411728382110596,False,5,PortScan,0.9578801989555359,5,PortScan,0.9679931402206421,0.6402792930603027,5,PortScan,0.9679931402206421,HIGH,DEEP_ANALYSIS,CNN-BiLSTM,True,False,False,False,True,False,False,False,False,RF BENIGN only
520,7614,5,PortScan,1,3,False,0,BENIGN,1.0,0.034303389489650726,0.03718430921435356,False,5,PortScan,0.874518871307373,5,PortScan,0.9900791645050049,0.6144610047340393,5,PortScan,0.9900791645050049,HIGH,DEEP_ANALYSIS,CNN-BiLSTM,True,False,False,False,True,False,False,False,False,RF BENIGN only
521,7618,5,PortScan,2,3,False,0,BENIGN,1.0,0.02403278648853302,0.03665312007069588,False,5,PortScan,0.8779045343399048,5,PortScan,0.9911662936210632,0.6157775521278381,5,PortScan,0.9911662936210632,HIGH,DEEP_ANALYSIS,CNN-BiLSTM,True,False,False,False,True,False,False,False,False,RF BENIGN only
522,7627,5,PortScan,3,3,True,5,PortScan,0.9999958276748657,0.05388423800468445,0.09044354408979416,False,5,PortScan,0.9386500716209412,5,PortScan,0.9901236891746521,,5,PortScan,0.9999958276748657,HIGH,FAST_ATTACK_PATH,Random Forest,True,False,False,False,False,False,False,False,False,No supervised BENIGN vote
523,7637,5,PortScan,4,3,False,0,BENIGN,1.0,0.09338313341140747,0.10846807807683945,False,5,PortScan,0.9397737979888916,5,PortScan,0.9662639498710632,0.636394739151001,5,PortScan,0.9662639498710632,HIGH,DEEP_ANALYSIS,CNN-BiLSTM,True,False,False,False,True,False,False,False,False,RF BENIGN only
524,7653,5,PortScan,5,3,False,0,BENIGN,1.0,0.04955146089196205,0.044041067361831665,False,5,PortScan,0.9274723529815674,5,PortScan,0.9881265163421631,0.630692183971405,5,PortScan,0.9881265163421631,HIGH,DEEP_ANALYSIS,CNN-BiLSTM,True,False,False,False,True,False,False,False,False,RF BENIGN only
525,7664,5,PortScan,1,3,False,0,BENIGN,1.0,0.03003706969320774,0.03255968913435936,False,5,PortScan,0.9219399690628052,5,PortScan,0.959695041179657,0.6173592209815979,5,PortScan,0.959695041179657,HIGH,DEEP_ANALYSIS,CNN-BiLSTM,True,False,False,False,True,False,False,False,False,RF BENIGN only
526,7672,5,PortScan,2,3,False,0,BENIGN,0.9956619143486023,0.029787957668304443,0.0454305000603199,False,5,PortScan,0.9447579383850098,5,PortScan,0.9835923910140991,0.6353669166564941,5,PortScan,0.9835923910140991,HIGH,DEEP_ANALYSIS,CNN-BiLSTM,True,False,False,False,True,False,False,False,False,RF BENIGN only
527,7694,5,PortScan,3,3,True,5,PortScan,0.9999945759773254,0.043091751635074615,0.072328582406044,False,5,PortScan,0.9043224453926086,5,PortScan,0.9892579913139343,,5,PortScan,0.9999945759773254,HIGH,FAST_ATTACK_PATH,Random Forest,True,False,False,False,False,False,False,False,False,No supervised BENIGN vote
528,7705,5,PortScan,4,3,False,0,BENIGN,1.0,0.08554761856794357,0.09936683624982834,False,0,BENIGN,0.977715015411377,5,PortScan,0.88387531042099,0.3309468924999237,5,PortScan,0.88387531042099,LOW,DEEP_ANALYSIS,CNN-BiLSTM,True,False,False,False,True,True,False,False,False,FedProx BENIGN only/global disagreement
529,7722,5,PortScan,5,3,False,0,BENIGN,1.0,0.055125609040260315,0.04899533838033676,False,5,PortScan,0.8500430583953857,5,PortScan,0.9870674014091492,0.6078358292579651,5,PortScan,0.9870674014091492,HIGH,DEEP_ANALYSIS,CNN-BiLSTM,True,False,False,False,True,False,False,False,False,RF BENIGN only
530,7733,5,PortScan,1,3,False,0,BENIGN,1.0,0.03609205409884453,0.03912319242954254,False,5,PortScan,0.7909144759178162,5,PortScan,0.9887868762016296,0.589218258857727,5,PortScan,0.9887868762016296,MEDIUM,DEEP_ANALYSIS,CNN-BiLSTM,True,False,False,False,True,False,False,False,False,RF BENIGN only
531,7739,5,PortScan,2,3,False,0,BENIGN,1.0,0.024050194770097733,0.036679670214653015,False,5,PortScan,0.9381999373435974,5,PortScan,0.9890150427818298,0.633117139339447,5,PortScan,0.9890150427818298,HIGH,DEEP_ANALYSIS,CNN-BiLSTM,True,False,False,False,True,False,False,False,False,RF BENIGN only
532,7740,5,PortScan,3,3,True,5,PortScan,0.9990783333778381,0.010538673959672451,0.017688939347863197,False,0,BENIGN,0.9998317956924438,0,BENIGN,0.7287317514419556,,5,PortScan,0.9990783333778381,HIGH,FAST_ATTACK_PATH,Random Forest,True,False,False,False,False,True,True,True,False,FedProx+CNN BENIGN
533,7755,5,PortScan,4,3,False,0,BENIGN,1.0,0.0806482657790184,0.09367605298757553,False,0,BENIGN,0.9661415219306946,5,PortScan,0.9260494709014893,0.34832626581192017,5,PortScan,0.9260494709014893,LOW,DEEP_ANALYSIS,CNN-BiLSTM,True,False,False,False,True,True,False,False,False,FedProx BENIGN only/global disagreement
534,7757,5,PortScan,5,3,False,0,BENIGN,1.0,0.051500946283340454,0.04577375948429108,False,5,PortScan,0.9392692446708679,5,PortScan,0.9910635948181152,0.6355190873146057,5,PortScan,0.9910635948181152,HIGH,DEEP_ANALYSIS,CNN-BiLSTM,True,False,False,False,True,False,False,False,False,RF BENIGN only
535,7775,5,PortScan,1,3,False,0,BENIGN,1.0,0.032912060618400574,0.035676129162311554,False,5,PortScan,0.9416283369064331,5,PortScan,0.9911254048347473,0.6347337961196899,5,PortScan,0.9911254048347473,HIGH,DEEP_ANALYSIS,CNN-BiLSTM,True,False,False,False,True,False,False,False,False,RF BENIGN only
536,7793,5,PortScan,2,3,False,0,BENIGN,1.0,0.025774328038096428,0.039309196174144745,False,5,PortScan,0.7494256496429443,5,PortScan,0.9916001558303833,0.5777841210365295,5,PortScan,0.9916001558303833,MEDIUM,DEEP_ANALYSIS,CNN-BiLSTM,True,False,False,False,True,False,False,False,False,RF BENIGN only
537,7803,5,PortScan,3,3,True,5,PortScan,0.9999958276748657,0.050971537828445435,0.08555463701486588,False,5,PortScan,0.8928267955780029,5,PortScan,0.9908668994903564,,5,PortScan,0.9999958276748657,HIGH,FAST_ATTACK_PATH,Random Forest,True,False,False,False,False,False,False,False,False,No supervised BENIGN vote
538,7812,5,PortScan,4,3,False,0,BENIGN,1.0,0.037963707000017166,0.04409629851579666,False,5,PortScan,0.8451462388038635,5,PortScan,0.9903774857521057,0.6067904233932495,5,PortScan,0.9903774857521057,HIGH,DEEP_ANALYSIS,CNN-BiLSTM,True,False,False,False,True,False,False,False,False,RF BENIGN only
539,7815,5,PortScan,5,3,False,0,BENIGN,1.0,0.051545120775699615,0.04581302031874657,False,5,PortScan,0.9380002021789551,5,PortScan,0.9906582832336426,0.6350023746490479,5,PortScan,0.9906582832336426,HIGH,DEEP_ANALYSIS,CNN-BiLSTM,True,False,False,False,True,False,False,False,False,RF BENIGN only
540,7821,5,PortScan,1,3,False,0,BENIGN,1.0,0.03311128169298172,0.03589208424091339,False,5,PortScan,0.8996391892433167,5,PortScan,0.9796035885810852,0.6181368231773376,5,PortScan,0.9796035885810852,HIGH,DEEP_ANALYSIS,CNN-BiLSTM,True,False,False,False,True,False,False,False,False,RF BENIGN only
541,7897,5,PortScan,2,3,False,0,BENIGN,1.0,0.1207440197467804,0.18415029346942902,False,0,BENIGN,0.999136745929718,5,PortScan,0.7457098364830017,0.28887996077537537,5,PortScan,0.7457098364830017,LOW,DEEP_ANALYSIS,CNN-BiLSTM,True,False,False,False,True,True,False,False,False,FedProx BENIGN only/global disagreement
542,7901,5,PortScan,3,3,True,5,PortScan,0.9999963045120239,0.10670167207717896,0.17909647524356842,False,5,PortScan,0.9257208108901978,5,PortScan,0.9785561561584473,,5,PortScan,0.9999963045120239,HIGH,FAST_ATTACK_PATH,Random Forest,True,False,False,False,False,False,False,False,False,No supervised BENIGN vote
543,7925,5,PortScan,4,3,False,0,BENIGN,1.0,0.18219411373138428,0.21162544190883636,False,0,BENIGN,0.9944321513175964,5,PortScan,0.6620675325393677,0.26513782143592834,5,PortScan,0.6620675325393677,LOW,DEEP_ANALYSIS,CNN-BiLSTM,True,False,False,False,True,True,False,False,False,FedProx BENIGN only/global disagreement
544,7949,5,PortScan,5,3,False,0,BENIGN,1.0,0.05190999060869217,0.04613731428980827,False,5,PortScan,0.9429126381874084,5,PortScan,0.9909017086029053,0.6366099715232849,5,PortScan,0.9909017086029053,HIGH,DEEP_ANALYSIS,CNN-BiLSTM,True,False,False,False,True,False,False,False,False,RF BENIGN only
545,7956,5,PortScan,1,3,False,0,BENIGN,1.0,0.03413665294647217,0.037003569304943085,False,5,PortScan,0.8989400863647461,5,PortScan,0.9847770929336548,0.6199045777320862,5,PortScan,0.9847770929336548,HIGH,DEEP_ANALYSIS,CNN-BiLSTM,True,False,False,False,True,False,False,False,False,RF BENIGN only
546,7965,5,PortScan,2,3,False,0,BENIGN,1.0,0.021990567445755005,0.03353847190737724,False,5,PortScan,0.8564969897270203,5,PortScan,0.9908343553543091,0.6087718605995178,5,PortScan,0.9908343553543091,HIGH,DEEP_ANALYSIS,CNN-BiLSTM,True,False,False,False,True,False,False,False,False,RF BENIGN only
547,7988,5,PortScan,3,3,True,5,PortScan,0.9999915957450867,0.03857434540987015,0.06474621593952179,False,5,PortScan,0.8830853700637817,5,PortScan,0.9895260334014893,,5,PortScan,0.9999915957450867,HIGH,FAST_ATTACK_PATH,Random Forest,True,False,False,False,False,False,False,False,False,No supervised BENIGN vote
548,7992,5,PortScan,4,3,False,0,BENIGN,1.0,0.040171440690755844,0.046660665422677994,False,5,PortScan,0.9321229457855225,5,PortScan,0.9915565252304077,0.6336807608604431,5,PortScan,0.9915565252304077,HIGH,DEEP_ANALYSIS,CNN-BiLSTM,True,False,False,False,True,False,False,False,False,RF BENIGN only
549,8036,5,PortScan,5,3,False,0,BENIGN,1.0,0.05346233397722244,0.04751703143119812,False,5,PortScan,0.9170315861701965,5,PortScan,0.9824157953262329,0.6260825991630554,5,PortScan,0.9824157953262329,HIGH,DEEP_ANALYSIS,CNN-BiLSTM,True,False,False,False,True,False,False,False,False,RF BENIGN only
550,8082,5,PortScan,1,3,False,0,BENIGN,1.0,0.033147916197776794,0.035931795835494995,False,5,PortScan,0.9183261394500732,5,PortScan,0.9873377084732056,0.6264557838439941,5,PortScan,0.9873377084732056,HIGH,DEEP_ANALYSIS,CNN-BiLSTM,True,False,False,False,True,False,False,False,False,RF BENIGN only
551,8110,5,PortScan,2,3,False,0,BENIGN,0.9956619143486023,0.030456963926553726,0.04645082354545593,False,5,PortScan,0.9594956040382385,5,PortScan,0.9827202558517456,0.6396359801292419,5,PortScan,0.9827202558517456,HIGH,DEEP_ANALYSIS,CNN-BiLSTM,True,False,False,False,True,False,False,False,False,RF BENIGN only
552,8148,5,PortScan,3,3,True,5,PortScan,0.9999963045120239,0.11494098603725433,0.19292598962783813,False,5,PortScan,0.8154492378234863,5,PortScan,0.9629517793655396,,5,PortScan,0.9999963045120239,HIGH,FAST_ATTACK_PATH,Random Forest,True,False,False,False,False,False,False,False,False,No supervised BENIGN vote
553,8153,5,PortScan,4,3,False,0,BENIGN,1.0,0.03900962695479393,0.04531117528676987,False,5,PortScan,0.750084400177002,5,PortScan,0.9891056418418884,0.5780089497566223,5,PortScan,0.9891056418418884,MEDIUM,DEEP_ANALYSIS,CNN-BiLSTM,True,False,False,False,True,False,False,False,False,RF BENIGN only
554,8163,5,PortScan,5,3,False,0,BENIGN,1.0,0.04914265125989914,0.04367772117257118,False,5,PortScan,0.9089879393577576,5,PortScan,0.9905644655227661,0.6259456276893616,5,PortScan,0.9905644655227661,HIGH,DEEP_ANALYSIS,CNN-BiLSTM,True,False,False,False,True,False,False,False,False,RF BENIGN only
555,8172,5,PortScan,1,3,False,0,BENIGN,1.0,0.03343076631426811,0.036238398402929306,False,5,PortScan,0.9135094285011292,5,PortScan,0.9906803965568542,0.6262267231941223,5,PortScan,0.9906803965568542,HIGH,DEEP_ANALYSIS,CNN-BiLSTM,True,False,False,False,True,False,False,False,False,RF BENIGN only
556,8203,5,PortScan,2,3,False,0,BENIGN,0.9950000047683716,0.022752422839403152,0.03470040112733841,False,5,PortScan,0.9213778376579285,5,PortScan,0.9818945527076721,0.6262814998626709,5,PortScan,0.9818945527076721,HIGH,DEEP_ANALYSIS,CNN-BiLSTM,True,False,False,False,True,False,False,False,False,RF BENIGN only
557,8257,5,PortScan,3,3,True,5,PortScan,0.9998890161514282,0.05104685202240944,0.08568105101585388,False,5,PortScan,0.9276994466781616,5,PortScan,0.989888608455658,,5,PortScan,0.9998890161514282,HIGH,FAST_ATTACK_PATH,Random Forest,True,False,False,False,False,False,False,False,False,No supervised BENIGN vote
558,8264,5,PortScan,4,3,False,0,BENIGN,1.0,0.03818080574274063,0.04434846714138985,False,5,PortScan,0.8765038251876831,5,PortScan,0.991104781627655,0.6164901256561279,5,PortScan,0.991104781627655,HIGH,DEEP_ANALYSIS,CNN-BiLSTM,True,False,False,False,True,False,False,False,False,RF BENIGN only
559,8268,5,PortScan,5,3,False,0,BENIGN,1.0,0.04905109852552414,0.04359634965658188,False,5,PortScan,0.920997142791748,5,PortScan,0.9906195402145386,0.6295554637908936,5,PortScan,0.9906195402145386,HIGH,DEEP_ANALYSIS,CNN-BiLSTM,True,False,False,False,True,False,False,False,False,RF BENIGN only
560,8275,5,PortScan,1,3,False,0,BENIGN,1.0,0.032811615616083145,0.03556725010275841,False,5,PortScan,0.9372606873512268,5,PortScan,0.9806526899337769,0.6297417283058167,5,PortScan,0.9806526899337769,HIGH,DEEP_ANALYSIS,CNN-BiLSTM,True,False,False,False,True,False,False,False,False,RF BENIGN only
561,8291,5,PortScan,2,3,False,0,BENIGN,1.0,0.027243122458457947,0.04154929891228676,False,5,PortScan,0.7466055750846863,5,PortScan,0.9908674955368042,0.5770176649093628,5,PortScan,0.9908674955368042,MEDIUM,DEEP_ANALYSIS,CNN-BiLSTM,True,False,False,False,True,False,False,False,False,RF BENIGN only
562,8326,5,PortScan,3,3,True,5,PortScan,0.9999963045120239,0.05730470269918442,0.09618472307920456,False,5,PortScan,0.9467201828956604,5,PortScan,0.9904307723045349,,5,PortScan,0.9999963045120239,HIGH,FAST_ATTACK_PATH,Random Forest,True,False,False,False,False,False,False,False,False,No supervised BENIGN vote
563,8328,5,PortScan,4,3,False,0,BENIGN,1.0,0.04324439913034439,0.05023002624511719,False,5,PortScan,0.923418402671814,5,PortScan,0.982693076133728,0.628502607345581,5,PortScan,0.982693076133728,HIGH,DEEP_ANALYSIS,CNN-BiLSTM,True,False,False,False,True,False,False,False,False,RF BENIGN only
564,8333,5,PortScan,5,3,False,0,BENIGN,1.0,0.12367089092731476,0.109918013215065,False,5,PortScan,0.9453551769256592,5,PortScan,0.9606757164001465,0.636330783367157,5,PortScan,0.9606757164001465,HIGH,DEEP_ANALYSIS,CNN-BiLSTM,True,False,False,False,True,False,False,False,False,RF BENIGN only
565,8341,5,PortScan,1,3,False,0,BENIGN,1.0,0.029966073110699654,0.032482728362083435,False,5,PortScan,0.9197549223899841,5,PortScan,0.9683977365493774,0.6197380423545837,5,PortScan,0.9683977365493774,HIGH,DEEP_ANALYSIS,CNN-BiLSTM,True,False,False,False,True,False,False,False,False,RF BENIGN only
566,8356,5,PortScan,2,3,False,0,BENIGN,0.9961690902709961,0.06537377834320068,0.09970349818468094,False,5,PortScan,0.918817400932312,5,PortScan,0.9697409272193909,0.6307762861251831,5,PortScan,0.9697409272193909,HIGH,DEEP_ANALYSIS,CNN-BiLSTM,True,False,False,False,True,False,False,False,False,RF BENIGN only
567,8403,5,PortScan,3,3,True,5,PortScan,0.9999915957450867,0.0383048914372921,0.06429394334554672,False,5,PortScan,0.8826005458831787,5,PortScan,0.9890137314796448,,5,PortScan,0.9999915957450867,HIGH,FAST_ATTACK_PATH,Random Forest,True,False,False,False,False,False,False,False,False,No supervised BENIGN vote
568,8430,5,PortScan,4,3,False,0,BENIGN,1.0,0.08043608069419861,0.09342958778142929,False,0,BENIGN,0.9855486750602722,5,PortScan,0.9374068975448608,0.34644225239753723,5,PortScan,0.9374068975448608,LOW,DEEP_ANALYSIS,CNN-BiLSTM,True,False,False,False,True,True,False,False,False,FedProx BENIGN only/global disagreement
569,8432,5,PortScan,5,3,False,0,BENIGN,1.0,0.052990932017564774,0.04709804803133011,False,5,PortScan,0.9450938105583191,5,PortScan,0.9898337125778198,0.6370346546173096,5,PortScan,0.9898337125778198,HIGH,DEEP_ANALYSIS,CNN-BiLSTM,True,False,False,False,True,False,False,False,False,RF BENIGN only
570,8434,5,PortScan,1,3,False,0,BENIGN,1.0,0.03421097993850708,0.03708413988351822,False,5,PortScan,0.8839719295501709,5,PortScan,0.9819204211235046,0.61442631483078,5,PortScan,0.9819204211235046,HIGH,DEEP_ANALYSIS,CNN-BiLSTM,True,False,False,False,True,False,False,False,False,RF BENIGN only
571,8458,5,PortScan,2,3,False,0,BENIGN,0.9956270456314087,0.11010394245386124,0.16792280972003937,False,0,BENIGN,0.9891059994697571,5,PortScan,0.8487051129341125,0.3263779878616333,5,PortScan,0.8487051129341125,LOW,DEEP_ANALYSIS,CNN-BiLSTM,True,False,False,False,True,True,False,False,False,FedProx BENIGN only/global disagreement
572,8462,5,PortScan,3,3,True,5,PortScan,0.9999945759773254,0.06428294628858566,0.10789754986763,False,0,BENIGN,0.784752607345581,5,PortScan,0.9820475578308105,,5,PortScan,0.9999945759773254,HIGH,FAST_ATTACK_PATH,Random Forest,True,False,False,False,False,True,False,False,False,FedProx BENIGN only/global disagreement
573,8492,5,PortScan,4,3,False,0,BENIGN,1.0,0.03818335756659508,0.04435143247246742,False,5,PortScan,0.8389236330986023,5,PortScan,0.9913437366485596,0.6053000688552856,5,PortScan,0.9913437366485596,HIGH,DEEP_ANALYSIS,CNN-BiLSTM,True,False,False,False,True,False,False,False,False,RF BENIGN only
574,8496,5,PortScan,5,3,False,0,BENIGN,1.0,0.05101148039102554,0.04533872380852699,False,5,PortScan,0.9088948965072632,5,PortScan,0.9901513457298279,0.6260222792625427,5,PortScan,0.9901513457298279,HIGH,DEEP_ANALYSIS,CNN-BiLSTM,True,False,False,False,True,False,False,False,False,RF BENIGN only
575,8570,5,PortScan,1,3,False,0,BENIGN,1.0,0.03276025503873825,0.035511575639247894,False,5,PortScan,0.9047628045082092,5,PortScan,0.9696292877197266,0.6161258220672607,5,PortScan,0.9696292877197266,HIGH,DEEP_ANALYSIS,CNN-BiLSTM,True,False,False,False,True,False,False,False,False,RF BENIGN only
576,8594,5,PortScan,2,3,False,0,BENIGN,1.0,0.024108832702040672,0.03676910325884819,False,5,PortScan,0.9152594208717346,5,PortScan,0.9904072880744934,0.6267356872558594,5,PortScan,0.9904072880744934,HIGH,DEEP_ANALYSIS,CNN-BiLSTM,True,False,False,False,True,False,False,False,False,RF BENIGN only
577,8620,5,PortScan,3,3,True,5,PortScan,0.9999958276748657,0.05451057478785515,0.0914948433637619,False,5,PortScan,0.9403178095817566,5,PortScan,0.9912131428718567,,5,PortScan,0.9999958276748657,HIGH,FAST_ATTACK_PATH,Random Forest,True,False,False,False,False,False,False,False,False,No supervised BENIGN vote
578,8626,5,PortScan,4,3,False,0,BENIGN,1.0,0.04075593128800392,0.04733957722783089,False,5,PortScan,0.9291095733642578,5,PortScan,0.9869691133499146,0.6312730312347412,5,PortScan,0.9869691133499146,HIGH,DEEP_ANALYSIS,CNN-BiLSTM,True,False,False,False,True,False,False,False,False,RF BENIGN only
579,8627,5,PortScan,5,3,False,0,BENIGN,1.0,0.05121936649084091,0.045523494482040405,False,5,PortScan,0.9395619034767151,5,PortScan,0.9739930033683777,0.6295946836471558,5,PortScan,0.9739930033683777,HIGH,DEEP_ANALYSIS,CNN-BiLSTM,True,False,False,False,True,False,False,False,False,RF BENIGN only
580,8805,5,PortScan,1,3,False,0,BENIGN,0.9997889399528503,0.04686613753437996,0.05080212280154228,False,0,BENIGN,0.9511868357658386,0,BENIGN,0.9984449744224548,0.02285074070096016,0,BENIGN,0.9997889399528503,NORMAL,DEEP_ANALYSIS,Random Forest,False,True,False,False,True,True,True,True,True,RF+FedProx+CNN all BENIGN
581,8862,5,PortScan,2,3,False,0,BENIGN,1.0,0.021681172773241997,0.033066604286432266,False,0,BENIGN,0.8047757148742676,0,BENIGN,0.9527908563613892,0.08005048334598541,0,BENIGN,1.0,NORMAL,DEEP_ANALYSIS,Random Forest,False,True,False,False,True,True,True,True,True,RF+FedProx+CNN all BENIGN
582,8911,5,PortScan,3,3,True,5,PortScan,0.9994281530380249,0.03663377836346626,0.06148901581764221,False,0,BENIGN,0.8870680928230286,0,BENIGN,0.9524174332618713,,5,PortScan,0.9994281530380249,HIGH,FAST_ATTACK_PATH,Random Forest,True,False,False,False,False,True,True,True,False,FedProx+CNN BENIGN
583,8955,5,PortScan,4,3,False,0,BENIGN,1.0,0.02456630952656269,0.02853471040725708,False,0,BENIGN,0.9077167510986328,0,BENIGN,0.9999434947967529,0.03198495879769325,0,BENIGN,1.0,NORMAL,DEEP_ANALYSIS,Random Forest,False,True,False,False,True,True,True,True,True,RF+FedProx+CNN all BENIGN
584,8960,5,PortScan,5,3,False,0,BENIGN,1.0,0.027308300137519836,0.024271467700600624,False,0,BENIGN,0.9173527359962463,0,BENIGN,0.9993958473205566,0.028646353632211685,0,BENIGN,1.0,NORMAL,DEEP_ANALYSIS,Random Forest,False,True,False,False,True,True,True,True,True,RF+FedProx+CNN all BENIGN
585,8969,5,PortScan,1,3,False,0,BENIGN,0.9997889399528503,0.17220640182495117,0.18666890263557434,False,0,BENIGN,0.9994357228279114,0,BENIGN,0.9751549959182739,0.036907583475112915,0,BENIGN,0.9997889399528503,NORMAL,DEEP_ANALYSIS,Random Forest,False,True,False,False,True,True,True,True,True,RF+FedProx+CNN all BENIGN
586,8984,5,PortScan,2,3,False,0,BENIGN,1.0,0.023570653051137924,0.03594830259680748,False,0,BENIGN,0.9442474842071533,0,BENIGN,0.99782395362854,0.022879619151353836,0,BENIGN,1.0,NORMAL,DEEP_ANALYSIS,Random Forest,False,True,False,False,True,True,True,True,True,RF+FedProx+CNN all BENIGN
587,8998,5,PortScan,3,3,True,5,PortScan,0.9995627403259277,0.0335322804749012,0.056283216923475266,False,0,BENIGN,0.9374667406082153,0,BENIGN,0.9565221071243286,,5,PortScan,0.9995627403259277,HIGH,FAST_ATTACK_PATH,Random Forest,True,False,False,False,False,True,True,True,False,FedProx+CNN BENIGN
588,9014,5,PortScan,4,3,False,0,BENIGN,1.0,0.02751876227557659,0.031964097172021866,False,0,BENIGN,0.9629406332969666,0,BENIGN,0.9568396210670471,0.031018557026982307,0,BENIGN,1.0,NORMAL,DEEP_ANALYSIS,Random Forest,False,True,False,False,True,True,True,True,True,RF+FedProx+CNN all BENIGN
589,9018,5,PortScan,5,3,False,0,BENIGN,1.0,0.12725898623466492,0.1131070926785469,False,0,BENIGN,0.9987205862998962,0,BENIGN,0.9667149186134338,0.02899966761469841,0,BENIGN,1.0,NORMAL,DEEP_ANALYSIS,Random Forest,False,True,False,False,True,True,True,True,True,RF+FedProx+CNN all BENIGN
590,9032,5,PortScan,1,3,False,0,BENIGN,0.9997889399528503,0.04392027109861374,0.04760885238647461,False,0,BENIGN,0.8872610926628113,0,BENIGN,0.9736541509628296,0.05022625997662544,0,BENIGN,0.9997889399528503,NORMAL,DEEP_ANALYSIS,Random Forest,False,True,False,False,True,True,True,True,True,RF+FedProx+CNN all BENIGN
591,9102,5,PortScan,2,3,False,0,BENIGN,1.0,0.10501302033662796,0.16015848517417908,False,0,BENIGN,0.9986943602561951,0,BENIGN,0.9737170934677124,0.03361448273062706,0,BENIGN,1.0,NORMAL,DEEP_ANALYSIS,Random Forest,False,True,False,False,True,True,True,True,True,RF+FedProx+CNN all BENIGN
592,9111,5,PortScan,3,3,True,5,PortScan,0.9997867345809937,0.11869239807128906,0.19922266900539398,False,0,BENIGN,0.999107301235199,0,BENIGN,0.9758735299110413,,5,PortScan,0.9997867345809937,HIGH,FAST_ATTACK_PATH,Random Forest,True,False,False,False,False,True,True,True,False,FedProx+CNN BENIGN
593,9130,5,PortScan,4,3,False,0,BENIGN,1.0,0.024943239986896515,0.028972528874874115,False,0,BENIGN,0.9251995086669922,0,BENIGN,0.9462404251098633,0.04560187831521034,0,BENIGN,1.0,NORMAL,DEEP_ANALYSIS,Random Forest,False,True,False,False,True,True,True,True,True,RF+FedProx+CNN all BENIGN
594,9139,5,PortScan,5,3,False,0,BENIGN,1.0,0.08725903183221817,0.077555350959301,False,0,BENIGN,0.6460097432136536,0,BENIGN,0.9478092789649963,0.13609713315963745,0,BENIGN,1.0,NORMAL,DEEP_ANALYSIS,Random Forest,False,True,False,False,True,True,True,True,True,RF+FedProx+CNN all BENIGN
595,9144,5,PortScan,1,3,False,0,BENIGN,0.9997889399528503,0.044040534645318985,0.047739215195178986,False,0,BENIGN,0.8708614706993103,0,BENIGN,0.9331827163696289,0.06933069974184036,0,BENIGN,0.9997889399528503,NORMAL,DEEP_ANALYSIS,Random Forest,False,True,False,False,True,True,True,True,True,RF+FedProx+CNN all BENIGN
596,9160,5,PortScan,2,3,False,0,BENIGN,1.0,0.03163514658808708,0.04824770614504814,False,0,BENIGN,0.6587706208229065,0,BENIGN,0.9574314951896667,0.124504953622818,0,BENIGN,1.0,NORMAL,DEEP_ANALYSIS,Random Forest,False,True,False,False,True,True,True,True,True,RF+FedProx+CNN all BENIGN
597,9208,5,PortScan,3,3,True,5,PortScan,0.9994688630104065,0.09521258622407913,0.1598123013973236,False,0,BENIGN,0.8173119425773621,0,BENIGN,0.9622012376785278,,5,PortScan,0.9994688630104065,HIGH,FAST_ATTACK_PATH,Random Forest,True,False,False,False,False,True,True,True,False,FedProx+CNN BENIGN
598,9215,5,PortScan,4,3,False,0,BENIGN,1.0,0.0614294707775116,0.07135267555713654,False,0,BENIGN,0.9938181042671204,0,BENIGN,0.9500805735588074,0.03002927079796791,0,BENIGN,1.0,NORMAL,DEEP_ANALYSIS,Random Forest,False,True,False,False,True,True,True,True,True,RF+FedProx+CNN all BENIGN
599,9222,5,PortScan,5,3,False,0,BENIGN,1.0,0.02353418990969658,0.020917057991027832,False,0,BENIGN,0.8985674381256104,0,BENIGN,0.9351707696914673,0.05625756084918976,0,BENIGN,1.0,NORMAL,DEEP_ANALYSIS,Random Forest,False,True,False,False,True,True,True,True,True,RF+FedProx+CNN all BENIGN
600,43608,2,DoS GoldenEye,1,4,False,3,DoS Hulk,0.7198926210403442,0.6186471581459045,0.670603334903717,False,2,DoS GoldenEye,0.8600863814353943,2,DoS GoldenEye,0.8966562151908875,0.8164246082305908,2,DoS GoldenEye,0.8966562151908875,CRITICAL,DEEP_ANALYSIS,CNN-BiLSTM,True,False,False,False,False,False,False,False,False,No supervised BENIGN vote
601,43609,2,DoS GoldenEye,2,4,False,0,BENIGN,0.9324573278427124,0.08658942580223083,0.13206011056900024,False,2,DoS GoldenEye,0.8955071568489075,1,DDoS,0.6540683507919312,0.5308936238288879,2,DoS GoldenEye,0.8955071568489075,MEDIUM,DEEP_ANALYSIS,FedProx70 MLP,True,False,False,False,True,False,False,False,False,RF BENIGN only
602,43613,2,DoS GoldenEye,3,4,False,0,BENIGN,0.7571871876716614,1.1533787250518799,1.0,True,2,DoS GoldenEye,0.5612140893936157,3,DoS Hulk,0.5287466645240784,0.5519881248474121,2,DoS GoldenEye,0.5612140893936157,MEDIUM,DEEP_ANALYSIS,FedProx70 MLP,True,False,False,False,True,False,False,False,False,RF BENIGN only
603,43614,2,DoS GoldenEye,4,4,True,2,DoS GoldenEye,0.9999998807907104,0.2566424310207367,0.29809999465942383,False,2,DoS GoldenEye,0.9055320620536804,3,DoS Hulk,0.4770485758781433,,2,DoS GoldenEye,0.9999998807907104,HIGH,FAST_ATTACK_PATH,Random Forest,True,False,False,False,False,False,False,False,False,No supervised BENIGN vote
604,43616,2,DoS GoldenEye,5,4,False,0,BENIGN,1.0,0.2594834864139557,0.23062750697135925,False,2,DoS GoldenEye,0.9380607008934021,3,DoS Hulk,0.9164164662361145,0.6367581486701965,2,DoS GoldenEye,0.9380607008934021,HIGH,DEEP_ANALYSIS,FedProx70 MLP,True,False,False,False,True,False,False,False,False,RF BENIGN only
605,43617,2,DoS GoldenEye,1,4,False,3,DoS Hulk,0.9535436034202576,0.4075622856616974,0.4417908191680908,False,2,DoS GoldenEye,0.8707354664802551,3,DoS Hulk,0.9487248659133911,,3,DoS Hulk,0.9535436034202576,HIGH,FAST_ATTACK_PATH,Random Forest,False,False,True,False,False,False,False,False,False,No supervised BENIGN vote
606,43619,2,DoS GoldenEye,2,4,False,0,BENIGN,0.8496707677841187,1.1471588611602783,1.0,True,2,DoS GoldenEye,0.5385202765464783,3,DoS Hulk,0.5993800163269043,0.5514049530029297,3,DoS Hulk,0.5993800163269043,MEDIUM,DEEP_ANALYSIS,CNN-BiLSTM,False,False,True,False,True,False,False,False,False,RF BENIGN only
607,43620,2,DoS GoldenEye,3,4,False,0,BENIGN,0.7630815505981445,0.20944683253765106,0.3515520393848419,False,2,DoS GoldenEye,0.8902419805526733,1,DDoS,0.5076149702072144,0.5448543429374695,2,DoS GoldenEye,0.8902419805526733,MEDIUM,DEEP_ANALYSIS,FedProx70 MLP,True,False,False,False,True,False,False,False,False,RF BENIGN only
608,43621,2,DoS GoldenEye,4,4,True,2,DoS GoldenEye,0.9899998903274536,0.19428317248821259,0.225667342543602,False,2,DoS GoldenEye,0.9338483214378357,3,DoS Hulk,0.5576052069664001,,2,DoS GoldenEye,0.9899998903274536,HIGH,FAST_ATTACK_PATH,Random Forest,True,False,False,False,False,False,False,False,False,No supervised BENIGN vote
609,43623,2,DoS GoldenEye,5,4,False,0,BENIGN,1.0,0.425038605928421,0.3777719736099243,False,0,BENIGN,0.9862746596336365,0,BENIGN,0.9998430013656616,0.06083834916353226,0,BENIGN,1.0,NORMAL,DEEP_ANALYSIS,Random Forest,False,True,False,False,True,True,True,True,True,RF+FedProx+CNN all BENIGN
610,43624,2,DoS GoldenEye,1,4,False,0,BENIGN,0.987927258014679,0.07968984544277191,0.08638247847557068,False,0,BENIGN,0.8868845105171204,0,BENIGN,0.9997647404670715,0.049388907849788666,0,BENIGN,0.9997647404670715,NORMAL,DEEP_ANALYSIS,CNN-BiLSTM,False,True,False,False,True,True,True,True,True,RF+FedProx+CNN all BENIGN
611,43627,2,DoS GoldenEye,2,4,False,0,BENIGN,1.0,0.06668834388256073,0.10170838236808777,False,0,BENIGN,0.9834398031234741,0,BENIGN,0.9969647526741028,0.021286653354763985,0,BENIGN,1.0,NORMAL,DEEP_ANALYSIS,Random Forest,False,True,False,False,True,True,True,True,True,RF+FedProx+CNN all BENIGN
612,43641,2,DoS GoldenEye,3,4,False,0,BENIGN,0.9950000047683716,0.020898805931210518,0.035078201442956924,False,0,BENIGN,0.9892281293869019,0,BENIGN,0.8330366015434265,0.06793047487735748,0,BENIGN,0.9950000047683716,NORMAL,DEEP_ANALYSIS,Random Forest,False,True,False,False,True,True,True,True,True,RF+FedProx+CNN all BENIGN
613,43642,2,DoS GoldenEye,4,4,True,2,DoS GoldenEye,0.9999998807907104,0.759964644908905,0.8827280402183533,True,2,DoS GoldenEye,0.792453408241272,3,DoS Hulk,0.7324365973472595,,2,DoS GoldenEye,0.9999998807907104,HIGH,FAST_ATTACK_PATH,Random Forest,True,False,False,False,False,False,False,False,False,No supervised BENIGN vote
614,43644,2,DoS GoldenEye,5,4,False,0,BENIGN,1.0,0.5239434242248535,0.46567806601524353,False,0,BENIGN,0.9923558235168457,0,BENIGN,0.9990014433860779,0.07249446213245392,0,BENIGN,1.0,NORMAL,DEEP_ANALYSIS,Random Forest,False,True,False,False,True,True,True,True,True,RF+FedProx+CNN all BENIGN
615,43647,2,DoS GoldenEye,1,4,False,3,DoS Hulk,0.6710918545722961,1.0664178133010864,1.0,True,2,DoS GoldenEye,0.7214558124542236,3,DoS Hulk,0.6434493064880371,0.7258623838424683,2,DoS GoldenEye,0.7214558124542236,HIGH,DEEP_ANALYSIS,FedProx70 MLP,True,False,False,False,False,False,False,False,False,No supervised BENIGN vote
616,43650,2,DoS GoldenEye,2,4,False,0,BENIGN,0.8508392572402954,1.0936861038208008,1.0,True,2,DoS GoldenEye,0.5930899381637573,2,DoS GoldenEye,0.4509660005569458,0.5155972242355347,2,DoS GoldenEye,0.5930899381637573,MEDIUM,DEEP_ANALYSIS,FedProx70 MLP,True,False,False,False,True,False,False,False,False,RF BENIGN only
617,43653,2,DoS GoldenEye,3,4,False,0,BENIGN,0.7806735038757324,0.37554875016212463,0.6303505301475525,False,2,DoS GoldenEye,0.8935898542404175,3,DoS Hulk,0.7257370948791504,0.6605027914047241,2,DoS GoldenEye,0.8935898542404175,HIGH,DEEP_ANALYSIS,FedProx70 MLP,True,False,False,False,True,False,False,False,False,RF BENIGN only
618,43657,2,DoS GoldenEye,4,4,True,2,DoS GoldenEye,0.9999998807907104,0.18978194892406464,0.22043900191783905,False,2,DoS GoldenEye,0.9534091949462891,3,DoS Hulk,0.9440900087356567,,2,DoS GoldenEye,0.9999998807907104,HIGH,FAST_ATTACK_PATH,Random Forest,True,False,False,False,False,False,False,False,False,No supervised BENIGN vote
619,43658,2,DoS GoldenEye,5,4,False,0,BENIGN,1.0,0.9295964241027832,0.8262202143669128,True,2,DoS GoldenEye,0.8371037840843201,3,DoS Hulk,0.8902012705802917,0.6866346001625061,3,DoS Hulk,0.8902012705802917,HIGH,DEEP_ANALYSIS,CNN-BiLSTM,False,False,True,False,True,False,False,False,False,RF BENIGN only
620,43659,2,DoS GoldenEye,1,4,False,3,DoS Hulk,0.9577344059944153,1.1200695037841797,1.0,True,2,DoS GoldenEye,0.6299356818199158,3,DoS Hulk,0.7890775799751282,,3,DoS Hulk,0.9577344059944153,HIGH,FAST_ATTACK_PATH,Random Forest,False,False,True,False,False,False,False,False,False,No supervised BENIGN vote
621,43660,2,DoS GoldenEye,2,4,False,0,BENIGN,0.8643144965171814,0.3837279975414276,0.5852349996566772,False,2,DoS GoldenEye,0.9026846885681152,3,DoS Hulk,0.5148124098777771,0.565912127494812,2,DoS GoldenEye,0.9026846885681152,MEDIUM,DEEP_ANALYSIS,FedProx70 MLP,True,False,False,False,True,False,False,False,False,RF BENIGN only
622,43662,2,DoS GoldenEye,3,4,False,0,BENIGN,0.7530815005302429,0.2197416126728058,0.368831604719162,False,2,DoS GoldenEye,0.8304584622383118,3,DoS Hulk,0.901759147644043,0.6694616675376892,3,DoS Hulk,0.901759147644043,HIGH,DEEP_ANALYSIS,CNN-BiLSTM,False,False,True,False,True,False,False,False,False,RF BENIGN only
623,43663,2,DoS GoldenEye,4,4,True,2,DoS GoldenEye,0.9999998807907104,0.18497289717197418,0.21485310792922974,False,2,DoS GoldenEye,0.9510794281959534,3,DoS Hulk,0.9388484358787537,,2,DoS GoldenEye,0.9999998807907104,HIGH,FAST_ATTACK_PATH,Random Forest,True,False,False,False,False,False,False,False,False,No supervised BENIGN vote
624,43665,2,DoS GoldenEye,5,4,False,0,BENIGN,1.0,0.25467461347579956,0.22635340690612793,False,2,DoS GoldenEye,0.9448087215423584,3,DoS Hulk,0.8281241059303284,0.6072390675544739,2,DoS GoldenEye,0.9448087215423584,HIGH,DEEP_ANALYSIS,FedProx70 MLP,True,False,False,False,True,False,False,False,False,RF BENIGN only
625,43666,2,DoS GoldenEye,1,4,False,3,DoS Hulk,0.6958542466163635,0.2280697226524353,0.24722382426261902,False,2,DoS GoldenEye,0.9196046590805054,3,DoS Hulk,0.8230955600738525,0.7402192950248718,2,DoS GoldenEye,0.9196046590805054,HIGH,DEEP_ANALYSIS,FedProx70 MLP,True,False,False,False,False,False,False,False,False,No supervised BENIGN vote
626,43667,2,DoS GoldenEye,2,4,False,0,BENIGN,0.9410673975944519,0.40701982378959656,0.620758056640625,False,0,BENIGN,0.9920079708099365,0,BENIGN,0.9973262548446655,0.10823365300893784,0,BENIGN,0.9973262548446655,NORMAL,DEEP_ANALYSIS,CNN-BiLSTM,False,True,False,False,True,True,True,True,True,RF+FedProx+CNN all BENIGN
627,43670,2,DoS GoldenEye,3,4,False,0,BENIGN,0.9900000095367432,0.09252315759658813,0.1552981436252594,False,0,BENIGN,0.8879776000976562,0,BENIGN,0.8953239321708679,0.09553807228803635,0,BENIGN,0.9900000095367432,NORMAL,DEEP_ANALYSIS,Random Forest,False,True,False,False,True,True,True,True,True,RF+FedProx+CNN all BENIGN
628,43671,2,DoS GoldenEye,4,4,True,2,DoS GoldenEye,0.9999998807907104,0.34389013051986694,0.39944154024124146,False,2,DoS GoldenEye,0.8981391787528992,3,DoS Hulk,0.7321385145187378,,2,DoS GoldenEye,0.9999998807907104,HIGH,FAST_ATTACK_PATH,Random Forest,True,False,False,False,False,False,False,False,False,No supervised BENIGN vote
629,43672,2,DoS GoldenEye,5,4,False,0,BENIGN,1.0,0.6445088982582092,0.5728359818458557,False,2,DoS GoldenEye,0.9001308083534241,3,DoS Hulk,0.8758765459060669,0.6625214219093323,2,DoS GoldenEye,0.9001308083534241,HIGH,DEEP_ANALYSIS,FedProx70 MLP,True,False,False,False,True,False,False,False,False,RF BENIGN only
630,43674,2,DoS GoldenEye,1,4,False,0,BENIGN,0.9716930389404297,0.10157432407140732,0.11010488867759705,False,0,BENIGN,0.660366952419281,3,DoS Hulk,0.8847784399986267,0.43373948335647583,3,DoS Hulk,0.8847784399986267,MEDIUM,DEEP_ANALYSIS,CNN-BiLSTM,False,False,True,False,True,True,False,False,False,FedProx BENIGN only/global disagreement
631,43676,2,DoS GoldenEye,2,4,False,0,BENIGN,0.870046079158783,0.26685023307800293,0.4069812595844269,False,2,DoS GoldenEye,0.858393132686615,3,DoS Hulk,0.8745348453521729,0.6506431102752686,3,DoS Hulk,0.8745348453521729,HIGH,DEEP_ANALYSIS,CNN-BiLSTM,False,False,True,False,True,False,False,False,False,RF BENIGN only
632,43677,2,DoS GoldenEye,3,4,False,0,BENIGN,1.0,0.020903626456856728,0.035086289048194885,False,0,BENIGN,0.9903911352157593,3,DoS Hulk,0.7916300296783447,0.2852160930633545,3,DoS Hulk,0.7916300296783447,LOW,DEEP_ANALYSIS,CNN-BiLSTM,False,False,True,False,True,True,False,False,False,FedProx BENIGN only/global disagreement
633,43678,2,DoS GoldenEye,4,4,True,2,DoS GoldenEye,1.0,0.19449163973331451,0.22590948641300201,False,0,BENIGN,0.9989207983016968,0,BENIGN,0.999970555305481,,2,DoS GoldenEye,1.0,HIGH,FAST_ATTACK_PATH,Random Forest,True,False,False,False,False,True,True,True,False,FedProx+CNN BENIGN
634,43679,2,DoS GoldenEye,5,4,False,0,BENIGN,1.0,0.08493701368570328,0.07549155503511429,False,0,BENIGN,0.9815690517425537,0,BENIGN,0.9995124340057373,0.017023665830492973,0,BENIGN,1.0,NORMAL,DEEP_ANALYSIS,Random Forest,False,True,False,False,True,True,True,True,True,RF+FedProx+CNN all BENIGN
635,43684,2,DoS GoldenEye,1,4,False,3,DoS Hulk,0.8424752354621887,0.14810805022716522,0.1605466902256012,False,2,DoS GoldenEye,0.9221787452697754,3,DoS Hulk,0.9249754548072815,0.7929721474647522,3,DoS Hulk,0.9249754548072815,HIGH,DEEP_ANALYSIS,CNN-BiLSTM,False,False,True,False,False,False,False,False,False,No supervised BENIGN vote
636,43691,2,DoS GoldenEye,2,4,False,0,BENIGN,0.8539019823074341,0.6606245636940002,1.0,True,2,DoS GoldenEye,0.840552568435669,0,BENIGN,0.9945914149284363,0.4332784116268158,2,DoS GoldenEye,0.840552568435669,MEDIUM,DEEP_ANALYSIS,FedProx70 MLP,True,False,False,False,True,False,True,False,False,CNN BENIGN only/global disagreement
637,43694,2,DoS GoldenEye,3,4,False,0,BENIGN,0.7530815005302429,0.6326051354408264,1.0,True,2,DoS GoldenEye,0.8399638533592224,3,DoS Hulk,0.644152045249939,0.6768261194229126,2,DoS GoldenEye,0.8399638533592224,HIGH,DEEP_ANALYSIS,FedProx70 MLP,True,False,False,False,True,False,False,False,False,RF BENIGN only
638,43695,2,DoS GoldenEye,4,4,True,2,DoS GoldenEye,0.9999998807907104,0.1937323361635208,0.22502753138542175,False,2,DoS GoldenEye,0.9458334445953369,3,DoS Hulk,0.7900855541229248,,2,DoS GoldenEye,0.9999998807907104,HIGH,FAST_ATTACK_PATH,Random Forest,True,False,False,False,False,False,False,False,False,No supervised BENIGN vote
639,43697,2,DoS GoldenEye,5,4,False,0,BENIGN,1.0,0.44816043972969055,0.39832255244255066,False,2,DoS GoldenEye,0.9403097629547119,3,DoS Hulk,0.8008770942687988,0.6221482753753662,2,DoS GoldenEye,0.9403097629547119,HIGH,DEEP_ANALYSIS,FedProx70 MLP,True,False,False,False,True,False,False,False,False,RF BENIGN only
640,43698,2,DoS GoldenEye,1,4,False,3,DoS Hulk,0.7814455628395081,0.07285177707672119,0.07897012680768967,False,0,BENIGN,0.922586977481842,0,BENIGN,0.9988294243812561,0.19176824390888214,3,DoS Hulk,0.7814455628395081,NORMAL,DEEP_ANALYSIS,Random Forest,False,False,True,False,False,True,True,True,False,FedProx+CNN BENIGN
641,43700,2,DoS GoldenEye,2,4,False,0,BENIGN,0.8596707582473755,0.6404263377189636,0.9767333269119263,True,2,DoS GoldenEye,0.7605785131454468,3,DoS Hulk,0.8635766506195068,0.7050012350082397,3,DoS Hulk,0.8635766506195068,HIGH,DEEP_ANALYSIS,CNN-BiLSTM,False,False,True,False,True,False,False,False,False,RF BENIGN only
642,43701,2,DoS GoldenEye,3,4,False,0,BENIGN,0.7823272347450256,0.1302562654018402,0.21863237023353577,False,2,DoS GoldenEye,0.959604799747467,3,DoS Hulk,0.880794107913971,0.672488808631897,2,DoS GoldenEye,0.959604799747467,HIGH,DEEP_ANALYSIS,FedProx70 MLP,True,False,False,False,True,False,False,False,False,RF BENIGN only
643,43702,2,DoS GoldenEye,4,4,True,2,DoS GoldenEye,0.9999998807907104,0.36313486099243164,0.4217950701713562,False,2,DoS GoldenEye,0.8859306573867798,3,DoS Hulk,0.9148855805397034,,2,DoS GoldenEye,0.9999998807907104,HIGH,FAST_ATTACK_PATH,Random Forest,True,False,False,False,False,False,False,False,False,No supervised BENIGN vote
644,43703,2,DoS GoldenEye,5,4,False,0,BENIGN,1.0,0.2539573907852173,0.22571593523025513,False,2,DoS GoldenEye,0.9465322494506836,3,DoS Hulk,0.7691869139671326,0.5870324969291687,2,DoS GoldenEye,0.9465322494506836,MEDIUM,DEEP_ANALYSIS,FedProx70 MLP,True,False,False,False,True,False,False,False,False,RF BENIGN only
645,43705,2,DoS GoldenEye,1,4,False,0,BENIGN,0.9843811392784119,0.0966578871011734,0.1047755554318428,False,0,BENIGN,0.5245766043663025,0,BENIGN,0.8190895915031433,0.22478577494621277,0,BENIGN,0.9843811392784119,LOW,DEEP_ANALYSIS,Random Forest,False,True,False,False,True,True,True,True,True,RF+FedProx+CNN all BENIGN
646,43712,2,DoS GoldenEye,2,4,False,0,BENIGN,0.9417366981506348,0.06353829056024551,0.09690414369106293,False,2,DoS GoldenEye,0.9043036103248596,0,BENIGN,0.9926337599754333,0.3000575602054596,2,DoS GoldenEye,0.9043036103248596,LOW,DEEP_ANALYSIS,FedProx70 MLP,True,False,False,False,True,False,True,False,False,CNN BENIGN only/global disagreement
647,43713,2,DoS GoldenEye,3,4,False,0,BENIGN,0.9850000143051147,0.06134147569537163,0.10296036303043365,False,2,DoS GoldenEye,0.5068269968032837,3,DoS Hulk,0.7578138113021851,0.43572700023651123,3,DoS Hulk,0.7578138113021851,MEDIUM,DEEP_ANALYSIS,CNN-BiLSTM,False,False,True,False,True,False,False,False,False,RF BENIGN only
648,43716,2,DoS GoldenEye,4,4,True,2,DoS GoldenEye,0.9999998807907104,0.7572055459022522,0.8795232772827148,True,2,DoS GoldenEye,0.8001299500465393,3,DoS Hulk,0.9041446447372437,,2,DoS GoldenEye,0.9999998807907104,HIGH,FAST_ATTACK_PATH,Random Forest,True,False,False,False,False,False,False,False,False,No supervised BENIGN vote
649,43717,2,DoS GoldenEye,5,4,False,0,BENIGN,1.0,0.20220820605754852,0.17972154915332794,False,0,BENIGN,0.9980607628822327,0,BENIGN,0.9972865581512451,0.02848970890045166,0,BENIGN,1.0,NORMAL,DEEP_ANALYSIS,Random Forest,False,True,False,False,True,True,True,True,True,RF+FedProx+CNN all BENIGN
650,43719,2,DoS GoldenEye,1,4,False,0,BENIGN,0.9950000047683716,0.0805523544549942,0.08731742203235626,False,0,BENIGN,0.9150341153144836,0,BENIGN,0.9785539507865906,0.04709349572658539,0,BENIGN,0.9950000047683716,NORMAL,DEEP_ANALYSIS,Random Forest,False,True,False,False,True,True,True,True,True,RF+FedProx+CNN all BENIGN
651,43720,2,DoS GoldenEye,2,4,False,0,BENIGN,0.9274604916572571,0.12942084670066833,0.1973835974931717,False,2,DoS GoldenEye,0.9571614861488342,3,DoS Hulk,0.9396882057189941,0.6601547002792358,2,DoS GoldenEye,0.9571614861488342,HIGH,DEEP_ANALYSIS,FedProx70 MLP,True,False,False,False,True,False,False,False,False,RF BENIGN only
652,43721,2,DoS GoldenEye,3,4,False,0,BENIGN,0.8162584900856018,0.08653991669416428,0.14525540173053741,False,2,DoS GoldenEye,0.9551812410354614,3,DoS Hulk,0.9383883476257324,0.67352694272995,2,DoS GoldenEye,0.9551812410354614,HIGH,DEEP_ANALYSIS,FedProx70 MLP,True,False,False,False,True,False,False,False,False,RF BENIGN only
653,43722,2,DoS GoldenEye,4,4,True,2,DoS GoldenEye,0.9996376037597656,0.18627101182937622,0.2163609117269516,False,2,DoS GoldenEye,0.9426599144935608,3,DoS Hulk,0.944586992263794,,2,DoS GoldenEye,0.9996376037597656,HIGH,FAST_ATTACK_PATH,Random Forest,True,False,False,False,False,False,False,False,False,No supervised BENIGN vote
654,43723,2,DoS GoldenEye,5,4,False,0,BENIGN,1.0,0.3905019760131836,0.3470759987831116,False,0,BENIGN,0.9943920969963074,0,BENIGN,0.9979119896888733,0.05447457730770111,0,BENIGN,1.0,NORMAL,DEEP_ANALYSIS,Random Forest,False,True,False,False,True,True,True,True,True,RF+FedProx+CNN all BENIGN
655,43724,2,DoS GoldenEye,1,4,False,3,DoS Hulk,0.9520810842514038,0.6280866265296936,0.6808355450630188,False,2,DoS GoldenEye,0.8125625252723694,3,DoS Hulk,0.8713241815567017,,3,DoS Hulk,0.9520810842514038,HIGH,FAST_ATTACK_PATH,Random Forest,False,False,True,False,False,False,False,False,False,No supervised BENIGN vote
656,43725,2,DoS GoldenEye,2,4,False,0,BENIGN,0.8693272471427917,0.4450296461582184,0.6787279844284058,False,2,DoS GoldenEye,0.8920933604240417,3,DoS Hulk,0.8402488231658936,0.6896588206291199,2,DoS GoldenEye,0.8920933604240417,HIGH,DEEP_ANALYSIS,FedProx70 MLP,True,False,False,False,True,False,False,False,False,RF BENIGN only
657,43729,2,DoS GoldenEye,3,4,False,0,BENIGN,0.7580815553665161,0.20771844685077667,0.3486509919166565,False,2,DoS GoldenEye,0.9207959771156311,3,DoS Hulk,0.8953229188919067,0.6902831196784973,2,DoS GoldenEye,0.9207959771156311,HIGH,DEEP_ANALYSIS,FedProx70 MLP,True,False,False,False,True,False,False,False,False,RF BENIGN only
658,43730,2,DoS GoldenEye,4,4,True,2,DoS GoldenEye,0.9689843654632568,0.36795753240585327,0.4273967444896698,False,0,BENIGN,0.9861767888069153,0,BENIGN,0.9796225428581238,,2,DoS GoldenEye,0.9689843654632568,HIGH,FAST_ATTACK_PATH,Random Forest,True,False,False,False,False,True,True,True,False,FedProx+CNN BENIGN
659,43731,2,DoS GoldenEye,5,4,False,0,BENIGN,1.0,0.622445821762085,0.5532264709472656,False,2,DoS GoldenEye,0.9190462827682495,3,DoS Hulk,0.7061358094215393,0.6058453917503357,2,DoS GoldenEye,0.9190462827682495,HIGH,DEEP_ANALYSIS,FedProx70 MLP,True,False,False,False,True,False,False,False,False,RF BENIGN only
660,43733,2,DoS GoldenEye,1,4,False,3,DoS Hulk,0.8119223713874817,0.15708693861961365,0.17027965188026428,False,2,DoS GoldenEye,0.932656466960907,3,DoS Hulk,0.6435074806213379,0.6929510235786438,2,DoS GoldenEye,0.932656466960907,HIGH,DEEP_ANALYSIS,FedProx70 MLP,True,False,False,False,False,False,False,False,False,No supervised BENIGN vote
661,43734,2,DoS GoldenEye,2,4,False,0,BENIGN,1.0,0.06086418405175209,0.09282577782869339,False,0,BENIGN,0.9340779781341553,0,BENIGN,0.9997310042381287,0.033794622868299484,0,BENIGN,1.0,NORMAL,DEEP_ANALYSIS,Random Forest,False,True,False,False,True,True,True,True,True,RF+FedProx+CNN all BENIGN
662,43737,2,DoS GoldenEye,3,4,False,0,BENIGN,0.7452152371406555,0.17668472230434418,0.2965615391731262,False,2,DoS GoldenEye,0.9392902851104736,0,BENIGN,0.9671683311462402,0.388719379901886,2,DoS GoldenEye,0.9392902851104736,LOW,DEEP_ANALYSIS,FedProx70 MLP,True,False,False,False,True,False,True,False,False,CNN BENIGN only/global disagreement
663,43738,2,DoS GoldenEye,4,4,True,2,DoS GoldenEye,0.997109591960907,0.0669800192117691,0.07779985666275024,False,0,BENIGN,0.9341036677360535,0,BENIGN,0.9999843835830688,,2,DoS GoldenEye,0.997109591960907,HIGH,FAST_ATTACK_PATH,Random Forest,True,False,False,False,False,True,True,True,False,FedProx+CNN BENIGN
664,43739,2,DoS GoldenEye,5,4,False,0,BENIGN,0.9950180649757385,0.08293592184782028,0.07371298968791962,False,0,BENIGN,0.9341001510620117,0,BENIGN,0.9999741315841675,0.03183234483003616,0,BENIGN,0.9999741315841675,NORMAL,DEEP_ANALYSIS,CNN-BiLSTM,False,True,False,False,True,True,True,True,True,RF+FedProx+CNN all BENIGN
665,43741,2,DoS GoldenEye,1,4,False,3,DoS Hulk,0.852893590927124,0.2856876850128174,0.3096807599067688,False,2,DoS GoldenEye,0.9258847832679749,2,DoS GoldenEye,0.7504048943519592,0.7574380040168762,2,DoS GoldenEye,0.9258847832679749,HIGH,DEEP_ANALYSIS,FedProx70 MLP,True,False,False,False,False,False,False,False,False,No supervised BENIGN vote
666,43742,2,DoS GoldenEye,2,4,False,0,BENIGN,1.0,0.06099558249115944,0.09302618354558945,False,0,BENIGN,0.9340977668762207,0,BENIGN,0.9992800354957581,0.033976584672927856,0,BENIGN,1.0,NORMAL,DEEP_ANALYSIS,Random Forest,False,True,False,False,True,True,True,True,True,RF+FedProx+CNN all BENIGN
667,43743,2,DoS GoldenEye,3,4,False,0,BENIGN,0.9998576045036316,0.07827707380056381,0.131386399269104,False,0,BENIGN,0.9340885281562805,0,BENIGN,0.9997832179069519,0.03958575427532196,0,BENIGN,0.9998576045036316,NORMAL,DEEP_ANALYSIS,Random Forest,False,True,False,False,True,True,True,True,True,RF+FedProx+CNN all BENIGN
668,43745,2,DoS GoldenEye,4,4,True,2,DoS GoldenEye,0.9997343420982361,0.07972419261932373,0.0926026999950409,False,0,BENIGN,0.949873149394989,3,DoS Hulk,0.8146536350250244,,2,DoS GoldenEye,0.9997343420982361,HIGH,FAST_ATTACK_PATH,Random Forest,True,False,False,False,False,True,False,False,False,FedProx BENIGN only/global disagreement
669,43746,2,DoS GoldenEye,5,4,False,0,BENIGN,1.0,0.37404847145080566,0.3324522376060486,False,2,DoS GoldenEye,0.8809885382652283,3,DoS Hulk,0.9211215376853943,0.6365569829940796,3,DoS Hulk,0.9211215376853943,HIGH,DEEP_ANALYSIS,CNN-BiLSTM,False,False,True,False,True,False,False,False,False,RF BENIGN only
670,43747,2,DoS GoldenEye,1,4,False,3,DoS Hulk,0.8390977382659912,0.09928856045007706,0.10762716084718704,False,0,BENIGN,0.5438187718391418,3,DoS Hulk,0.8248595595359802,0.609518826007843,3,DoS Hulk,0.8390977382659912,HIGH,DEEP_ANALYSIS,Random Forest,False,False,True,False,False,True,False,False,False,FedProx BENIGN only/global disagreement
671,43749,2,DoS GoldenEye,2,4,False,0,BENIGN,1.0,0.06662825495004654,0.1016167402267456,False,0,BENIGN,0.9983899593353271,0,BENIGN,0.9979720711708069,0.016435299068689346,0,BENIGN,1.0,NORMAL,DEEP_ANALYSIS,Random Forest,False,True,False,False,True,True,True,True,True,RF+FedProx+CNN all BENIGN
672,43753,2,DoS GoldenEye,3,4,False,0,BENIGN,0.7580815553665161,0.2667827010154724,0.44778910279273987,False,2,DoS GoldenEye,0.9257063269615173,3,DoS Hulk,0.4691147208213806,0.5574541091918945,2,DoS GoldenEye,0.9257063269615173,MEDIUM,DEEP_ANALYSIS,FedProx70 MLP,True,False,False,False,True,False,False,False,False,RF BENIGN only
673,43754,2,DoS GoldenEye,4,4,True,2,DoS GoldenEye,0.9999998807907104,0.7234534621238708,0.8403188586235046,True,2,DoS GoldenEye,0.8232820630073547,3,DoS Hulk,0.5394836068153381,,2,DoS GoldenEye,0.9999998807907104,HIGH,FAST_ATTACK_PATH,Random Forest,True,False,False,False,False,False,False,False,False,No supervised BENIGN vote
674,43755,2,DoS GoldenEye,5,4,False,0,BENIGN,1.0,0.470055490732193,0.417782723903656,False,2,DoS GoldenEye,0.881940484046936,3,DoS Hulk,0.8259299397468567,0.6163250803947449,2,DoS GoldenEye,0.881940484046936,HIGH,DEEP_ANALYSIS,FedProx70 MLP,True,False,False,False,True,False,False,False,False,RF BENIGN only
675,43757,2,DoS GoldenEye,1,4,False,3,DoS Hulk,0.6376761198043823,0.12313541769981384,0.13347676396369934,False,0,BENIGN,0.9394786953926086,0,BENIGN,0.4418073296546936,0.3610805571079254,3,DoS Hulk,0.6376761198043823,LOW,DEEP_ANALYSIS,Random Forest,False,False,True,False,False,True,True,True,False,FedProx+CNN BENIGN
676,43758,2,DoS GoldenEye,2,4,False,0,BENIGN,1.0,0.05405158922076225,0.08243568986654282,False,0,BENIGN,0.9944933652877808,3,DoS Hulk,0.8938311338424683,0.3268582224845886,3,DoS Hulk,0.8938311338424683,LOW,DEEP_ANALYSIS,CNN-BiLSTM,False,False,True,False,True,True,False,False,False,FedProx BENIGN only/global disagreement
677,43759,2,DoS GoldenEye,3,4,False,0,BENIGN,0.7527682185173035,0.1690063774585724,0.28367361426353455,False,2,DoS GoldenEye,0.9263446927070618,3,DoS Hulk,0.602737307548523,0.5808588266372681,2,DoS GoldenEye,0.9263446927070618,MEDIUM,DEEP_ANALYSIS,FedProx70 MLP,True,False,False,False,True,False,False,False,False,RF BENIGN only
678,47141,2,DoS GoldenEye,4,4,True,2,DoS GoldenEye,0.9999998807907104,0.05687038227915764,0.06605713069438934,False,0,BENIGN,0.9246892333030701,2,DoS GoldenEye,0.9517796635627747,,2,DoS GoldenEye,0.9999998807907104,HIGH,FAST_ATTACK_PATH,Random Forest,True,False,False,False,False,True,False,False,False,FedProx BENIGN only/global disagreement
679,47171,2,DoS GoldenEye,5,4,False,0,BENIGN,1.0,0.17262068390846252,0.15342432260513306,False,2,DoS GoldenEye,0.9230718016624451,2,DoS GoldenEye,0.7966107130050659,0.5787489414215088,2,DoS GoldenEye,0.9230718016624451,MEDIUM,DEEP_ANALYSIS,FedProx70 MLP,True,False,False,False,True,False,False,False,False,RF BENIGN only
680,47186,2,DoS GoldenEye,1,4,False,0,BENIGN,0.9787653684616089,0.057702358812093735,0.06254840642213821,False,0,BENIGN,0.9686242938041687,2,DoS GoldenEye,0.9363303780555725,0.35075750946998596,2,DoS GoldenEye,0.9363303780555725,LOW,DEEP_ANALYSIS,CNN-BiLSTM,True,False,False,False,True,True,False,False,False,FedProx BENIGN only/global disagreement
681,47214,2,DoS GoldenEye,2,4,False,0,BENIGN,0.8750460743904114,0.2095886617898941,0.31964993476867676,False,2,DoS GoldenEye,0.8695379495620728,2,DoS GoldenEye,0.9829859137535095,0.6778447031974792,2,DoS GoldenEye,0.9829859137535095,HIGH,DEEP_ANALYSIS,CNN-BiLSTM,True,False,False,False,True,False,False,False,False,RF BENIGN only
682,47242,2,DoS GoldenEye,3,4,False,0,BENIGN,0.7480815052986145,0.2733194828033447,0.45876094698905945,False,2,DoS GoldenEye,0.9064289927482605,2,DoS GoldenEye,0.917992889881134,0.7124240398406982,2,DoS GoldenEye,0.917992889881134,HIGH,DEEP_ANALYSIS,CNN-BiLSTM,True,False,False,False,True,False,False,False,False,RF BENIGN only
683,47298,2,DoS GoldenEye,4,4,True,2,DoS GoldenEye,0.9999899864196777,2.869704484939575,1.0,True,0,BENIGN,0.9521481394767761,0,BENIGN,0.7477379441261292,,2,DoS GoldenEye,0.9999899864196777,HIGH,FAST_ATTACK_PATH,Random Forest,True,False,False,False,False,True,True,True,False,FedProx+CNN BENIGN
684,47299,2,DoS GoldenEye,5,4,False,0,BENIGN,1.0,2.1525728702545166,1.0,True,0,BENIGN,0.9522497653961182,2,DoS GoldenEye,0.5458878874778748,0.35538583993911743,2,DoS GoldenEye,0.5458878874778748,LOW,DEEP_ANALYSIS,CNN-BiLSTM,True,False,False,False,True,True,False,False,False,FedProx BENIGN only/global disagreement
685,47322,2,DoS GoldenEye,1,4,False,3,DoS Hulk,0.9456212520599365,0.1442827582359314,0.1564001441001892,False,2,DoS GoldenEye,0.9458447098731995,2,DoS GoldenEye,0.9775476455688477,0.8384793996810913,2,DoS GoldenEye,0.9775476455688477,CRITICAL,DEEP_ANALYSIS,CNN-BiLSTM,True,False,False,False,False,False,False,False,False,No supervised BENIGN vote
686,47352,2,DoS GoldenEye,2,4,False,0,BENIGN,0.9481420516967773,1.4233726263046265,1.0,True,0,BENIGN,0.950282871723175,2,DoS GoldenEye,0.8683777451515198,0.4792189598083496,2,DoS GoldenEye,0.8683777451515198,MEDIUM,DEEP_ANALYSIS,CNN-BiLSTM,True,False,False,False,True,True,False,False,False,FedProx BENIGN only/global disagreement
687,47356,2,DoS GoldenEye,3,4,False,0,BENIGN,0.9926095008850098,1.732555866241455,1.0,True,0,BENIGN,0.951851487159729,2,DoS GoldenEye,0.7345771193504333,0.42302465438842773,2,DoS GoldenEye,0.7345771193504333,MEDIUM,DEEP_ANALYSIS,CNN-BiLSTM,True,False,False,False,True,True,False,False,False,FedProx BENIGN only/global disagreement
688,47365,2,DoS GoldenEye,4,4,True,2,DoS GoldenEye,0.9999899864196777,2.8715226650238037,1.0,True,0,BENIGN,0.9519709348678589,2,DoS GoldenEye,0.5515803694725037,,2,DoS GoldenEye,0.9999899864196777,HIGH,FAST_ATTACK_PATH,Random Forest,True,False,False,False,False,True,False,False,False,FedProx BENIGN only/global disagreement
689,47367,2,DoS GoldenEye,5,4,False,0,BENIGN,1.0,1.7854331731796265,1.0,True,0,BENIGN,0.9504132866859436,2,DoS GoldenEye,0.6269491910934448,0.38430821895599365,2,DoS GoldenEye,0.6269491910934448,LOW,DEEP_ANALYSIS,CNN-BiLSTM,True,False,False,False,True,True,False,False,False,FedProx BENIGN only/global disagreement
690,47374,2,DoS GoldenEye,1,4,False,0,BENIGN,0.9766807556152344,0.06281919777393341,0.06809497624635696,False,0,BENIGN,0.860245406627655,2,DoS GoldenEye,0.9334481358528137,0.38351133465766907,2,DoS GoldenEye,0.9334481358528137,LOW,DEEP_ANALYSIS,CNN-BiLSTM,True,False,False,False,True,True,False,False,False,FedProx BENIGN only/global disagreement
691,47415,2,DoS GoldenEye,2,4,False,0,BENIGN,0.9443130493164062,1.3962738513946533,1.0,True,0,BENIGN,0.9499228596687317,0,BENIGN,0.44256195425987244,0.37126386165618896,6,ANOMALOUS_TRAFFIC,1.0,LOW,DEEP_ANALYSIS,Personalized Autoencoder,False,False,False,True,True,True,True,True,True,RF+FedProx+CNN all BENIGN
692,47484,2,DoS GoldenEye,3,4,False,0,BENIGN,0.9976094961166382,1.2780946493148804,1.0,True,0,BENIGN,0.9485363364219666,0,BENIGN,0.5261507630348206,0.33176442980766296,6,ANOMALOUS_TRAFFIC,1.0,LOW,DEEP_ANALYSIS,Personalized Autoencoder,False,False,False,True,True,True,True,True,True,RF+FedProx+CNN all BENIGN
693,47507,2,DoS GoldenEye,4,4,True,2,DoS GoldenEye,0.9999998807907104,0.05640766769647598,0.06551966071128845,False,0,BENIGN,0.9937611222267151,2,DoS GoldenEye,0.9203240275382996,,2,DoS GoldenEye,0.9999998807907104,HIGH,FAST_ATTACK_PATH,Random Forest,True,False,False,False,False,True,False,False,False,FedProx BENIGN only/global disagreement
694,47555,2,DoS GoldenEye,5,4,False,0,BENIGN,1.0,0.06573548167943954,0.058425337076187134,False,0,BENIGN,0.847830057144165,2,DoS GoldenEye,0.9489531517028809,0.38654837012290955,2,DoS GoldenEye,0.9489531517028809,LOW,DEEP_ANALYSIS,CNN-BiLSTM,True,False,False,False,True,True,False,False,False,FedProx BENIGN only/global disagreement
695,47570,2,DoS GoldenEye,1,4,False,0,BENIGN,0.9752234816551208,0.057082124054431915,0.061876080930233,False,0,BENIGN,0.9979415535926819,2,DoS GoldenEye,0.7381329536437988,0.27320078015327454,2,DoS GoldenEye,0.7381329536437988,LOW,DEEP_ANALYSIS,CNN-BiLSTM,True,False,False,False,True,True,False,False,False,FedProx BENIGN only/global disagreement
696,47585,2,DoS GoldenEye,2,4,False,0,BENIGN,0.9605551958084106,0.10510113090276718,0.1602928638458252,False,0,BENIGN,0.5197033882141113,2,DoS GoldenEye,0.9476220607757568,0.5076895952224731,2,DoS GoldenEye,0.9476220607757568,MEDIUM,DEEP_ANALYSIS,CNN-BiLSTM,True,False,False,False,True,True,False,False,False,FedProx BENIGN only/global disagreement
697,47608,2,DoS GoldenEye,3,4,False,0,BENIGN,0.9900000095367432,0.05248359963297844,0.08809260278940201,False,0,BENIGN,0.982546865940094,2,DoS GoldenEye,0.8271970152854919,0.3099687993526459,2,DoS GoldenEye,0.8271970152854919,LOW,DEEP_ANALYSIS,CNN-BiLSTM,True,False,False,False,True,True,False,False,False,FedProx BENIGN only/global disagreement
698,47630,2,DoS GoldenEye,4,4,True,2,DoS GoldenEye,0.9999998807907104,0.48446351289749146,0.56272292137146,False,2,DoS GoldenEye,0.8638163805007935,2,DoS GoldenEye,0.9658688902854919,,2,DoS GoldenEye,0.9999998807907104,HIGH,FAST_ATTACK_PATH,Random Forest,True,False,False,False,False,False,False,False,False,No supervised BENIGN vote
699,47631,2,DoS GoldenEye,5,4,False,0,BENIGN,1.0,0.09731520712375641,0.08649322390556335,False,0,BENIGN,0.7694296836853027,0,BENIGN,0.9871507883071899,0.0866423100233078,0,BENIGN,1.0,NORMAL,DEEP_ANALYSIS,Random Forest,False,True,False,False,True,True,True,True,True,RF+FedProx+CNN all BENIGN
700,47644,2,DoS GoldenEye,1,4,False,0,BENIGN,0.9752234816551208,0.06220782920718193,0.06743226200342178,False,0,BENIGN,0.8997724056243896,2,DoS GoldenEye,0.9207969903945923,0.3674173951148987,2,DoS GoldenEye,0.9207969903945923,LOW,DEEP_ANALYSIS,CNN-BiLSTM,True,False,False,False,True,True,False,False,False,FedProx BENIGN only/global disagreement
701,47651,2,DoS GoldenEye,2,4,False,0,BENIGN,0.9724940657615662,0.06300323456525803,0.09608811140060425,False,0,BENIGN,0.985140323638916,2,DoS GoldenEye,0.7797000408172607,0.2972673177719116,2,DoS GoldenEye,0.7797000408172607,LOW,DEEP_ANALYSIS,CNN-BiLSTM,True,False,False,False,True,True,False,False,False,FedProx BENIGN only/global disagreement
702,47670,2,DoS GoldenEye,3,4,False,0,BENIGN,0.9976094961166382,0.9127411246299744,1.0,True,0,BENIGN,0.9437899589538574,2,DoS GoldenEye,0.9150905013084412,0.48762279748916626,2,DoS GoldenEye,0.9150905013084412,MEDIUM,DEEP_ANALYSIS,CNN-BiLSTM,True,False,False,False,True,True,False,False,False,FedProx BENIGN only/global disagreement
703,47674,2,DoS GoldenEye,4,4,True,2,DoS GoldenEye,0.9999899864196777,1.406935691833496,1.0,True,0,BENIGN,0.9430285096168518,2,DoS GoldenEye,0.8302432894706726,,2,DoS GoldenEye,0.9999899864196777,HIGH,FAST_ATTACK_PATH,Random Forest,True,False,False,False,False,True,False,False,False,FedProx BENIGN only/global disagreement
704,47720,2,DoS GoldenEye,5,4,False,0,BENIGN,1.0,0.37325620651245117,0.3317480683326721,False,2,DoS GoldenEye,0.8827284574508667,2,DoS GoldenEye,0.9539948105812073,0.6484789252281189,2,DoS GoldenEye,0.9539948105812073,HIGH,DEEP_ANALYSIS,CNN-BiLSTM,True,False,False,False,True,False,False,False,False,RF BENIGN only
705,47736,2,DoS GoldenEye,1,4,False,3,DoS Hulk,0.8298254609107971,0.28494909405708313,0.30888012051582336,False,2,DoS GoldenEye,0.8557413220405579,2,DoS GoldenEye,0.9779804944992065,0.8113126754760742,2,DoS GoldenEye,0.9779804944992065,CRITICAL,DEEP_ANALYSIS,CNN-BiLSTM,True,False,False,False,False,False,False,False,False,No supervised BENIGN vote
706,47813,2,DoS GoldenEye,2,4,False,0,BENIGN,0.9474198818206787,0.7365508079528809,1.0,True,0,BENIGN,0.9408934712409973,0,BENIGN,0.6690828800201416,0.29406899213790894,6,ANOMALOUS_TRAFFIC,1.0,LOW,DEEP_ANALYSIS,Personalized Autoencoder,False,False,False,True,True,True,True,True,True,RF+FedProx+CNN all BENIGN
707,47868,2,DoS GoldenEye,3,4,False,0,BENIGN,0.760229229927063,0.27045783400535583,0.4539577066898346,False,2,DoS GoldenEye,0.9127557873725891,2,DoS GoldenEye,0.9762021899223328,0.7315453290939331,2,DoS GoldenEye,0.9762021899223328,HIGH,DEEP_ANALYSIS,CNN-BiLSTM,True,False,False,False,True,False,False,False,False,RF BENIGN only
708,47915,2,DoS GoldenEye,4,4,True,2,DoS GoldenEye,0.9999998807907104,0.060716938227415085,0.07052505016326904,False,2,DoS GoldenEye,0.5438591837882996,2,DoS GoldenEye,0.9529508352279663,,2,DoS GoldenEye,0.9999998807907104,HIGH,FAST_ATTACK_PATH,Random Forest,True,False,False,False,False,False,False,False,False,No supervised BENIGN vote
709,47921,2,DoS GoldenEye,5,4,False,0,BENIGN,1.0,0.91740483045578,0.8153843879699707,True,2,DoS GoldenEye,0.8328078985214233,2,DoS GoldenEye,0.9234057068824768,0.6953420639038086,2,DoS GoldenEye,0.9234057068824768,HIGH,DEEP_ANALYSIS,CNN-BiLSTM,True,False,False,False,True,False,False,False,False,RF BENIGN only
710,47936,2,DoS GoldenEye,1,4,False,3,DoS Hulk,0.9520505666732788,1.162251591682434,1.0,True,2,DoS GoldenEye,0.5343632698059082,2,DoS GoldenEye,0.8609967827796936,,3,DoS Hulk,0.9520505666732788,HIGH,FAST_ATTACK_PATH,Random Forest,False,False,True,False,False,False,False,False,False,No supervised BENIGN vote
711,47956,2,DoS GoldenEye,2,4,False,0,BENIGN,0.8781489133834839,0.2119637280702591,0.3232721984386444,False,2,DoS GoldenEye,0.8413183689117432,2,DoS GoldenEye,0.9768620133399963,0.6671582460403442,2,DoS GoldenEye,0.9768620133399963,HIGH,DEEP_ANALYSIS,CNN-BiLSTM,True,False,False,False,True,False,False,False,False,RF BENIGN only
712,47960,2,DoS GoldenEye,3,4,False,0,BENIGN,0.6977667808532715,0.08745746314525604,0.14679549634456635,False,2,DoS GoldenEye,0.9418111443519592,2,DoS GoldenEye,0.4962368607521057,0.5386922359466553,2,DoS GoldenEye,0.9418111443519592,MEDIUM,DEEP_ANALYSIS,FedProx70 MLP,True,False,False,False,True,False,False,False,False,RF BENIGN only
713,48025,2,DoS GoldenEye,4,4,True,2,DoS GoldenEye,0.9999998807907104,0.32260987162590027,0.3747237026691437,False,2,DoS GoldenEye,0.9267470240592957,2,DoS GoldenEye,0.9373515248298645,,2,DoS GoldenEye,0.9999998807907104,HIGH,FAST_ATTACK_PATH,Random Forest,True,False,False,False,False,False,False,False,False,No supervised BENIGN vote
714,48153,2,DoS GoldenEye,5,4,False,0,BENIGN,1.0,0.33350804448127747,0.2964201271533966,False,0,BENIGN,0.9037437438964844,2,DoS GoldenEye,0.9764000177383423,0.41507989168167114,2,DoS GoldenEye,0.9764000177383423,MEDIUM,DEEP_ANALYSIS,CNN-BiLSTM,True,False,False,False,True,True,False,False,False,FedProx BENIGN only/global disagreement
715,48155,2,DoS GoldenEye,1,4,False,0,BENIGN,0.9414672255516052,0.26280656456947327,0.2848779857158661,False,0,BENIGN,0.8976483941078186,2,DoS GoldenEye,0.9693244099617004,0.4244072735309601,2,DoS GoldenEye,0.9693244099617004,MEDIUM,DEEP_ANALYSIS,CNN-BiLSTM,True,False,False,False,True,True,False,False,False,FedProx BENIGN only/global disagreement
716,48178,2,DoS GoldenEye,2,4,False,0,BENIGN,1.0,0.05659766122698784,0.08631878346204758,False,0,BENIGN,0.9365326166152954,0,BENIGN,0.653248131275177,0.15335118770599365,0,BENIGN,1.0,NORMAL,DEEP_ANALYSIS,Random Forest,False,True,False,False,True,True,True,True,True,RF+FedProx+CNN all BENIGN
717,48184,2,DoS GoldenEye,3,4,False,0,BENIGN,0.775673508644104,0.22091557085514069,0.3708020746707916,False,2,DoS GoldenEye,0.8854977488517761,2,DoS GoldenEye,0.9750431180000305,0.7074000835418701,2,DoS GoldenEye,0.9750431180000305,HIGH,DEEP_ANALYSIS,CNN-BiLSTM,True,False,False,False,True,False,False,False,False,RF BENIGN only
718,48208,2,DoS GoldenEye,4,4,True,2,DoS GoldenEye,0.9999704957008362,0.21536311507225037,0.25015249848365784,False,0,BENIGN,0.8666272163391113,2,DoS GoldenEye,0.9472585320472717,,2,DoS GoldenEye,0.9999704957008362,HIGH,FAST_ATTACK_PATH,Random Forest,True,False,False,False,False,True,False,False,False,FedProx BENIGN only/global disagreement
719,48227,2,DoS GoldenEye,5,4,False,0,BENIGN,1.0,0.26878076791763306,0.2388908714056015,False,0,BENIGN,0.8829613924026489,2,DoS GoldenEye,0.9634777903556824,0.4081624150276184,2,DoS GoldenEye,0.9634777903556824,MEDIUM,DEEP_ANALYSIS,CNN-BiLSTM,True,False,False,False,True,True,False,False,False,FedProx BENIGN only/global disagreement
720,48245,2,DoS GoldenEye,1,4,False,0,BENIGN,0.9337761402130127,0.21280251443386078,0.23067441582679749,False,0,BENIGN,0.8825168013572693,0,BENIGN,0.6869609951972961,0.192654550075531,0,BENIGN,0.9337761402130127,NORMAL,DEEP_ANALYSIS,Random Forest,False,True,False,False,True,True,True,True,True,RF+FedProx+CNN all BENIGN
721,48272,2,DoS GoldenEye,2,4,False,0,BENIGN,0.8066524863243103,0.14398689568042755,0.2195987105369568,False,0,BENIGN,0.8666133880615234,0,BENIGN,0.9528258442878723,0.12813624739646912,0,BENIGN,0.9528258442878723,NORMAL,DEEP_ANALYSIS,CNN-BiLSTM,False,True,False,False,True,True,True,True,True,RF+FedProx+CNN all BENIGN
722,48278,2,DoS GoldenEye,3,4,False,0,BENIGN,0.9941161870956421,0.16726632416248322,0.280752956867218,False,0,BENIGN,0.8829314112663269,2,DoS GoldenEye,0.8867210149765015,0.3887626528739929,2,DoS GoldenEye,0.8867210149765015,LOW,DEEP_ANALYSIS,CNN-BiLSTM,True,False,False,False,True,True,False,False,False,FedProx BENIGN only/global disagreement
723,48280,2,DoS GoldenEye,4,4,True,2,DoS GoldenEye,0.9999704957008362,0.2153632789850235,0.25015267729759216,False,0,BENIGN,0.8666270971298218,2,DoS GoldenEye,0.9389901161193848,,2,DoS GoldenEye,0.9999704957008362,HIGH,FAST_ATTACK_PATH,Random Forest,True,False,False,False,False,True,False,False,False,FedProx BENIGN only/global disagreement
724,48328,2,DoS GoldenEye,5,4,False,0,BENIGN,1.0,0.2418406903743744,0.2149466872215271,False,0,BENIGN,0.8656348586082458,2,DoS GoldenEye,0.8600521683692932,0.3735698163509369,2,DoS GoldenEye,0.8600521683692932,LOW,DEEP_ANALYSIS,CNN-BiLSTM,True,False,False,False,True,True,False,False,False,FedProx BENIGN only/global disagreement
725,48340,2,DoS GoldenEye,1,4,False,3,DoS Hulk,0.908538281917572,0.14288835227489471,0.15488862991333008,False,2,DoS GoldenEye,0.928865373134613,2,DoS GoldenEye,0.89505535364151,0.7968699336051941,2,DoS GoldenEye,0.928865373134613,HIGH,DEEP_ANALYSIS,FedProx70 MLP,True,False,False,False,False,False,False,False,False,No supervised BENIGN vote
726,48367,2,DoS GoldenEye,2,4,False,0,BENIGN,1.0,0.056753940880298615,0.08655712753534317,False,0,BENIGN,0.9270058870315552,2,DoS GoldenEye,0.4969213008880615,0.20880426466464996,2,DoS GoldenEye,0.4969213008880615,LOW,DEEP_ANALYSIS,CNN-BiLSTM,True,False,False,False,True,True,False,False,False,FedProx BENIGN only/global disagreement
727,48380,2,DoS GoldenEye,3,4,False,0,BENIGN,0.7580815553665161,0.6196335554122925,1.0,True,2,DoS GoldenEye,0.864302933216095,2,DoS GoldenEye,0.8942712545394897,0.7706694602966309,2,DoS GoldenEye,0.8942712545394897,HIGH,DEEP_ANALYSIS,CNN-BiLSTM,True,False,False,False,True,False,False,False,False,RF BENIGN only
728,48390,2,DoS GoldenEye,4,4,True,2,DoS GoldenEye,0.9999998807907104,0.11055509746074677,0.12841397523880005,False,2,DoS GoldenEye,0.9488861560821533,2,DoS GoldenEye,0.9709786772727966,,2,DoS GoldenEye,0.9999998807907104,HIGH,FAST_ATTACK_PATH,Random Forest,True,False,False,False,False,False,False,False,False,No supervised BENIGN vote
729,48416,2,DoS GoldenEye,5,4,False,0,BENIGN,1.0,0.06181468442082405,0.05494055524468422,False,0,BENIGN,0.5791209936141968,2,DoS GoldenEye,0.9608017206192017,0.47078537940979004,2,DoS GoldenEye,0.9608017206192017,MEDIUM,DEEP_ANALYSIS,CNN-BiLSTM,True,False,False,False,True,True,False,False,False,FedProx BENIGN only/global disagreement
730,48424,2,DoS GoldenEye,1,4,False,3,DoS Hulk,0.949316143989563,0.09886672347784042,0.10716990381479263,False,2,DoS GoldenEye,0.9415453672409058,2,DoS GoldenEye,0.9683670997619629,0.8273308277130127,2,DoS GoldenEye,0.9683670997619629,CRITICAL,DEEP_ANALYSIS,CNN-BiLSTM,True,False,False,False,False,False,False,False,False,No supervised BENIGN vote
731,48433,2,DoS GoldenEye,2,4,False,0,BENIGN,0.9274604916572571,0.13013434410095215,0.1984717696905136,False,2,DoS GoldenEye,0.9558348059654236,2,DoS GoldenEye,0.9738122820854187,0.6718634366989136,2,DoS GoldenEye,0.9738122820854187,HIGH,DEEP_ANALYSIS,CNN-BiLSTM,True,False,False,False,True,False,False,False,False,RF BENIGN only
732,48434,2,DoS GoldenEye,3,4,False,0,BENIGN,0.8177669644355774,0.0853486955165863,0.14325596392154694,False,2,DoS GoldenEye,0.9489900469779968,2,DoS GoldenEye,0.9662209153175354,0.6808093190193176,2,DoS GoldenEye,0.9662209153175354,HIGH,DEEP_ANALYSIS,CNN-BiLSTM,True,False,False,False,True,False,False,False,False,RF BENIGN only
733,48443,2,DoS GoldenEye,4,4,True,2,DoS GoldenEye,0.9999995827674866,0.020967068150639534,0.024354051798582077,False,0,BENIGN,0.9827708005905151,0,BENIGN,0.6801682114601135,,2,DoS GoldenEye,0.9999995827674866,HIGH,FAST_ATTACK_PATH,Random Forest,True,False,False,False,False,True,True,True,False,FedProx+CNN BENIGN
734,48444,2,DoS GoldenEye,5,4,False,0,BENIGN,1.0,0.4721146821975708,0.41961294412612915,False,2,DoS GoldenEye,0.8720879554748535,2,DoS GoldenEye,0.9825403094291687,0.6684574484825134,2,DoS GoldenEye,0.9825403094291687,HIGH,DEEP_ANALYSIS,CNN-BiLSTM,True,False,False,False,True,False,False,False,False,RF BENIGN only
735,48450,2,DoS GoldenEye,1,4,False,0,BENIGN,0.9787653684616089,0.06591659039258957,0.07145249843597412,False,0,BENIGN,0.9297431707382202,2,DoS GoldenEye,0.7131381630897522,0.2856402099132538,2,DoS GoldenEye,0.7131381630897522,LOW,DEEP_ANALYSIS,CNN-BiLSTM,True,False,False,False,True,True,False,False,False,FedProx BENIGN only/global disagreement
736,48464,2,DoS GoldenEye,2,4,False,0,BENIGN,1.0,0.014723706990480423,0.022455565631389618,False,0,BENIGN,0.9980165958404541,0,BENIGN,0.9831231236457825,0.009870262816548347,0,BENIGN,1.0,NORMAL,DEEP_ANALYSIS,Random Forest,False,True,False,False,True,True,True,True,True,RF+FedProx+CNN all BENIGN
737,48523,2,DoS GoldenEye,3,4,False,0,BENIGN,0.9900000095367432,0.05214469134807587,0.08752375841140747,False,0,BENIGN,0.9924601912498474,0,BENIGN,0.8253778219223022,0.07850826531648636,0,BENIGN,0.9924601912498474,NORMAL,DEEP_ANALYSIS,FedProx70 MLP,False,True,False,False,True,True,True,True,True,RF+FedProx+CNN all BENIGN
738,48528,2,DoS GoldenEye,4,4,True,2,DoS GoldenEye,0.9999993443489075,0.2672065496444702,0.31037062406539917,False,2,DoS GoldenEye,0.8854151964187622,2,DoS GoldenEye,0.9745185375213623,,2,DoS GoldenEye,0.9999993443489075,HIGH,FAST_ATTACK_PATH,Random Forest,True,False,False,False,False,False,False,False,False,No supervised BENIGN vote
739,48554,2,DoS GoldenEye,5,4,False,0,BENIGN,1.0,0.18146654963493347,0.16128648817539215,False,0,BENIGN,0.7170379161834717,0,BENIGN,0.8220644593238831,0.17135904729366302,0,BENIGN,1.0,NORMAL,DEEP_ANALYSIS,Random Forest,False,True,False,False,True,True,True,True,True,RF+FedProx+CNN all BENIGN
740,48561,2,DoS GoldenEye,1,4,False,0,BENIGN,0.986456573009491,0.08527997881174088,0.0924420952796936,False,0,BENIGN,0.7169780135154724,2,DoS GoldenEye,0.9337332248687744,0.42828822135925293,2,DoS GoldenEye,0.9337332248687744,MEDIUM,DEEP_ANALYSIS,CNN-BiLSTM,True,False,False,False,True,True,False,False,False,FedProx BENIGN only/global disagreement
741,48580,2,DoS GoldenEye,2,4,False,0,BENIGN,0.869317352771759,0.21451418101787567,0.327161967754364,False,2,DoS GoldenEye,0.8239591717720032,2,DoS GoldenEye,0.9755115509033203,0.6638275980949402,2,DoS GoldenEye,0.9755115509033203,HIGH,DEEP_ANALYSIS,CNN-BiLSTM,True,False,False,False,True,False,False,False,False,RF BENIGN only
742,48595,2,DoS GoldenEye,3,4,False,0,BENIGN,0.7480815052986145,0.21679389476776123,0.363883912563324,False,2,DoS GoldenEye,0.8755655884742737,2,DoS GoldenEye,0.9741744995117188,0.7085970640182495,2,DoS GoldenEye,0.9741744995117188,HIGH,DEEP_ANALYSIS,CNN-BiLSTM,True,False,False,False,True,False,False,False,False,RF BENIGN only
743,48628,2,DoS GoldenEye,4,4,True,2,DoS GoldenEye,0.9999998807907104,0.16376671195030212,0.19022130966186523,False,2,DoS GoldenEye,0.9561372399330139,2,DoS GoldenEye,0.9318172931671143,,2,DoS GoldenEye,0.9999998807907104,HIGH,FAST_ATTACK_PATH,Random Forest,True,False,False,False,False,False,False,False,False,No supervised BENIGN vote
744,48656,2,DoS GoldenEye,5,4,False,0,BENIGN,1.0,0.058782730251550674,0.052245769649744034,False,0,BENIGN,0.947424590587616,2,DoS GoldenEye,0.8728190660476685,0.3290961682796478,2,DoS GoldenEye,0.8728190660476685,LOW,DEEP_ANALYSIS,CNN-BiLSTM,True,False,False,False,True,True,False,False,False,FedProx BENIGN only/global disagreement
745,48665,2,DoS GoldenEye,1,4,False,3,DoS Hulk,0.949316143989563,0.2766527831554413,0.2998870611190796,False,2,DoS GoldenEye,0.8804444670677185,2,DoS GoldenEye,0.9737985134124756,0.8398090600967407,2,DoS GoldenEye,0.9737985134124756,CRITICAL,DEEP_ANALYSIS,CNN-BiLSTM,True,False,False,False,False,False,False,False,False,No supervised BENIGN vote
746,48677,2,DoS GoldenEye,2,4,False,0,BENIGN,0.870046079158783,0.26209914684295654,0.3997352123260498,False,2,DoS GoldenEye,0.9111063480377197,2,DoS GoldenEye,0.9796234965324402,0.7021512389183044,2,DoS GoldenEye,0.9796234965324402,HIGH,DEEP_ANALYSIS,CNN-BiLSTM,True,False,False,False,True,False,False,False,False,RF BENIGN only
747,48686,2,DoS GoldenEye,3,4,False,0,BENIGN,0.7530815005302429,0.27071651816368103,0.4543918967247009,False,2,DoS GoldenEye,0.9139080047607422,2,DoS GoldenEye,0.8586050868034363,0.6922267079353333,2,DoS GoldenEye,0.9139080047607422,HIGH,DEEP_ANALYSIS,FedProx70 MLP,True,False,False,False,True,False,False,False,False,RF BENIGN only
748,48698,2,DoS GoldenEye,4,4,True,2,DoS GoldenEye,0.9999686479568481,0.0837424024939537,0.09727000445127487,False,0,BENIGN,0.6807637214660645,0,BENIGN,0.8876333236694336,,2,DoS GoldenEye,0.9999686479568481,HIGH,FAST_ATTACK_PATH,Random Forest,True,False,False,False,False,True,True,True,False,FedProx+CNN BENIGN
749,48721,2,DoS GoldenEye,5,4,False,0,BENIGN,1.0,0.37500032782554626,0.3332982361316681,False,2,DoS GoldenEye,0.8759950995445251,2,DoS GoldenEye,0.8238644003868103,0.60114586353302,2,DoS GoldenEye,0.8759950995445251,HIGH,DEEP_ANALYSIS,FedProx70 MLP,True,False,False,False,True,False,False,False,False,RF BENIGN only
750,48755,2,DoS GoldenEye,1,4,False,3,DoS Hulk,0.949316143989563,0.6333453059196472,0.6865358948707581,False,2,DoS GoldenEye,0.7789164185523987,2,DoS GoldenEye,0.957944393157959,0.8617990612983704,2,DoS GoldenEye,0.957944393157959,CRITICAL,DEEP_ANALYSIS,CNN-BiLSTM,True,False,False,False,False,False,False,False,False,No supervised BENIGN vote
751,48793,2,DoS GoldenEye,2,4,False,0,BENIGN,0.9923463463783264,3.353276014328003,1.0,True,0,BENIGN,0.9918767213821411,0,BENIGN,0.7666284441947937,0.2356477677822113,6,ANOMALOUS_TRAFFIC,1.0,LOW,DEEP_ANALYSIS,Personalized Autoencoder,False,False,False,True,True,True,True,True,True,RF+FedProx+CNN all BENIGN
752,48868,2,DoS GoldenEye,3,4,False,0,BENIGN,0.9950000047683716,3.2211320400238037,1.0,True,0,BENIGN,0.9927148222923279,0,BENIGN,0.9898210763931274,0.15674817562103271,6,ANOMALOUS_TRAFFIC,1.0,NORMAL,DEEP_ANALYSIS,Personalized Autoencoder,False,False,False,True,True,True,True,True,True,RF+FedProx+CNN all BENIGN
753,48900,2,DoS GoldenEye,4,4,True,2,DoS GoldenEye,0.9999998807907104,0.7202354073524475,0.8365809321403503,True,2,DoS GoldenEye,0.840806245803833,2,DoS GoldenEye,0.9509557485580444,,2,DoS GoldenEye,0.9999998807907104,HIGH,FAST_ATTACK_PATH,Random Forest,True,False,False,False,False,False,False,False,False,No supervised BENIGN vote
754,48956,2,DoS GoldenEye,5,4,False,0,BENIGN,1.0,2.807016134262085,1.0,True,0,BENIGN,0.99191814661026,0,BENIGN,0.9990516304969788,0.1527564972639084,6,ANOMALOUS_TRAFFIC,1.0,NORMAL,DEEP_ANALYSIS,Personalized Autoencoder,False,False,False,True,True,True,True,True,True,RF+FedProx+CNN all BENIGN
755,48972,2,DoS GoldenEye,1,4,False,0,BENIGN,0.9679358005523682,3.111318349838257,1.0,True,0,BENIGN,0.995866060256958,0,BENIGN,0.9987881779670715,0.1580771654844284,6,ANOMALOUS_TRAFFIC,1.0,NORMAL,DEEP_ANALYSIS,Personalized Autoencoder,False,False,False,True,True,True,True,True,True,RF+FedProx+CNN all BENIGN
756,48973,2,DoS GoldenEye,2,4,False,0,BENIGN,0.9923463463783264,3.007376194000244,1.0,True,0,BENIGN,0.9941290616989136,0,BENIGN,0.9904232025146484,0.15664389729499817,6,ANOMALOUS_TRAFFIC,1.0,NORMAL,DEEP_ANALYSIS,Personalized Autoencoder,False,False,False,True,True,True,True,True,True,RF+FedProx+CNN all BENIGN
757,48977,2,DoS GoldenEye,3,4,False,0,BENIGN,0.9950000047683716,2.841649293899536,1.0,True,0,BENIGN,0.9928796887397766,0,BENIGN,0.9424618482589722,0.1732744574546814,6,ANOMALOUS_TRAFFIC,1.0,NORMAL,DEEP_ANALYSIS,Personalized Autoencoder,False,False,False,True,True,True,True,True,True,RF+FedProx+CNN all BENIGN
758,48983,2,DoS GoldenEye,4,4,True,2,DoS GoldenEye,0.9999964833259583,3.253446340560913,1.0,True,0,BENIGN,0.9922062754631042,0,BENIGN,0.9715931415557861,,2,DoS GoldenEye,0.9999964833259583,HIGH,FAST_ATTACK_PATH,Random Forest,True,False,False,False,False,True,True,True,False,FedProx+CNN BENIGN
759,49026,2,DoS GoldenEye,5,4,False,0,BENIGN,1.0,2.8215537071228027,1.0,True,0,BENIGN,0.9926396608352661,0,BENIGN,0.945296049118042,0.1713544875383377,6,ANOMALOUS_TRAFFIC,1.0,NORMAL,DEEP_ANALYSIS,Personalized Autoencoder,False,False,False,True,True,True,True,True,True,RF+FedProx+CNN all BENIGN
760,49034,2,DoS GoldenEye,1,4,False,0,BENIGN,0.9764705300331116,3.0481672286987305,1.0,True,0,BENIGN,0.9939932227134705,0,BENIGN,0.9818074703216553,0.16287532448768616,6,ANOMALOUS_TRAFFIC,1.0,NORMAL,DEEP_ANALYSIS,Personalized Autoencoder,False,False,False,True,True,True,True,True,True,RF+FedProx+CNN all BENIGN
761,49062,2,DoS GoldenEye,2,4,False,0,BENIGN,0.9355636835098267,0.08353353291749954,0.1273994743824005,False,2,DoS GoldenEye,0.9436702132225037,2,DoS GoldenEye,0.9645755887031555,0.6526997089385986,2,DoS GoldenEye,0.9645755887031555,HIGH,DEEP_ANALYSIS,CNN-BiLSTM,True,False,False,False,True,False,False,False,False,RF BENIGN only
762,49103,2,DoS GoldenEye,3,4,False,0,BENIGN,1.0,0.014790629968047142,0.02482575550675392,False,0,BENIGN,0.9963763356208801,0,BENIGN,0.9906506538391113,0.00808323360979557,0,BENIGN,1.0,NORMAL,DEEP_ANALYSIS,Random Forest,False,True,False,False,True,True,True,True,True,RF+FedProx+CNN all BENIGN
763,49133,2,DoS GoldenEye,4,4,True,2,DoS GoldenEye,0.9940720200538635,0.07079393416643143,0.0822298601269722,False,0,BENIGN,0.9907417893409729,0,BENIGN,0.995558500289917,,2,DoS GoldenEye,0.9940720200538635,HIGH,FAST_ATTACK_PATH,Random Forest,True,False,False,False,False,True,True,True,False,FedProx+CNN BENIGN
764,49155,2,DoS GoldenEye,5,4,False,0,BENIGN,1.0,0.06132586672902107,0.0545060969889164,False,0,BENIGN,0.9991827607154846,0,BENIGN,0.9972472786903381,0.009384538978338242,0,BENIGN,1.0,NORMAL,DEEP_ANALYSIS,Random Forest,False,True,False,False,True,True,True,True,True,RF+FedProx+CNN all BENIGN
765,49171,2,DoS GoldenEye,1,4,False,0,BENIGN,0.9864534735679626,0.06667698174715042,0.07227674871683121,False,0,BENIGN,0.7134116888046265,2,DoS GoldenEye,0.9673944115638733,0.43811535835266113,2,DoS GoldenEye,0.9673944115638733,MEDIUM,DEEP_ANALYSIS,CNN-BiLSTM,True,False,False,False,True,True,False,False,False,FedProx BENIGN only/global disagreement
766,49186,2,DoS GoldenEye,2,4,False,0,BENIGN,0.8646707534790039,0.6411423087120056,0.9778252840042114,True,2,DoS GoldenEye,0.7609444260597229,2,DoS GoldenEye,0.9796961545944214,0.7449166774749756,2,DoS GoldenEye,0.9796961545944214,HIGH,DEEP_ANALYSIS,CNN-BiLSTM,True,False,False,False,True,False,False,False,False,RF BENIGN only
767,49195,2,DoS GoldenEye,3,4,False,0,BENIGN,0.7630815505981445,0.39077630639076233,0.6559097170829773,False,2,DoS GoldenEye,0.9204184412956238,2,DoS GoldenEye,0.9752410650253296,0.7632300853729248,2,DoS GoldenEye,0.9752410650253296,HIGH,DEEP_ANALYSIS,CNN-BiLSTM,True,False,False,False,True,False,False,False,False,RF BENIGN only
768,49210,2,DoS GoldenEye,4,4,True,2,DoS GoldenEye,0.9999998807907104,1.333587646484375,1.0,True,2,DoS GoldenEye,0.49945342540740967,2,DoS GoldenEye,0.9793241024017334,,2,DoS GoldenEye,0.9999998807907104,HIGH,FAST_ATTACK_PATH,Random Forest,True,False,False,False,False,False,False,False,False,No supervised BENIGN vote
769,49211,2,DoS GoldenEye,5,4,False,0,BENIGN,1.0,0.12457536160945892,0.1107219010591507,False,2,DoS GoldenEye,0.9112467765808105,2,DoS GoldenEye,0.731575071811676,0.5460336208343506,2,DoS GoldenEye,0.9112467765808105,MEDIUM,DEEP_ANALYSIS,FedProx70 MLP,True,False,False,False,True,False,False,False,False,RF BENIGN only
770,49225,2,DoS GoldenEye,1,4,False,0,BENIGN,0.9760284423828125,0.0546533428132534,0.05924332141876221,False,0,BENIGN,0.5423163771629333,2,DoS GoldenEye,0.8063788414001465,0.43321847915649414,2,DoS GoldenEye,0.8063788414001465,MEDIUM,DEEP_ANALYSIS,CNN-BiLSTM,True,False,False,False,True,True,False,False,False,FedProx BENIGN only/global disagreement
771,49263,2,DoS GoldenEye,2,4,False,0,BENIGN,1.0,0.014635063707828522,0.022320372983813286,False,0,BENIGN,0.9885286688804626,0,BENIGN,0.8201380372047424,0.0697411373257637,0,BENIGN,1.0,NORMAL,DEEP_ANALYSIS,Random Forest,False,True,False,False,True,True,True,True,True,RF+FedProx+CNN all BENIGN
772,49273,2,DoS GoldenEye,3,4,False,0,BENIGN,0.6880815029144287,0.6470926403999329,1.0,True,2,DoS GoldenEye,0.8042159080505371,2,DoS GoldenEye,0.9035317897796631,0.7698845863342285,2,DoS GoldenEye,0.9035317897796631,HIGH,DEEP_ANALYSIS,CNN-BiLSTM,True,False,False,False,True,False,False,False,False,RF BENIGN only
773,49287,2,DoS GoldenEye,4,4,True,2,DoS GoldenEye,0.9999998807907104,0.16272979974746704,0.1890168935060501,False,2,DoS GoldenEye,0.9541648626327515,2,DoS GoldenEye,0.8544467687606812,,2,DoS GoldenEye,0.9999998807907104,HIGH,FAST_ATTACK_PATH,Random Forest,True,False,False,False,False,False,False,False,False,No supervised BENIGN vote
774,49295,2,DoS GoldenEye,5,4,False,0,BENIGN,1.0,0.9633358716964722,0.8562076687812805,True,2,DoS GoldenEye,0.7661076784133911,2,DoS GoldenEye,0.9408943057060242,0.6875764727592468,2,DoS GoldenEye,0.9408943057060242,HIGH,DEEP_ANALYSIS,CNN-BiLSTM,True,False,False,False,True,False,False,False,False,RF BENIGN only
775,49315,2,DoS GoldenEye,1,4,False,3,DoS Hulk,0.9506212472915649,0.1426590085029602,0.15464000403881073,False,2,DoS GoldenEye,0.9507071375846863,2,DoS GoldenEye,0.978861927986145,,3,DoS Hulk,0.9506212472915649,HIGH,FAST_ATTACK_PATH,Random Forest,False,False,True,False,False,False,False,False,False,No supervised BENIGN vote
776,49333,2,DoS GoldenEye,2,4,False,0,BENIGN,1.0,0.015218596905469894,0.02321033738553524,False,0,BENIGN,0.9802890419960022,0,BENIGN,0.993872880935669,0.011539330706000328,0,BENIGN,1.0,NORMAL,DEEP_ANALYSIS,Random Forest,False,True,False,False,True,True,True,True,True,RF+FedProx+CNN all BENIGN
777,49338,2,DoS GoldenEye,3,4,False,0,BENIGN,0.6830815076828003,0.2762239873409271,0.4636360704898834,False,2,DoS GoldenEye,0.8779776692390442,2,DoS GoldenEye,0.9751206636428833,0.737614631652832,2,DoS GoldenEye,0.9751206636428833,HIGH,DEEP_ANALYSIS,CNN-BiLSTM,True,False,False,False,True,False,False,False,False,RF BENIGN only
778,49367,2,DoS GoldenEye,4,4,True,2,DoS GoldenEye,0.9999998807907104,0.7634968757629395,0.8868308067321777,True,2,DoS GoldenEye,0.7217177748680115,2,DoS GoldenEye,0.9543929100036621,,2,DoS GoldenEye,0.9999998807907104,HIGH,FAST_ATTACK_PATH,Random Forest,True,False,False,False,False,False,False,False,False,No supervised BENIGN vote
779,49402,2,DoS GoldenEye,5,4,False,0,BENIGN,1.0,0.26383131742477417,0.23449184000492096,False,2,DoS GoldenEye,0.9375668168067932,2,DoS GoldenEye,0.9511086344718933,0.64933180809021,2,DoS GoldenEye,0.9511086344718933,HIGH,DEEP_ANALYSIS,CNN-BiLSTM,True,False,False,False,True,False,False,False,False,RF BENIGN only
780,49430,2,DoS GoldenEye,1,4,False,3,DoS Hulk,0.9188195466995239,1.1954772472381592,1.0,True,2,DoS GoldenEye,0.5051541328430176,2,DoS GoldenEye,0.961315929889679,0.8217706680297852,2,DoS GoldenEye,0.961315929889679,CRITICAL,DEEP_ANALYSIS,CNN-BiLSTM,True,False,False,False,False,False,False,False,False,No supervised BENIGN vote
781,49462,2,DoS GoldenEye,2,4,False,0,BENIGN,0.9950000047683716,0.05583783611655235,0.08515994995832443,False,0,BENIGN,0.986029326915741,0,BENIGN,0.9990729093551636,0.018289675936102867,0,BENIGN,0.9990729093551636,NORMAL,DEEP_ANALYSIS,CNN-BiLSTM,False,True,False,False,True,True,True,True,True,RF+FedProx+CNN all BENIGN
782,49471,2,DoS GoldenEye,3,4,False,0,BENIGN,0.6510506868362427,0.13205485045909882,0.22165124118328094,False,2,DoS GoldenEye,0.9403168559074402,2,DoS GoldenEye,0.9325518608093262,0.7115257978439331,2,DoS GoldenEye,0.9403168559074402,HIGH,DEEP_ANALYSIS,FedProx70 MLP,True,False,False,False,True,False,False,False,False,RF BENIGN only
783,49474,2,DoS GoldenEye,4,4,True,2,DoS GoldenEye,0.9999998807907104,0.7578667998313904,0.8802912831306458,True,2,DoS GoldenEye,0.7648741006851196,2,DoS GoldenEye,0.9780244827270508,,2,DoS GoldenEye,0.9999998807907104,HIGH,FAST_ATTACK_PATH,Random Forest,True,False,False,False,False,False,False,False,False,No supervised BENIGN vote
784,49484,2,DoS GoldenEye,5,4,False,0,BENIGN,1.0,0.24839825928211212,0.22077500820159912,False,2,DoS GoldenEye,0.9352965950965881,0,BENIGN,0.7272011041641235,0.40918484330177307,2,DoS GoldenEye,0.9352965950965881,MEDIUM,DEEP_ANALYSIS,FedProx70 MLP,True,False,False,False,True,False,True,False,False,CNN BENIGN only/global disagreement
785,49493,2,DoS GoldenEye,1,4,False,3,DoS Hulk,0.9185382723808289,0.09365911781787872,0.10152494162321091,False,2,DoS GoldenEye,0.8974254131317139,2,DoS GoldenEye,0.5483044981956482,0.6600705981254578,3,DoS Hulk,0.9185382723808289,HIGH,DEEP_ANALYSIS,Random Forest,False,False,True,False,False,False,False,False,False,No supervised BENIGN vote
786,49583,2,DoS GoldenEye,2,4,False,0,BENIGN,1.0,0.05646220222115517,0.08611219376325607,False,0,BENIGN,0.5888816118240356,2,DoS GoldenEye,0.951971709728241,0.4694424271583557,2,DoS GoldenEye,0.951971709728241,MEDIUM,DEEP_ANALYSIS,CNN-BiLSTM,True,False,False,False,True,True,False,False,False,FedProx BENIGN only/global disagreement
787,49584,2,DoS GoldenEye,3,4,False,0,BENIGN,0.845480740070343,0.1878194510936737,0.315250962972641,False,2,DoS GoldenEye,0.9443215727806091,2,DoS GoldenEye,0.9627858996391296,0.6984630227088928,2,DoS GoldenEye,0.9627858996391296,HIGH,DEEP_ANALYSIS,CNN-BiLSTM,True,False,False,False,True,False,False,False,False,RF BENIGN only
788,49607,2,DoS GoldenEye,4,4,True,2,DoS GoldenEye,0.9999995827674866,0.07482295483350754,0.08690972626209259,False,2,DoS GoldenEye,0.5854512453079224,2,DoS GoldenEye,0.7102469205856323,,2,DoS GoldenEye,0.9999995827674866,HIGH,FAST_ATTACK_PATH,Random Forest,True,False,False,False,False,False,False,False,False,No supervised BENIGN vote
789,49680,2,DoS GoldenEye,5,4,False,0,BENIGN,1.0,0.24734137952327728,0.21983566880226135,False,2,DoS GoldenEye,0.9447857141494751,2,DoS GoldenEye,0.8899176120758057,0.6278823018074036,2,DoS GoldenEye,0.9447857141494751,HIGH,DEEP_ANALYSIS,FedProx70 MLP,True,False,False,False,True,False,False,False,False,RF BENIGN only
790,49744,2,DoS GoldenEye,1,4,False,0,BENIGN,0.987911581993103,0.06780800968408585,0.07350277155637741,False,0,BENIGN,0.6509482264518738,2,DoS GoldenEye,0.8841109275817871,0.4275974631309509,2,DoS GoldenEye,0.8841109275817871,MEDIUM,DEEP_ANALYSIS,CNN-BiLSTM,True,False,False,False,True,True,False,False,False,FedProx BENIGN only/global disagreement
791,49762,2,DoS GoldenEye,2,4,False,0,BENIGN,0.8735036253929138,0.2606319487094879,0.3974975645542145,False,2,DoS GoldenEye,0.9101842045783997,2,DoS GoldenEye,0.9689128398895264,0.6970986723899841,2,DoS GoldenEye,0.9689128398895264,HIGH,DEEP_ANALYSIS,CNN-BiLSTM,True,False,False,False,True,False,False,False,False,RF BENIGN only
792,49779,2,DoS GoldenEye,3,4,False,0,BENIGN,0.7402152419090271,0.13734170794487,0.23052512109279633,False,2,DoS GoldenEye,0.9440324306488037,2,DoS GoldenEye,0.9561396241188049,0.7043943405151367,2,DoS GoldenEye,0.9561396241188049,HIGH,DEEP_ANALYSIS,CNN-BiLSTM,True,False,False,False,True,False,False,False,False,RF BENIGN only
793,49833,2,DoS GoldenEye,4,4,True,2,DoS GoldenEye,0.9999998807907104,0.7163815498352051,0.8321045637130737,True,2,DoS GoldenEye,0.856484055519104,2,DoS GoldenEye,0.9721140265464783,,2,DoS GoldenEye,0.9999998807907104,HIGH,FAST_ATTACK_PATH,Random Forest,True,False,False,False,False,False,False,False,False,No supervised BENIGN vote
794,49840,2,DoS GoldenEye,5,4,False,0,BENIGN,1.0,0.03302382677793503,0.02935139648616314,False,0,BENIGN,0.9865707755088806,0,BENIGN,0.9152318835258484,0.038100313395261765,0,BENIGN,1.0,NORMAL,DEEP_ANALYSIS,Random Forest,False,True,False,False,True,True,True,True,True,RF+FedProx+CNN all BENIGN
795,49847,2,DoS GoldenEye,1,4,False,0,BENIGN,0.987911581993103,0.06897441297769547,0.07476712763309479,False,2,DoS GoldenEye,0.590580403804779,0,BENIGN,0.9884182810783386,0.19486048817634583,2,DoS GoldenEye,0.590580403804779,NORMAL,DEEP_ANALYSIS,FedProx70 MLP,True,False,False,False,True,False,True,False,False,CNN BENIGN only/global disagreement
796,49850,2,DoS GoldenEye,2,4,False,0,BENIGN,0.8646707534790039,0.6133021116256714,0.9353653788566589,True,2,DoS GoldenEye,0.8270167708396912,2,DoS GoldenEye,0.98062664270401,0.7586950063705444,2,DoS GoldenEye,0.98062664270401,HIGH,DEEP_ANALYSIS,CNN-BiLSTM,True,False,False,False,True,False,False,False,False,RF BENIGN only
797,49935,2,DoS GoldenEye,3,4,False,0,BENIGN,0.801926851272583,1.0649501085281372,1.0,True,2,DoS GoldenEye,0.7134066224098206,2,DoS GoldenEye,0.962368905544281,0.7404657602310181,2,DoS GoldenEye,0.962368905544281,HIGH,DEEP_ANALYSIS,CNN-BiLSTM,True,False,False,False,True,False,False,False,False,RF BENIGN only
798,49952,2,DoS GoldenEye,4,4,True,2,DoS GoldenEye,0.9999998807907104,0.7250568866729736,0.8421813249588013,True,2,DoS GoldenEye,0.8149539828300476,2,DoS GoldenEye,0.9526901245117188,,2,DoS GoldenEye,0.9999998807907104,HIGH,FAST_ATTACK_PATH,Random Forest,True,False,False,False,False,False,False,False,False,No supervised BENIGN vote
799,49990,2,DoS GoldenEye,5,4,False,0,BENIGN,1.0,0.24235376715660095,0.21540270745754242,False,2,DoS GoldenEye,0.9545612335205078,2,DoS GoldenEye,0.9818544387817383,0.6623278260231018,2,DoS GoldenEye,0.9818544387817383,HIGH,DEEP_ANALYSIS,CNN-BiLSTM,True,False,False,False,True,False,False,False,False,RF BENIGN only
800,29364,4,FTP-Patator,1,5,False,0,BENIGN,0.9550060629844666,0.07711724191904068,0.08359381556510925,False,0,BENIGN,0.9995986819267273,0,BENIGN,0.8459632396697998,0.07557112723588943,0,BENIGN,0.9995986819267273,NORMAL,DEEP_ANALYSIS,FedProx70 MLP,False,True,False,False,True,True,True,True,True,RF+FedProx+CNN all BENIGN
801,29369,4,FTP-Patator,2,5,False,0,BENIGN,0.9715481996536255,0.018452273681759834,0.028142111375927925,False,0,BENIGN,0.9983459711074829,0,BENIGN,0.9757304191589355,0.018902238458395004,0,BENIGN,0.9983459711074829,NORMAL,DEEP_ANALYSIS,FedProx70 MLP,False,True,False,False,True,True,True,True,True,RF+FedProx+CNN all BENIGN
802,29370,4,FTP-Patator,3,5,False,0,BENIGN,0.9919686913490295,0.02029281109571457,0.03406105190515518,False,0,BENIGN,0.9985809326171875,0,BENIGN,0.9204258918762207,0.03499207645654678,0,BENIGN,0.9985809326171875,NORMAL,DEEP_ANALYSIS,FedProx70 MLP,False,True,False,False,True,True,True,True,True,RF+FedProx+CNN all BENIGN
803,29374,4,FTP-Patator,4,5,False,0,BENIGN,1.0,0.09761667996644974,0.11338550597429276,False,0,BENIGN,0.999634861946106,0,BENIGN,0.9990274906158447,0.0174577459692955,0,BENIGN,1.0,NORMAL,DEEP_ANALYSIS,Random Forest,False,True,False,False,True,True,True,True,True,RF+FedProx+CNN all BENIGN
804,29377,4,FTP-Patator,5,5,True,4,FTP-Patator,0.9639207124710083,0.09298259019851685,0.08264241367578506,False,0,BENIGN,0.9995986819267273,0,BENIGN,0.9083331227302551,,4,FTP-Patator,0.9639207124710083,HIGH,FAST_ATTACK_PATH,Random Forest,True,False,False,False,False,True,True,True,False,FedProx+CNN BENIGN
805,29379,4,FTP-Patator,1,5,False,0,BENIGN,0.9240185022354126,0.030569350346922874,0.033136673271656036,False,0,BENIGN,0.99837327003479,0,BENIGN,0.5415230989456177,0.18112173676490784,0,BENIGN,0.99837327003479,NORMAL,DEEP_ANALYSIS,FedProx70 MLP,False,True,False,False,True,True,True,True,True,RF+FedProx+CNN all BENIGN
806,29380,4,FTP-Patator,2,5,False,0,BENIGN,0.9961729645729065,0.021456506103277206,0.03272395581007004,False,4,FTP-Patator,0.6715347766876221,4,FTP-Patator,0.6293652057647705,0.4274122416973114,4,FTP-Patator,0.6715347766876221,MEDIUM,DEEP_ANALYSIS,FedProx70 MLP,True,False,False,False,True,False,False,False,False,RF BENIGN only
807,29382,4,FTP-Patator,3,5,False,0,BENIGN,0.9869686961174011,0.019945181906223297,0.03347756341099739,False,0,BENIGN,0.9983499050140381,4,FTP-Patator,0.9130199551582336,0.32767990231513977,4,FTP-Patator,0.9130199551582336,LOW,DEEP_ANALYSIS,CNN-BiLSTM,True,False,False,False,True,True,False,False,False,FedProx BENIGN only/global disagreement
808,29383,4,FTP-Patator,4,5,False,0,BENIGN,0.9951786994934082,0.031096799299120903,0.03612012416124344,False,4,FTP-Patator,0.6824896931648254,4,FTP-Patator,0.858299195766449,0.5115339159965515,4,FTP-Patator,0.858299195766449,MEDIUM,DEEP_ANALYSIS,CNN-BiLSTM,True,False,False,False,True,False,False,False,False,RF BENIGN only
809,29386,4,FTP-Patator,5,5,True,4,FTP-Patator,1.0,0.03494567051529884,0.031059522181749344,False,0,BENIGN,0.998445451259613,4,FTP-Patator,0.5896424651145935,,4,FTP-Patator,1.0,HIGH,FAST_ATTACK_PATH,Random Forest,True,False,False,False,False,True,False,False,False,FedProx BENIGN only/global disagreement
810,29387,4,FTP-Patator,1,5,False,0,BENIGN,1.0,0.02088223770260811,0.02263600192964077,False,4,FTP-Patator,0.6344174742698669,4,FTP-Patator,0.9409581422805786,0.5230559706687927,4,FTP-Patator,0.9409581422805786,MEDIUM,DEEP_ANALYSIS,CNN-BiLSTM,True,False,False,False,True,False,False,False,False,RF BENIGN only
811,29388,4,FTP-Patator,2,5,False,0,BENIGN,0.9753803014755249,0.01848469488322735,0.02819156087934971,False,0,BENIGN,0.9983639121055603,0,BENIGN,0.6268972158432007,0.1402294784784317,0,BENIGN,0.9983639121055603,NORMAL,DEEP_ANALYSIS,FedProx70 MLP,False,True,False,False,True,True,True,True,True,RF+FedProx+CNN all BENIGN
812,29393,4,FTP-Patator,3,5,False,0,BENIGN,0.9919686913490295,0.054968614131212234,0.09226364642381668,False,0,BENIGN,0.9995312690734863,4,FTP-Patator,0.713036298751831,0.2651491165161133,4,FTP-Patator,0.713036298751831,LOW,DEEP_ANALYSIS,CNN-BiLSTM,True,False,False,False,True,True,False,False,False,FedProx BENIGN only/global disagreement
813,29395,4,FTP-Patator,4,5,False,0,BENIGN,0.9951786994934082,0.031045779585838318,0.03606086224317551,False,4,FTP-Patator,0.6416738033294678,4,FTP-Patator,0.8873607516288757,0.5094518065452576,4,FTP-Patator,0.8873607516288757,MEDIUM,DEEP_ANALYSIS,CNN-BiLSTM,True,False,False,False,True,False,False,False,False,RF BENIGN only
814,29404,4,FTP-Patator,5,5,True,4,FTP-Patator,1.0,0.04883876070380211,0.0434076227247715,False,4,FTP-Patator,0.6951188445091248,4,FTP-Patator,0.9028603434562683,,4,FTP-Patator,1.0,HIGH,FAST_ATTACK_PATH,Random Forest,True,False,False,False,False,False,False,False,False,No supervised BENIGN vote
815,29414,4,FTP-Patator,1,5,False,0,BENIGN,0.9550060629844666,0.07711724191904068,0.08359381556510925,False,0,BENIGN,0.9995986819267273,0,BENIGN,0.9552057981491089,0.03733622655272484,0,BENIGN,0.9995986819267273,NORMAL,DEEP_ANALYSIS,FedProx70 MLP,False,True,False,False,True,True,True,True,True,RF+FedProx+CNN all BENIGN
816,29438,4,FTP-Patator,2,5,False,0,BENIGN,0.9961729645729065,0.02149258740246296,0.03277898579835892,False,4,FTP-Patator,0.6745953559875488,4,FTP-Patator,0.8960071802139282,0.5216633677482605,4,FTP-Patator,0.8960071802139282,MEDIUM,DEEP_ANALYSIS,CNN-BiLSTM,True,False,False,False,True,False,False,False,False,RF BENIGN only
817,29448,4,FTP-Patator,3,5,False,0,BENIGN,0.9869686961174011,0.0199306458234787,0.033453162759542465,False,0,BENIGN,0.9984245300292969,0,BENIGN,0.6152086853981018,0.1427738517522812,0,BENIGN,0.9984245300292969,NORMAL,DEEP_ANALYSIS,FedProx70 MLP,False,True,False,False,True,True,True,True,True,RF+FedProx+CNN all BENIGN
818,29450,4,FTP-Patator,4,5,False,0,BENIGN,0.9951786994934082,0.031150618568062782,0.03618263825774193,False,4,FTP-Patator,0.6833266615867615,4,FTP-Patator,0.9055567979812622,0.5283345580101013,4,FTP-Patator,0.9055567979812622,MEDIUM,DEEP_ANALYSIS,CNN-BiLSTM,True,False,False,False,True,False,False,False,False,RF BENIGN only
819,29455,4,FTP-Patator,5,5,True,4,FTP-Patator,1.0,0.03494223579764366,0.031056469306349754,False,0,BENIGN,0.9983820915222168,0,BENIGN,0.9128429889678955,,4,FTP-Patator,1.0,HIGH,FAST_ATTACK_PATH,Random Forest,True,False,False,False,False,True,True,True,False,FedProx+CNN BENIGN
820,29458,4,FTP-Patator,1,5,False,0,BENIGN,1.0,0.020439019426703453,0.022155560553073883,False,4,FTP-Patator,0.6578805446624756,4,FTP-Patator,0.9059809446334839,0.5177807807922363,4,FTP-Patator,0.9059809446334839,MEDIUM,DEEP_ANALYSIS,CNN-BiLSTM,True,False,False,False,True,False,False,False,False,RF BENIGN only
821,29468,4,FTP-Patator,2,5,False,0,BENIGN,1.0,0.021475668996572495,0.03275318443775177,False,4,FTP-Patator,0.61268550157547,0,BENIGN,0.6050602197647095,0.32694756984710693,4,FTP-Patator,0.61268550157547,LOW,DEEP_ANALYSIS,FedProx70 MLP,True,False,False,False,True,False,True,False,False,CNN BENIGN only/global disagreement
822,29471,4,FTP-Patator,3,5,False,0,BENIGN,0.9869686961174011,0.01994255743920803,0.03347315639257431,False,0,BENIGN,0.9983600974082947,0,BENIGN,0.9404788613319397,0.028951605781912804,0,BENIGN,0.9983600974082947,NORMAL,DEEP_ANALYSIS,FedProx70 MLP,False,True,False,False,True,True,True,True,True,RF+FedProx+CNN all BENIGN
823,29482,4,FTP-Patator,4,5,False,0,BENIGN,1.0,0.028107663616538048,0.032648127526044846,False,0,BENIGN,0.9983540773391724,0,BENIGN,0.9526212215423584,0.021973568946123123,0,BENIGN,1.0,NORMAL,DEEP_ANALYSIS,Random Forest,False,True,False,False,True,True,True,True,True,RF+FedProx+CNN all BENIGN
824,29484,4,FTP-Patator,5,5,True,4,FTP-Patator,0.9639207124710083,0.09298259019851685,0.08264241367578506,False,0,BENIGN,0.9995986819267273,0,BENIGN,0.9768171906471252,,4,FTP-Patator,0.9639207124710083,HIGH,FAST_ATTACK_PATH,Random Forest,True,False,False,False,False,True,True,True,False,FedProx+CNN BENIGN
825,29519,4,FTP-Patator,1,5,False,0,BENIGN,1.0,0.020045652985572815,0.021729158237576485,False,4,FTP-Patator,0.665382981300354,4,FTP-Patator,0.8016453981399536,0.48345011472702026,4,FTP-Patator,0.8016453981399536,MEDIUM,DEEP_ANALYSIS,CNN-BiLSTM,True,False,False,False,True,False,False,False,False,RF BENIGN only
826,29535,4,FTP-Patator,2,5,False,0,BENIGN,0.9961729645729065,0.021351318806409836,0.03256353363394737,False,4,FTP-Patator,0.6892611980438232,4,FTP-Patator,0.8781894445419312,0.5197946429252625,4,FTP-Patator,0.8781894445419312,MEDIUM,DEEP_ANALYSIS,CNN-BiLSTM,True,False,False,False,True,False,False,False,False,RF BENIGN only
827,29540,4,FTP-Patator,3,5,False,0,BENIGN,0.9869686961174011,0.019948631525039673,0.0334833525121212,False,0,BENIGN,0.9983371496200562,0,BENIGN,0.9243542551994324,0.034603629261255264,0,BENIGN,0.9983371496200562,NORMAL,DEEP_ANALYSIS,FedProx70 MLP,False,True,False,False,True,True,True,True,True,RF+FedProx+CNN all BENIGN
828,29547,4,FTP-Patator,4,5,False,0,BENIGN,1.0,0.02810068428516388,0.03264002129435539,False,0,BENIGN,0.9984219074249268,0,BENIGN,0.9899545907974243,0.008885324001312256,0,BENIGN,1.0,NORMAL,DEEP_ANALYSIS,Random Forest,False,True,False,False,True,True,True,True,True,RF+FedProx+CNN all BENIGN
829,29567,4,FTP-Patator,5,5,True,4,FTP-Patator,1.0,0.03493570536375046,0.03105066530406475,False,0,BENIGN,0.998410701751709,0,BENIGN,0.9973662495613098,,4,FTP-Patator,1.0,HIGH,FAST_ATTACK_PATH,Random Forest,True,False,False,False,False,True,True,True,False,FedProx+CNN BENIGN
830,29568,4,FTP-Patator,1,5,False,0,BENIGN,1.0,0.020385293290019035,0.02209732122719288,False,4,FTP-Patator,0.6719212532043457,4,FTP-Patator,0.9192878007888794,0.5266417264938354,4,FTP-Patator,0.9192878007888794,MEDIUM,DEEP_ANALYSIS,CNN-BiLSTM,True,False,False,False,True,False,False,False,False,RF BENIGN only
831,29590,4,FTP-Patator,2,5,False,0,BENIGN,0.9961729645729065,0.021402277052402496,0.032641250640153885,False,4,FTP-Patator,0.6866263747215271,0,BENIGN,0.5770629048347473,0.3596775233745575,4,FTP-Patator,0.6866263747215271,LOW,DEEP_ANALYSIS,FedProx70 MLP,True,False,False,False,True,False,True,False,False,CNN BENIGN only/global disagreement
832,29601,4,FTP-Patator,3,5,False,0,BENIGN,1.0,0.03138082101941109,0.05267203971743584,False,4,FTP-Patator,0.6799348592758179,0,BENIGN,0.7740888595581055,0.29095014929771423,4,FTP-Patator,0.6799348592758179,LOW,DEEP_ANALYSIS,FedProx70 MLP,True,False,False,False,True,False,True,False,False,CNN BENIGN only/global disagreement
833,29623,4,FTP-Patator,4,5,False,0,BENIGN,1.0,0.06958897411823273,0.08083025366067886,False,0,BENIGN,0.9995986819267273,0,BENIGN,0.9994350075721741,0.01244268100708723,0,BENIGN,1.0,NORMAL,DEEP_ANALYSIS,Random Forest,False,True,False,False,True,True,True,True,True,RF+FedProx+CNN all BENIGN
834,29634,4,FTP-Patator,5,5,True,4,FTP-Patator,1.0,0.03493987023830414,0.031054366379976273,False,0,BENIGN,0.9983890056610107,0,BENIGN,0.9507086277008057,,4,FTP-Patator,1.0,HIGH,FAST_ATTACK_PATH,Random Forest,True,False,False,False,False,True,True,True,False,FedProx+CNN BENIGN
835,29640,4,FTP-Patator,1,5,False,0,BENIGN,0.929018497467041,0.030550386756658554,0.033116117119789124,False,0,BENIGN,0.9983890056610107,0,BENIGN,0.9983060359954834,0.020239904522895813,0,BENIGN,0.9983890056610107,NORMAL,DEEP_ANALYSIS,FedProx70 MLP,False,True,False,False,True,True,True,True,True,RF+FedProx+CNN all BENIGN
836,29645,4,FTP-Patator,2,5,False,0,BENIGN,0.9961729645729065,0.021643560379743576,0.03300923854112625,False,4,FTP-Patator,0.6115567088127136,4,FTP-Patator,0.8105616569519043,0.47288039326667786,4,FTP-Patator,0.8105616569519043,MEDIUM,DEEP_ANALYSIS,CNN-BiLSTM,True,False,False,False,True,False,False,False,False,RF BENIGN only
837,29649,4,FTP-Patator,3,5,False,0,BENIGN,1.0,0.03161885216832161,0.05307156965136528,False,4,FTP-Patator,0.6416336297988892,0,BENIGN,0.6980993747711182,0.3061160445213318,4,FTP-Patator,0.6416336297988892,LOW,DEEP_ANALYSIS,FedProx70 MLP,True,False,False,False,True,False,True,False,False,CNN BENIGN only/global disagreement
838,29669,4,FTP-Patator,4,5,False,0,BENIGN,0.9951786994934082,0.03127015382051468,0.036321479827165604,False,4,FTP-Patator,0.6139296889305115,4,FTP-Patator,0.7482081651687622,0.4524642527103424,4,FTP-Patator,0.7482081651687622,MEDIUM,DEEP_ANALYSIS,CNN-BiLSTM,True,False,False,False,True,False,False,False,False,RF BENIGN only
839,29674,4,FTP-Patator,5,5,True,4,FTP-Patator,1.0,0.04837070032954216,0.04299161583185196,False,4,FTP-Patator,0.6863712072372437,4,FTP-Patator,0.7399459481239319,,4,FTP-Patator,1.0,HIGH,FAST_ATTACK_PATH,Random Forest,True,False,False,False,False,False,False,False,False,No supervised BENIGN vote
840,29682,4,FTP-Patator,1,5,False,0,BENIGN,0.929018497467041,0.030567117035388947,0.033134251832962036,False,0,BENIGN,0.9983750581741333,0,BENIGN,0.9150674343109131,0.04938031733036041,0,BENIGN,0.9983750581741333,NORMAL,DEEP_ANALYSIS,FedProx70 MLP,False,True,False,False,True,True,True,True,True,RF+FedProx+CNN all BENIGN
841,29688,4,FTP-Patator,2,5,False,0,BENIGN,0.9753803014755249,0.018578335642814636,0.028334373608231544,False,0,BENIGN,0.998417854309082,0,BENIGN,0.9979991316795349,0.010349043644964695,0,BENIGN,0.998417854309082,NORMAL,DEEP_ANALYSIS,FedProx70 MLP,False,True,False,False,True,True,True,True,True,RF+FedProx+CNN all BENIGN
842,29694,4,FTP-Patator,3,5,False,0,BENIGN,1.0,0.03144640102982521,0.05278211086988449,False,4,FTP-Patator,0.667635440826416,4,FTP-Patator,0.9199782013893127,0.5302003622055054,4,FTP-Patator,0.9199782013893127,MEDIUM,DEEP_ANALYSIS,CNN-BiLSTM,True,False,False,False,True,False,False,False,False,RF BENIGN only
843,29699,4,FTP-Patator,4,5,False,0,BENIGN,0.9951786994934082,0.03111390210688114,0.03613998740911484,False,4,FTP-Patator,0.6700220704078674,4,FTP-Patator,0.8600899577140808,0.5084233283996582,4,FTP-Patator,0.8600899577140808,MEDIUM,DEEP_ANALYSIS,CNN-BiLSTM,True,False,False,False,True,False,False,False,False,RF BENIGN only
844,29701,4,FTP-Patator,5,5,True,4,FTP-Patator,0.9794067144393921,0.07212651520967484,0.06410565227270126,False,0,BENIGN,0.9995312690734863,0,BENIGN,0.875342071056366,,4,FTP-Patator,0.9794067144393921,HIGH,FAST_ATTACK_PATH,Random Forest,True,False,False,False,False,True,True,True,False,FedProx+CNN BENIGN
845,29707,4,FTP-Patator,1,5,False,0,BENIGN,1.0,0.020521027967333794,0.02224445715546608,False,4,FTP-Patator,0.6649674773216248,0,BENIGN,0.5877406001091003,0.34711772203445435,4,FTP-Patator,0.6649674773216248,LOW,DEEP_ANALYSIS,FedProx70 MLP,True,False,False,False,True,False,True,False,False,CNN BENIGN only/global disagreement
846,29735,4,FTP-Patator,2,5,False,0,BENIGN,0.9800000190734863,0.03813064470887184,0.058154184371232986,False,0,BENIGN,0.9995986819267273,4,FTP-Patator,0.5690843462944031,0.2120230346918106,4,FTP-Patator,0.5690843462944031,LOW,DEEP_ANALYSIS,CNN-BiLSTM,True,False,False,False,True,True,False,False,False,FedProx BENIGN only/global disagreement
847,29743,4,FTP-Patator,3,5,False,0,BENIGN,1.0,0.031297214329242706,0.052531708031892776,False,4,FTP-Patator,0.6699925065040588,4,FTP-Patator,0.69986891746521,0.45383164286613464,4,FTP-Patator,0.69986891746521,MEDIUM,DEEP_ANALYSIS,CNN-BiLSTM,True,False,False,False,True,False,False,False,False,RF BENIGN only
848,29747,4,FTP-Patator,4,5,False,0,BENIGN,1.0,0.06004668399691582,0.06974652409553528,False,0,BENIGN,0.9995312690734863,0,BENIGN,0.5782950520515442,0.15819934010505676,0,BENIGN,1.0,NORMAL,DEEP_ANALYSIS,Random Forest,False,True,False,False,True,True,True,True,True,RF+FedProx+CNN all BENIGN
849,29748,4,FTP-Patator,5,5,True,4,FTP-Patator,1.0,0.04991351440548897,0.044362861663103104,False,4,FTP-Patator,0.6691914796829224,4,FTP-Patator,0.9124060869216919,,4,FTP-Patator,1.0,HIGH,FAST_ATTACK_PATH,Random Forest,True,False,False,False,False,False,False,False,False,No supervised BENIGN vote
850,29749,4,FTP-Patator,1,5,False,0,BENIGN,1.0,0.020457357168197632,0.022175438702106476,False,4,FTP-Patator,0.6727103590965271,4,FTP-Patator,0.8035780191421509,0.48639175295829773,4,FTP-Patator,0.8035780191421509,MEDIUM,DEEP_ANALYSIS,CNN-BiLSTM,True,False,False,False,True,False,False,False,False,RF BENIGN only
851,29750,4,FTP-Patator,2,5,False,0,BENIGN,0.9961729645729065,0.021509304642677307,0.03280448168516159,False,4,FTP-Patator,0.6524775624275208,4,FTP-Patator,0.8612158894538879,0.5028548836708069,4,FTP-Patator,0.8612158894538879,MEDIUM,DEEP_ANALYSIS,CNN-BiLSTM,True,False,False,False,True,False,False,False,False,RF BENIGN only
852,29762,4,FTP-Patator,3,5,False,0,BENIGN,1.0,0.031648263335227966,0.0531209334731102,False,4,FTP-Patator,0.6492416262626648,4,FTP-Patator,0.8813726902008057,0.5112210512161255,4,FTP-Patator,0.8813726902008057,MEDIUM,DEEP_ANALYSIS,CNN-BiLSTM,True,False,False,False,True,False,False,False,False,RF BENIGN only
853,29778,4,FTP-Patator,4,5,False,0,BENIGN,0.9951786994934082,0.030978817492723465,0.03598308190703392,False,4,FTP-Patator,0.6547533273696899,4,FTP-Patator,0.8987218737602234,0.517340362071991,4,FTP-Patator,0.8987218737602234,MEDIUM,DEEP_ANALYSIS,CNN-BiLSTM,True,False,False,False,True,False,False,False,False,RF BENIGN only
854,29791,4,FTP-Patator,5,5,True,4,FTP-Patator,1.0,0.03494083136320114,0.03105521947145462,False,0,BENIGN,0.9984310269355774,0,BENIGN,0.9613098502159119,,4,FTP-Patator,1.0,HIGH,FAST_ATTACK_PATH,Random Forest,True,False,False,False,False,True,True,True,False,FedProx+CNN BENIGN
855,29792,4,FTP-Patator,1,5,False,0,BENIGN,0.9240185022354126,0.030578596517443657,0.0331466943025589,False,0,BENIGN,0.9983657002449036,0,BENIGN,0.6125807762145996,0.1562553197145462,0,BENIGN,0.9983657002449036,NORMAL,DEEP_ANALYSIS,FedProx70 MLP,False,True,False,False,True,True,True,True,True,RF+FedProx+CNN all BENIGN
856,29804,4,FTP-Patator,2,5,False,0,BENIGN,0.9961729645729065,0.021542275324463844,0.03285476565361023,False,4,FTP-Patator,0.6412123441696167,4,FTP-Patator,0.928283154964447,0.5229564905166626,4,FTP-Patator,0.928283154964447,MEDIUM,DEEP_ANALYSIS,CNN-BiLSTM,True,False,False,False,True,False,False,False,False,RF BENIGN only
857,29839,4,FTP-Patator,3,5,False,0,BENIGN,1.0,0.03153769671916962,0.05293535068631172,False,4,FTP-Patator,0.654827356338501,4,FTP-Patator,0.637638509273529,0.42756199836730957,4,FTP-Patator,0.654827356338501,MEDIUM,DEEP_ANALYSIS,FedProx70 MLP,True,False,False,False,True,False,False,False,False,RF BENIGN only
858,29850,4,FTP-Patator,4,5,False,0,BENIGN,1.0,0.028796017169952393,0.03344767913222313,False,0,BENIGN,0.9985809326171875,0,BENIGN,0.8947453498840332,0.04228200018405914,0,BENIGN,1.0,NORMAL,DEEP_ANALYSIS,Random Forest,False,True,False,False,True,True,True,True,True,RF+FedProx+CNN all BENIGN
859,29860,4,FTP-Patator,5,5,True,4,FTP-Patator,1.0,0.05031881853938103,0.044723089784383774,False,4,FTP-Patator,0.6319757699966431,4,FTP-Patator,0.5978688597679138,,4,FTP-Patator,1.0,HIGH,FAST_ATTACK_PATH,Random Forest,True,False,False,False,False,False,False,False,False,No supervised BENIGN vote
860,29866,4,FTP-Patator,1,5,False,0,BENIGN,0.929018497467041,0.03056277520954609,0.03312954306602478,False,0,BENIGN,0.9983787536621094,0,BENIGN,0.7889963984489441,0.09350336343050003,0,BENIGN,0.9983787536621094,NORMAL,DEEP_ANALYSIS,FedProx70 MLP,False,True,False,False,True,True,True,True,True,RF+FedProx+CNN all BENIGN
861,29870,4,FTP-Patator,2,5,False,0,BENIGN,0.9792075157165527,0.018527572974562645,0.02825695462524891,False,0,BENIGN,0.9983890056610107,0,BENIGN,0.9877815246582031,0.01315680518746376,0,BENIGN,0.9983890056610107,NORMAL,DEEP_ANALYSIS,FedProx70 MLP,False,True,False,False,True,True,True,True,True,RF+FedProx+CNN all BENIGN
862,29871,4,FTP-Patator,3,5,False,0,BENIGN,1.0,0.0317043662071228,0.05321510136127472,False,4,FTP-Patator,0.6818749308586121,4,FTP-Patator,0.9235305190086365,0.5357804298400879,4,FTP-Patator,0.9235305190086365,MEDIUM,DEEP_ANALYSIS,CNN-BiLSTM,True,False,False,False,True,False,False,False,False,RF BENIGN only
863,29903,4,FTP-Patator,4,5,False,0,BENIGN,1.0,0.06958897411823273,0.08083025366067886,False,0,BENIGN,0.9995986819267273,0,BENIGN,0.9617300629615784,0.025639411062002182,0,BENIGN,1.0,NORMAL,DEEP_ANALYSIS,Random Forest,False,True,False,False,True,True,True,True,True,RF+FedProx+CNN all BENIGN
864,29908,4,FTP-Patator,5,5,True,4,FTP-Patator,0.9639207124710083,0.09298259019851685,0.08264241367578506,False,0,BENIGN,0.9995986819267273,0,BENIGN,0.7932887673377991,,4,FTP-Patator,0.9639207124710083,HIGH,FAST_ATTACK_PATH,Random Forest,True,False,False,False,False,True,True,True,False,FedProx+CNN BENIGN
865,29940,4,FTP-Patator,1,5,False,0,BENIGN,1.0,0.020660260692238808,0.022395381703972816,False,4,FTP-Patator,0.6471510529518127,4,FTP-Patator,0.9216064810752869,0.5200669169425964,4,FTP-Patator,0.9216064810752869,MEDIUM,DEEP_ANALYSIS,CNN-BiLSTM,True,False,False,False,True,False,False,False,False,RF BENIGN only
866,29952,4,FTP-Patator,2,5,False,0,BENIGN,0.9792075157165527,0.01850142516195774,0.028217075392603874,False,0,BENIGN,0.99837327003479,0,BENIGN,0.798004686832428,0.07957743853330612,0,BENIGN,0.99837327003479,NORMAL,DEEP_ANALYSIS,FedProx70 MLP,False,True,False,False,True,True,True,True,True,RF+FedProx+CNN all BENIGN
867,29956,4,FTP-Patator,3,5,False,0,BENIGN,0.9869686961174011,0.01993941329419613,0.03346788138151169,False,0,BENIGN,0.99837327003479,0,BENIGN,0.9915701150894165,0.0110649224370718,0,BENIGN,0.99837327003479,NORMAL,DEEP_ANALYSIS,FedProx70 MLP,False,True,False,False,True,True,True,True,True,RF+FedProx+CNN all BENIGN
868,30013,4,FTP-Patator,4,5,False,0,BENIGN,1.0,0.028100838884711266,0.03264020010828972,False,0,BENIGN,0.9984272718429565,0,BENIGN,0.976572573184967,0.013567447662353516,0,BENIGN,1.0,NORMAL,DEEP_ANALYSIS,Random Forest,False,True,False,False,True,True,True,True,True,RF+FedProx+CNN all BENIGN
869,30025,4,FTP-Patator,5,5,True,4,FTP-Patator,1.0,0.05013025552034378,0.04455549642443657,False,4,FTP-Patator,0.6555033922195435,4,FTP-Patator,0.6253664493560791,,4,FTP-Patator,1.0,HIGH,FAST_ATTACK_PATH,Random Forest,True,False,False,False,False,False,False,False,False,No supervised BENIGN vote
870,30038,4,FTP-Patator,1,5,False,0,BENIGN,1.0,0.021007124334573746,0.022771377116441727,False,4,FTP-Patator,0.591325044631958,4,FTP-Patator,0.9221845865249634,0.5035778284072876,4,FTP-Patator,0.9221845865249634,MEDIUM,DEEP_ANALYSIS,CNN-BiLSTM,True,False,False,False,True,False,False,False,False,RF BENIGN only
871,30045,4,FTP-Patator,2,5,False,0,BENIGN,0.9961729645729065,0.021489841863512993,0.032774798572063446,False,4,FTP-Patator,0.6654535531997681,0,BENIGN,0.5632985830307007,0.3581632077693939,4,FTP-Patator,0.6654535531997681,LOW,DEEP_ANALYSIS,FedProx70 MLP,True,False,False,False,True,False,True,False,False,CNN BENIGN only/global disagreement
872,30048,4,FTP-Patator,3,5,False,0,BENIGN,1.0,0.03171185031533241,0.05322766676545143,False,4,FTP-Patator,0.5825657844543457,4,FTP-Patator,0.7849719524383545,0.4574940800666809,4,FTP-Patator,0.7849719524383545,MEDIUM,DEEP_ANALYSIS,CNN-BiLSTM,True,False,False,False,True,False,False,False,False,RF BENIGN only
873,30051,4,FTP-Patator,4,5,False,0,BENIGN,1.0,0.02810235694050789,0.03264196217060089,False,0,BENIGN,0.9983855485916138,0,BENIGN,0.9974045157432556,0.0062890490517020226,0,BENIGN,1.0,NORMAL,DEEP_ANALYSIS,Random Forest,False,True,False,False,True,True,True,True,True,RF+FedProx+CNN all BENIGN
874,30057,4,FTP-Patator,5,5,True,4,FTP-Patator,1.0,0.04970363900065422,0.04417632147669792,False,4,FTP-Patator,0.674440860748291,4,FTP-Patator,0.777233898639679,,4,FTP-Patator,1.0,HIGH,FAST_ATTACK_PATH,Random Forest,True,False,False,False,False,False,False,False,False,No supervised BENIGN vote
875,30086,4,FTP-Patator,1,5,False,0,BENIGN,1.0,0.020405760034918785,0.02211950719356537,False,4,FTP-Patator,0.667707622051239,4,FTP-Patator,0.9403542876243591,0.5327542424201965,4,FTP-Patator,0.9403542876243591,MEDIUM,DEEP_ANALYSIS,CNN-BiLSTM,True,False,False,False,True,False,False,False,False,RF BENIGN only
876,30088,4,FTP-Patator,2,5,False,0,BENIGN,0.9792075157165527,0.01850140281021595,0.028217041864991188,False,0,BENIGN,0.99837327003479,0,BENIGN,0.9823600053787231,0.015053070150315762,0,BENIGN,0.99837327003479,NORMAL,DEEP_ANALYSIS,FedProx70 MLP,False,True,False,False,True,True,True,True,True,RF+FedProx+CNN all BENIGN
877,30096,4,FTP-Patator,3,5,False,0,BENIGN,1.0,0.03142783045768738,0.05275094136595726,False,4,FTP-Patator,0.6811331510543823,4,FTP-Patator,0.7379416823387146,0.4705321788787842,4,FTP-Patator,0.7379416823387146,MEDIUM,DEEP_ANALYSIS,CNN-BiLSTM,True,False,False,False,True,False,False,False,False,RF BENIGN only
878,30098,4,FTP-Patator,4,5,False,0,BENIGN,1.0,0.06958897411823273,0.08083025366067886,False,0,BENIGN,0.9995986819267273,0,BENIGN,0.9969348907470703,0.013317721895873547,0,BENIGN,1.0,NORMAL,DEEP_ANALYSIS,Random Forest,False,True,False,False,True,True,True,True,True,RF+FedProx+CNN all BENIGN
879,30099,4,FTP-Patator,5,5,True,4,FTP-Patator,1.0,0.050232939422130585,0.04464676231145859,False,4,FTP-Patator,0.641759991645813,4,FTP-Patator,0.7617095112800598,,4,FTP-Patator,1.0,HIGH,FAST_ATTACK_PATH,Random Forest,True,False,False,False,False,False,False,False,False,No supervised BENIGN vote
880,30111,4,FTP-Patator,1,5,False,0,BENIGN,0.9240185022354126,0.03057628870010376,0.03314419463276863,False,0,BENIGN,0.9983678460121155,0,BENIGN,0.6595011949539185,0.13983213901519775,0,BENIGN,0.9983678460121155,NORMAL,DEEP_ANALYSIS,FedProx70 MLP,False,True,False,False,True,True,True,True,True,RF+FedProx+CNN all BENIGN
881,30115,4,FTP-Patator,2,5,False,0,BENIGN,1.0,0.021560655906796455,0.032882798463106155,False,4,FTP-Patator,0.6144044399261475,4,FTP-Patator,0.8286596536636353,0.4792846441268921,4,FTP-Patator,0.8286596536636353,MEDIUM,DEEP_ANALYSIS,CNN-BiLSTM,True,False,False,False,True,False,False,False,False,RF BENIGN only
882,30116,4,FTP-Patator,3,5,False,0,BENIGN,1.0,0.03153420612215996,0.05292949080467224,False,4,FTP-Patator,0.6502001881599426,4,FTP-Patator,0.9060736894607544,0.5201252698898315,4,FTP-Patator,0.9060736894607544,MEDIUM,DEEP_ANALYSIS,CNN-BiLSTM,True,False,False,False,True,False,False,False,False,RF BENIGN only
883,30117,4,FTP-Patator,4,5,False,0,BENIGN,1.0,0.028108004480600357,0.03264852240681648,False,0,BENIGN,0.9984788298606873,4,FTP-Patator,0.8665279150009155,0.30863839387893677,4,FTP-Patator,0.8665279150009155,LOW,DEEP_ANALYSIS,CNN-BiLSTM,True,False,False,False,True,True,False,False,False,FedProx BENIGN only/global disagreement
884,30119,4,FTP-Patator,5,5,True,4,FTP-Patator,1.0,0.03495955094695091,0.0310718584805727,False,0,BENIGN,0.9984796643257141,0,BENIGN,0.9588111639022827,,4,FTP-Patator,1.0,HIGH,FAST_ATTACK_PATH,Random Forest,True,False,False,False,False,True,True,True,False,FedProx+CNN BENIGN
885,30121,4,FTP-Patator,1,5,False,0,BENIGN,0.9466042518615723,0.030731655657291412,0.0333126075565815,False,0,BENIGN,0.9985809326171875,4,FTP-Patator,0.908058762550354,0.3339223265647888,4,FTP-Patator,0.908058762550354,LOW,DEEP_ANALYSIS,CNN-BiLSTM,True,False,False,False,True,True,False,False,False,FedProx BENIGN only/global disagreement
886,30122,4,FTP-Patator,2,5,False,0,BENIGN,0.9792075157165527,0.018455903977155685,0.02814764901995659,False,0,BENIGN,0.9983477592468262,4,FTP-Patator,0.7761830687522888,0.280540406703949,4,FTP-Patator,0.7761830687522888,LOW,DEEP_ANALYSIS,CNN-BiLSTM,True,False,False,False,True,True,False,False,False,FedProx BENIGN only/global disagreement
887,30126,4,FTP-Patator,3,5,False,0,BENIGN,1.0,0.03143699839711189,0.052766334265470505,False,4,FTP-Patator,0.6781158447265625,4,FTP-Patator,0.9019827246665955,0.5270436406135559,4,FTP-Patator,0.9019827246665955,MEDIUM,DEEP_ANALYSIS,CNN-BiLSTM,True,False,False,False,True,False,False,False,False,RF BENIGN only
888,30127,4,FTP-Patator,4,5,False,0,BENIGN,1.0,0.02810070477426052,0.03264004737138748,False,0,BENIGN,0.998410701751709,0,BENIGN,0.9901345372200012,0.008825709111988544,0,BENIGN,1.0,NORMAL,DEEP_ANALYSIS,Random Forest,False,True,False,False,True,True,True,True,True,RF+FedProx+CNN all BENIGN
889,30137,4,FTP-Patator,5,5,True,4,FTP-Patator,1.0,0.05043257400393486,0.04482419788837433,False,4,FTP-Patator,0.620051383972168,4,FTP-Patator,0.594984769821167,,4,FTP-Patator,1.0,HIGH,FAST_ATTACK_PATH,Random Forest,True,False,False,False,False,False,False,False,False,No supervised BENIGN vote
890,30148,4,FTP-Patator,1,5,False,0,BENIGN,0.929018497467041,0.0305464006960392,0.03311179578304291,False,0,BENIGN,0.9983920454978943,0,BENIGN,0.9899216294288635,0.023172885179519653,0,BENIGN,0.9983920454978943,NORMAL,DEEP_ANALYSIS,FedProx70 MLP,False,True,False,False,True,True,True,True,True,RF+FedProx+CNN all BENIGN
891,30167,4,FTP-Patator,2,5,False,0,BENIGN,0.9792075157165527,0.018474018201231956,0.028175275772809982,False,0,BENIGN,0.9983580708503723,0,BENIGN,0.9561427235603333,0.024227414280176163,0,BENIGN,0.9983580708503723,NORMAL,DEEP_ANALYSIS,FedProx70 MLP,False,True,False,False,True,True,True,True,True,RF+FedProx+CNN all BENIGN
892,30183,4,FTP-Patator,3,5,False,0,BENIGN,1.0,0.031421128660440445,0.052739694714546204,False,4,FTP-Patator,0.6444666385650635,4,FTP-Patator,0.9302775859832764,0.5268480777740479,4,FTP-Patator,0.9302775859832764,MEDIUM,DEEP_ANALYSIS,CNN-BiLSTM,True,False,False,False,True,False,False,False,False,RF BENIGN only
893,30185,4,FTP-Patator,4,5,False,0,BENIGN,1.0,0.028103182092308998,0.032642923295497894,False,0,BENIGN,0.9983787536621094,4,FTP-Patator,0.8085891604423523,0.2883889973163605,4,FTP-Patator,0.8085891604423523,LOW,DEEP_ANALYSIS,CNN-BiLSTM,True,False,False,False,True,True,False,False,False,FedProx BENIGN only/global disagreement
894,30189,4,FTP-Patator,5,5,True,4,FTP-Patator,1.0,0.03496244549751282,0.03107443079352379,False,0,BENIGN,0.9984859824180603,0,BENIGN,0.999840259552002,,4,FTP-Patator,1.0,HIGH,FAST_ATTACK_PATH,Random Forest,True,False,False,False,False,True,True,True,False,FedProx+CNN BENIGN
895,30191,4,FTP-Patator,1,5,False,0,BENIGN,1.0,0.020239757373929024,0.021939564496278763,False,4,FTP-Patator,0.6492948532104492,4,FTP-Patator,0.9206936359405518,0.5203222036361694,4,FTP-Patator,0.9206936359405518,MEDIUM,DEEP_ANALYSIS,CNN-BiLSTM,True,False,False,False,True,False,False,False,False,RF BENIGN only
896,30193,4,FTP-Patator,2,5,False,0,BENIGN,0.9753803014755249,0.0184915941208601,0.028202081099152565,False,0,BENIGN,0.9983678460121155,0,BENIGN,0.8627237677574158,0.05769057944417,0,BENIGN,0.9983678460121155,NORMAL,DEEP_ANALYSIS,FedProx70 MLP,False,True,False,False,True,True,True,True,True,RF+FedProx+CNN all BENIGN
897,30197,4,FTP-Patator,3,5,False,0,BENIGN,0.9869686961174011,0.019931185990571976,0.03345407173037529,False,0,BENIGN,0.9984207153320312,0,BENIGN,0.8760658502578735,0.05147511139512062,0,BENIGN,0.9984207153320312,NORMAL,DEEP_ANALYSIS,FedProx70 MLP,False,True,False,False,True,True,True,True,True,RF+FedProx+CNN all BENIGN
898,30198,4,FTP-Patator,4,5,False,0,BENIGN,0.9951786994934082,0.03106682375073433,0.036085307598114014,False,4,FTP-Patator,0.666761040687561,4,FTP-Patator,0.9134995341300964,0.526130199432373,4,FTP-Patator,0.9134995341300964,MEDIUM,DEEP_ANALYSIS,CNN-BiLSTM,True,False,False,False,True,False,False,False,False,RF BENIGN only
899,30201,4,FTP-Patator,5,5,True,4,FTP-Patator,1.0,0.0349380224943161,0.0310527216643095,False,0,BENIGN,0.9984207153320312,0,BENIGN,0.9997864365577698,,4,FTP-Patator,1.0,HIGH,FAST_ATTACK_PATH,Random Forest,True,False,False,False,False,True,True,True,False,FedProx+CNN BENIGN
900,30204,4,FTP-Patator,1,5,False,0,BENIGN,0.929018497467041,0.030515354126691818,0.0330781415104866,False,0,BENIGN,0.9984191656112671,4,FTP-Patator,0.6920146942138672,0.2618374228477478,4,FTP-Patator,0.6920146942138672,LOW,DEEP_ANALYSIS,CNN-BiLSTM,True,False,False,False,True,True,False,False,False,FedProx BENIGN only/global disagreement
901,30214,4,FTP-Patator,2,5,False,0,BENIGN,0.9753803014755249,0.01852189376950264,0.028248291462659836,False,0,BENIGN,0.9983855485916138,0,BENIGN,0.8911327719688416,0.047749049961566925,0,BENIGN,0.9983855485916138,NORMAL,DEEP_ANALYSIS,FedProx70 MLP,False,True,False,False,True,True,True,True,True,RF+FedProx+CNN all BENIGN
902,30219,4,FTP-Patator,3,5,False,0,BENIGN,1.0,0.031244557350873947,0.05244332551956177,False,4,FTP-Patator,0.6890251636505127,4,FTP-Patator,0.6640965938568115,0.4470078647136688,4,FTP-Patator,0.6890251636505127,MEDIUM,DEEP_ANALYSIS,FedProx70 MLP,True,False,False,False,True,False,False,False,False,RF BENIGN only
903,30224,4,FTP-Patator,4,5,False,0,BENIGN,1.0,0.028101006522774696,0.03264039382338524,False,0,BENIGN,0.9984015822410583,0,BENIGN,0.9996459484100342,0.005499502643942833,0,BENIGN,1.0,NORMAL,DEEP_ANALYSIS,Random Forest,False,True,False,False,True,True,True,True,True,RF+FedProx+CNN all BENIGN
904,30227,4,FTP-Patator,5,5,True,4,FTP-Patator,1.0,0.050030309706926346,0.044466666877269745,False,4,FTP-Patator,0.6801040768623352,4,FTP-Patator,0.611126184463501,,4,FTP-Patator,1.0,HIGH,FAST_ATTACK_PATH,Random Forest,True,False,False,False,False,False,False,False,False,No supervised BENIGN vote
905,30247,4,FTP-Patator,1,5,False,0,BENIGN,0.929018497467041,0.030558492988348007,0.0331249013543129,False,0,BENIGN,0.9983820915222168,0,BENIGN,0.9992749094963074,0.01990419067442417,0,BENIGN,0.9992749094963074,NORMAL,DEEP_ANALYSIS,CNN-BiLSTM,False,True,False,False,True,True,True,True,True,RF+FedProx+CNN all BENIGN
906,30250,4,FTP-Patator,2,5,False,0,BENIGN,0.9961729645729065,0.021473299711942673,0.03274957090616226,False,4,FTP-Patator,0.6791414618492126,4,FTP-Patator,0.9333825707435608,0.5361042022705078,4,FTP-Patator,0.9333825707435608,MEDIUM,DEEP_ANALYSIS,CNN-BiLSTM,True,False,False,False,True,False,False,False,False,RF BENIGN only
907,30255,4,FTP-Patator,3,5,False,0,BENIGN,1.0,0.03164999932050705,0.053123850375413895,False,4,FTP-Patator,0.6584912538528442,0,BENIGN,0.9791131615638733,0.21282635629177094,4,FTP-Patator,0.6584912538528442,LOW,DEEP_ANALYSIS,FedProx70 MLP,True,False,False,False,True,False,True,False,False,CNN BENIGN only/global disagreement
908,30291,4,FTP-Patator,4,5,False,0,BENIGN,1.0,0.02883100137114525,0.03348831087350845,False,0,BENIGN,0.9985784292221069,0,BENIGN,0.6865518093109131,0.11515658348798752,0,BENIGN,1.0,NORMAL,DEEP_ANALYSIS,Random Forest,False,True,False,False,True,True,True,True,True,RF+FedProx+CNN all BENIGN
909,30292,4,FTP-Patator,5,5,True,4,FTP-Patator,0.7417852878570557,0.36029866337776184,0.32023149728775024,False,0,BENIGN,0.9996488094329834,4,FTP-Patator,0.6715677380561829,0.43154585361480713,4,FTP-Patator,0.7417852878570557,MEDIUM,DEEP_ANALYSIS,Random Forest,True,False,False,False,False,True,False,False,False,FedProx BENIGN only/global disagreement
910,30300,4,FTP-Patator,1,5,False,0,BENIGN,1.0,0.02022748813033104,0.021926265209913254,False,4,FTP-Patator,0.6589268445968628,4,FTP-Patator,0.7472932934761047,0.46251967549324036,4,FTP-Patator,0.7472932934761047,MEDIUM,DEEP_ANALYSIS,CNN-BiLSTM,True,False,False,False,True,False,False,False,False,RF BENIGN only
911,30304,4,FTP-Patator,2,5,False,0,BENIGN,0.9316841959953308,0.021493230015039444,0.03277996554970741,False,4,FTP-Patator,0.6882070899009705,4,FTP-Patator,0.9317618608474731,0.5511589050292969,4,FTP-Patator,0.9317618608474731,MEDIUM,DEEP_ANALYSIS,CNN-BiLSTM,True,False,False,False,True,False,False,False,False,RF BENIGN only
912,30308,4,FTP-Patator,3,5,False,0,BENIGN,0.9919686913490295,0.02029281109571457,0.03406105190515518,False,0,BENIGN,0.9985809326171875,0,BENIGN,0.574510931968689,0.1560623198747635,0,BENIGN,0.9985809326171875,NORMAL,DEEP_ANALYSIS,FedProx70 MLP,False,True,False,False,True,True,True,True,True,RF+FedProx+CNN all BENIGN
913,30309,4,FTP-Patator,4,5,False,0,BENIGN,0.9951786994934082,0.030734378844499588,0.035699158906936646,False,4,FTP-Patator,0.6908764243125916,4,FTP-Patator,0.9005969762802124,0.5287910103797913,4,FTP-Patator,0.9005969762802124,MEDIUM,DEEP_ANALYSIS,CNN-BiLSTM,True,False,False,False,True,False,False,False,False,RF BENIGN only
914,30313,4,FTP-Patator,5,5,True,4,FTP-Patator,1.0,0.049305155873298645,0.04382215067744255,False,4,FTP-Patator,0.6829967498779297,4,FTP-Patator,0.9365677833557129,,4,FTP-Patator,1.0,HIGH,FAST_ATTACK_PATH,Random Forest,True,False,False,False,False,False,False,False,False,No supervised BENIGN vote
915,30314,4,FTP-Patator,1,5,False,0,BENIGN,1.0,0.020222511142492294,0.02192086912691593,False,4,FTP-Patator,0.6891531348228455,4,FTP-Patator,0.9293732047080994,0.535314679145813,4,FTP-Patator,0.9293732047080994,MEDIUM,DEEP_ANALYSIS,CNN-BiLSTM,True,False,False,False,True,False,False,False,False,RF BENIGN only
916,30316,4,FTP-Patator,2,5,False,0,BENIGN,0.9961729645729065,0.021438458934426308,0.032696433365345,False,4,FTP-Patator,0.6845519542694092,4,FTP-Patator,0.9031878113746643,0.5271511673927307,4,FTP-Patator,0.9031878113746643,MEDIUM,DEEP_ANALYSIS,CNN-BiLSTM,True,False,False,False,True,False,False,False,False,RF BENIGN only
917,30317,4,FTP-Patator,3,5,False,0,BENIGN,1.0,0.03151286020874977,0.052893660962581635,False,4,FTP-Patator,0.6568531394004822,4,FTP-Patator,0.9419798851013184,0.5346829295158386,4,FTP-Patator,0.9419798851013184,MEDIUM,DEEP_ANALYSIS,CNN-BiLSTM,True,False,False,False,True,False,False,False,False,RF BENIGN only
918,30321,4,FTP-Patator,4,5,False,0,BENIGN,1.0,0.028101861476898193,0.03264138847589493,False,0,BENIGN,0.9984421133995056,0,BENIGN,0.6778767704963684,0.11810670793056488,0,BENIGN,1.0,NORMAL,DEEP_ANALYSIS,Random Forest,False,True,False,False,True,True,True,True,True,RF+FedProx+CNN all BENIGN
919,30323,4,FTP-Patator,5,5,True,4,FTP-Patator,1.0,0.049409206956624985,0.043914634734392166,False,4,FTP-Patator,0.6795816421508789,0,BENIGN,0.5814335346221924,,4,FTP-Patator,1.0,HIGH,FAST_ATTACK_PATH,Random Forest,True,False,False,False,False,False,True,False,False,CNN BENIGN only/global disagreement
920,30325,4,FTP-Patator,1,5,False,0,BENIGN,1.0,0.021092670038342476,0.02286410704255104,False,4,FTP-Patator,0.6334120631217957,4,FTP-Patator,0.9014849066734314,0.5089729428291321,4,FTP-Patator,0.9014849066734314,MEDIUM,DEEP_ANALYSIS,CNN-BiLSTM,True,False,False,False,True,False,False,False,False,RF BENIGN only
921,30326,4,FTP-Patator,2,5,False,0,BENIGN,0.9792075157165527,0.018552295863628387,0.02829466015100479,False,0,BENIGN,0.9984032511711121,0,BENIGN,0.6044778227806091,0.14731447398662567,0,BENIGN,0.9984032511711121,NORMAL,DEEP_ANALYSIS,FedProx70 MLP,False,True,False,False,True,True,True,True,True,RF+FedProx+CNN all BENIGN
922,30333,4,FTP-Patator,3,5,False,0,BENIGN,1.0,0.03143724799156189,0.05276675149798393,False,4,FTP-Patator,0.6684575080871582,4,FTP-Patator,0.9520491361618042,0.541669487953186,4,FTP-Patator,0.9520491361618042,MEDIUM,DEEP_ANALYSIS,CNN-BiLSTM,True,False,False,False,True,False,False,False,False,RF BENIGN only
923,30355,4,FTP-Patator,4,5,False,0,BENIGN,1.0,0.028102749958634377,0.0326424203813076,False,0,BENIGN,0.9983820915222168,0,BENIGN,0.6979506015777588,0.11109902709722519,0,BENIGN,1.0,NORMAL,DEEP_ANALYSIS,Random Forest,False,True,False,False,True,True,True,True,True,RF+FedProx+CNN all BENIGN
924,30366,4,FTP-Patator,5,5,True,4,FTP-Patator,1.0,0.03494003787636757,0.03105451539158821,False,0,BENIGN,0.9983890056610107,0,BENIGN,0.9991917014122009,,4,FTP-Patator,1.0,HIGH,FAST_ATTACK_PATH,Random Forest,True,False,False,False,False,True,True,True,False,FedProx+CNN BENIGN
925,30408,4,FTP-Patator,1,5,False,0,BENIGN,1.0,0.020202407613396645,0.02189907804131508,False,4,FTP-Patator,0.6344794034957886,4,FTP-Patator,0.9395505785942078,0.5224713683128357,4,FTP-Patator,0.9395505785942078,MEDIUM,DEEP_ANALYSIS,CNN-BiLSTM,True,False,False,False,True,False,False,False,False,RF BENIGN only
926,30409,4,FTP-Patator,2,5,False,0,BENIGN,0.9792075157165527,0.018530381843447685,0.02826123870909214,False,0,BENIGN,0.9983906745910645,4,FTP-Patator,0.738947331905365,0.2675120234489441,4,FTP-Patator,0.738947331905365,LOW,DEEP_ANALYSIS,CNN-BiLSTM,True,False,False,False,True,True,False,False,False,FedProx BENIGN only/global disagreement
927,30410,4,FTP-Patator,3,5,False,0,BENIGN,0.951991617679596,0.01993422955274582,0.03345917910337448,False,0,BENIGN,0.998555600643158,0,BENIGN,0.728771448135376,0.10998386144638062,0,BENIGN,0.998555600643158,NORMAL,DEEP_ANALYSIS,FedProx70 MLP,False,True,False,False,True,True,True,True,True,RF+FedProx+CNN all BENIGN
928,30421,4,FTP-Patator,4,5,False,0,BENIGN,1.0,0.06958897411823273,0.08083025366067886,False,0,BENIGN,0.9995986819267273,0,BENIGN,0.5253129601478577,0.1783854067325592,0,BENIGN,1.0,NORMAL,DEEP_ANALYSIS,Random Forest,False,True,False,False,True,True,True,True,True,RF+FedProx+CNN all BENIGN
929,30422,4,FTP-Patator,5,5,True,4,FTP-Patator,1.0,0.04892437905073166,0.04348371922969818,False,4,FTP-Patator,0.6697326302528381,4,FTP-Patator,0.9410116672515869,,4,FTP-Patator,1.0,HIGH,FAST_ATTACK_PATH,Random Forest,True,False,False,False,False,False,False,False,False,No supervised BENIGN vote
930,30427,4,FTP-Patator,1,5,False,0,BENIGN,0.9240185022354126,0.030627567321062088,0.03319977968931198,False,0,BENIGN,0.998327910900116,0,BENIGN,0.4961433410644531,0.19702772796154022,0,BENIGN,0.998327910900116,NORMAL,DEEP_ANALYSIS,FedProx70 MLP,False,True,False,False,True,True,True,True,True,RF+FedProx+CNN all BENIGN
931,30446,4,FTP-Patator,2,5,False,0,BENIGN,1.0,0.021355293691158295,0.03256959468126297,False,4,FTP-Patator,0.6774234771728516,4,FTP-Patator,0.6216474175453186,0.42568910121917725,4,FTP-Patator,0.6774234771728516,MEDIUM,DEEP_ANALYSIS,FedProx70 MLP,True,False,False,False,True,False,False,False,False,RF BENIGN only
932,30447,4,FTP-Patator,3,5,False,0,BENIGN,0.9869686961174011,0.019932042807340622,0.033455509692430496,False,0,BENIGN,0.9984149932861328,0,BENIGN,0.5692979693412781,0.15884579718112946,0,BENIGN,0.9984149932861328,NORMAL,DEEP_ANALYSIS,FedProx70 MLP,False,True,False,False,True,True,True,True,True,RF+FedProx+CNN all BENIGN
933,30449,4,FTP-Patator,4,5,False,0,BENIGN,1.0,0.028102729469537735,0.03264239430427551,False,0,BENIGN,0.9983820915222168,0,BENIGN,0.8079829812049866,0.07258769124746323,0,BENIGN,1.0,NORMAL,DEEP_ANALYSIS,Random Forest,False,True,False,False,True,True,True,True,True,RF+FedProx+CNN all BENIGN
934,30466,4,FTP-Patator,5,5,True,4,FTP-Patator,1.0,0.034946803003549576,0.03106052614748478,False,0,BENIGN,0.9983696341514587,0,BENIGN,0.4783608317375183,,4,FTP-Patator,1.0,HIGH,FAST_ATTACK_PATH,Random Forest,True,False,False,False,False,True,True,True,False,FedProx+CNN BENIGN
935,30467,4,FTP-Patator,1,5,False,0,BENIGN,0.929018497467041,0.030533460900187492,0.0330977700650692,False,0,BENIGN,0.9984032511711121,4,FTP-Patator,0.6867750883102417,0.2600112855434418,4,FTP-Patator,0.6867750883102417,LOW,DEEP_ANALYSIS,CNN-BiLSTM,True,False,False,False,True,True,False,False,False,FedProx BENIGN only/global disagreement
936,30471,4,FTP-Patator,2,5,False,0,BENIGN,0.9753803014755249,0.018501441925764084,0.028217101469635963,False,0,BENIGN,0.99837327003479,0,BENIGN,0.9627652168273926,0.022676697000861168,0,BENIGN,0.99837327003479,NORMAL,DEEP_ANALYSIS,FedProx70 MLP,False,True,False,False,True,True,True,True,True,RF+FedProx+CNN all BENIGN
937,30475,4,FTP-Patator,3,5,False,0,BENIGN,1.0,0.031039930880069733,0.052099861204624176,False,4,FTP-Patator,0.6970325112342834,4,FTP-Patator,0.6198742389678955,0.4338807165622711,4,FTP-Patator,0.6970325112342834,MEDIUM,DEEP_ANALYSIS,FedProx70 MLP,True,False,False,False,True,False,False,False,False,RF BENIGN only
938,30476,4,FTP-Patator,4,5,False,0,BENIGN,0.9951786994934082,0.03083833120763302,0.03581990301609039,False,4,FTP-Patator,0.6773388385772705,4,FTP-Patator,0.952997624874115,0.5430880784988403,4,FTP-Patator,0.952997624874115,MEDIUM,DEEP_ANALYSIS,CNN-BiLSTM,True,False,False,False,True,False,False,False,False,RF BENIGN only
939,30512,4,FTP-Patator,5,5,True,4,FTP-Patator,1.0,0.04968170076608658,0.04415682330727577,False,4,FTP-Patator,0.6717609763145447,4,FTP-Patator,0.8934277296066284,,4,FTP-Patator,1.0,HIGH,FAST_ATTACK_PATH,Random Forest,True,False,False,False,False,False,False,False,False,No supervised BENIGN vote
940,30521,4,FTP-Patator,1,5,False,0,BENIGN,1.0,0.020357968285679817,0.022067701444029808,False,4,FTP-Patator,0.653850257396698,4,FTP-Patator,0.829052746295929,0.4896336793899536,4,FTP-Patator,0.829052746295929,MEDIUM,DEEP_ANALYSIS,CNN-BiLSTM,True,False,False,False,True,False,False,False,False,RF BENIGN only
941,30524,4,FTP-Patator,2,5,False,0,BENIGN,0.9800000190734863,0.0586121492087841,0.08939113467931747,False,0,BENIGN,0.999634861946106,0,BENIGN,0.997814416885376,0.018283162266016006,0,BENIGN,0.999634861946106,NORMAL,DEEP_ANALYSIS,FedProx70 MLP,False,True,False,False,True,True,True,True,True,RF+FedProx+CNN all BENIGN
942,30539,4,FTP-Patator,3,5,False,0,BENIGN,0.9869686961174011,0.01994212530553341,0.03347243368625641,False,0,BENIGN,0.9983620047569275,4,FTP-Patator,0.8708509802818298,0.3129163384437561,4,FTP-Patator,0.8708509802818298,LOW,DEEP_ANALYSIS,CNN-BiLSTM,True,False,False,False,True,True,False,False,False,FedProx BENIGN only/global disagreement
943,30562,4,FTP-Patator,4,5,False,0,BENIGN,0.9951786994934082,0.03093186393380165,0.03592854365706444,False,4,FTP-Patator,0.6834025979042053,4,FTP-Patator,0.9085158109664917,0.5293548703193665,4,FTP-Patator,0.9085158109664917,MEDIUM,DEEP_ANALYSIS,CNN-BiLSTM,True,False,False,False,True,False,False,False,False,RF BENIGN only
944,30566,4,FTP-Patator,5,5,True,4,FTP-Patator,1.0,0.05003637075424194,0.04447205364704132,False,4,FTP-Patator,0.6460235714912415,4,FTP-Patator,0.8661431670188904,,4,FTP-Patator,1.0,HIGH,FAST_ATTACK_PATH,Random Forest,True,False,False,False,False,False,False,False,False,No supervised BENIGN vote
945,30573,4,FTP-Patator,1,5,False,0,BENIGN,1.0,0.020111579447984695,0.02180062234401703,False,4,FTP-Patator,0.6845874190330505,4,FTP-Patator,0.7956828474998474,0.4871353209018707,4,FTP-Patator,0.7956828474998474,MEDIUM,DEEP_ANALYSIS,CNN-BiLSTM,True,False,False,False,True,False,False,False,False,RF BENIGN only
946,30584,4,FTP-Patator,2,5,False,0,BENIGN,0.9792075157165527,0.018533168360590935,0.028265487402677536,False,0,BENIGN,0.9983920454978943,4,FTP-Patator,0.5732300281524658,0.20951120555400848,4,FTP-Patator,0.5732300281524658,LOW,DEEP_ANALYSIS,CNN-BiLSTM,True,False,False,False,True,True,False,False,False,FedProx BENIGN only/global disagreement
947,30589,4,FTP-Patator,3,5,False,0,BENIGN,1.0,0.031073225662112236,0.0521557480096817,False,4,FTP-Patator,0.6471831798553467,4,FTP-Patator,0.9505084753036499,0.534656286239624,4,FTP-Patator,0.9505084753036499,MEDIUM,DEEP_ANALYSIS,CNN-BiLSTM,True,False,False,False,True,False,False,False,False,RF BENIGN only
948,30593,4,FTP-Patator,4,5,False,0,BENIGN,1.0,0.028103720396757126,0.032643549144268036,False,0,BENIGN,0.998456597328186,0,BENIGN,0.9963899254798889,0.006623079534620047,0,BENIGN,1.0,NORMAL,DEEP_ANALYSIS,Random Forest,False,True,False,False,True,True,True,True,True,RF+FedProx+CNN all BENIGN
949,30595,4,FTP-Patator,5,5,True,4,FTP-Patator,1.0,0.049916062504053116,0.04436512663960457,False,4,FTP-Patator,0.653041422367096,0,BENIGN,0.7159879207611084,,4,FTP-Patator,1.0,HIGH,FAST_ATTACK_PATH,Random Forest,True,False,False,False,False,False,True,False,False,CNN BENIGN only/global disagreement
950,30603,4,FTP-Patator,1,5,False,0,BENIGN,1.0,0.020339934155344963,0.02204815298318863,False,4,FTP-Patator,0.6673258543014526,0,BENIGN,0.8955970406532288,0.24004602432250977,4,FTP-Patator,0.6673258543014526,LOW,DEEP_ANALYSIS,FedProx70 MLP,True,False,False,False,True,False,True,False,False,CNN BENIGN only/global disagreement
951,30606,4,FTP-Patator,2,5,False,0,BENIGN,0.9316841959953308,0.02159169502556324,0.03293013945221901,False,4,FTP-Patator,0.6670767068862915,4,FTP-Patator,0.7771167159080505,0.4907165467739105,4,FTP-Patator,0.7771167159080505,MEDIUM,DEEP_ANALYSIS,CNN-BiLSTM,True,False,False,False,True,False,False,False,False,RF BENIGN only
952,30614,4,FTP-Patator,3,5,False,0,BENIGN,1.0,0.031593117862939835,0.053028374910354614,False,4,FTP-Patator,0.6506844162940979,4,FTP-Patator,0.8638258576393127,0.5054986476898193,4,FTP-Patator,0.8638258576393127,MEDIUM,DEEP_ANALYSIS,CNN-BiLSTM,True,False,False,False,True,False,False,False,False,RF BENIGN only
953,30617,4,FTP-Patator,4,5,False,0,BENIGN,0.9951786994934082,0.031195299699902534,0.0362345352768898,False,4,FTP-Patator,0.662020742893219,4,FTP-Patator,0.7351186275482178,0.4622972011566162,4,FTP-Patator,0.7351186275482178,MEDIUM,DEEP_ANALYSIS,CNN-BiLSTM,True,False,False,False,True,False,False,False,False,RF BENIGN only
954,30630,4,FTP-Patator,5,5,True,4,FTP-Patator,1.0,0.034940455108881,0.031054886057972908,False,0,BENIGN,0.9984298348426819,4,FTP-Patator,0.6416658759117126,,4,FTP-Patator,1.0,HIGH,FAST_ATTACK_PATH,Random Forest,True,False,False,False,False,True,False,False,False,FedProx BENIGN only/global disagreement
955,30633,4,FTP-Patator,1,5,False,0,BENIGN,0.9550060629844666,0.07711724191904068,0.08359381556510925,False,0,BENIGN,0.9995986819267273,0,BENIGN,0.9988448619842529,0.022062554955482483,0,BENIGN,0.9995986819267273,NORMAL,DEEP_ANALYSIS,FedProx70 MLP,False,True,False,False,True,True,True,True,True,RF+FedProx+CNN all BENIGN
956,30637,4,FTP-Patator,2,5,False,0,BENIGN,0.9961729645729065,0.021484361961483955,0.0327664390206337,False,4,FTP-Patator,0.6624853014945984,4,FTP-Patator,0.7684009075164795,0.47336629033088684,4,FTP-Patator,0.7684009075164795,MEDIUM,DEEP_ANALYSIS,CNN-BiLSTM,True,False,False,False,True,False,False,False,False,RF BENIGN only
957,30639,4,FTP-Patator,3,5,False,0,BENIGN,1.0,0.032067496329545975,0.05382460728287697,False,4,FTP-Patator,0.6347220540046692,4,FTP-Patator,0.9238799214363098,0.5218482613563538,4,FTP-Patator,0.9238799214363098,MEDIUM,DEEP_ANALYSIS,CNN-BiLSTM,True,False,False,False,True,False,False,False,False,RF BENIGN only
958,30640,4,FTP-Patator,4,5,False,0,BENIGN,1.0,0.06958897411823273,0.08083025366067886,False,0,BENIGN,0.9995986819267273,0,BENIGN,0.9987196922302246,0.012693041935563087,0,BENIGN,1.0,NORMAL,DEEP_ANALYSIS,Random Forest,False,True,False,False,True,True,True,True,True,RF+FedProx+CNN all BENIGN
959,30643,4,FTP-Patator,5,5,True,4,FTP-Patator,1.0,0.05026333034038544,0.044673774391412735,False,4,FTP-Patator,0.6768893003463745,4,FTP-Patator,0.9461818337440491,,4,FTP-Patator,1.0,HIGH,FAST_ATTACK_PATH,Random Forest,True,False,False,False,False,False,False,False,False,No supervised BENIGN vote
960,30645,4,FTP-Patator,1,5,False,0,BENIGN,0.9259331226348877,0.030504994094371796,0.03306691348552704,False,0,BENIGN,0.9984285235404968,0,BENIGN,0.8086851239204407,0.08720506727695465,0,BENIGN,0.9984285235404968,NORMAL,DEEP_ANALYSIS,FedProx70 MLP,False,True,False,False,True,True,True,True,True,RF+FedProx+CNN all BENIGN
961,30650,4,FTP-Patator,2,5,False,0,BENIGN,0.9316841959953308,0.021459849551320076,0.03272905573248863,False,4,FTP-Patator,0.6919708251953125,4,FTP-Patator,0.9035114645957947,0.5423927903175354,4,FTP-Patator,0.9035114645957947,MEDIUM,DEEP_ANALYSIS,CNN-BiLSTM,True,False,False,False,True,False,False,False,False,RF BENIGN only
962,30669,4,FTP-Patator,3,5,False,0,BENIGN,1.0,0.03146267309784889,0.05280942842364311,False,4,FTP-Patator,0.6898272037506104,4,FTP-Patator,0.7662382125854492,0.4830529987812042,4,FTP-Patator,0.7662382125854492,MEDIUM,DEEP_ANALYSIS,CNN-BiLSTM,True,False,False,False,True,False,False,False,False,RF BENIGN only
963,30672,4,FTP-Patator,4,5,False,0,BENIGN,0.9951786994934082,0.03120522014796734,0.036246057599782944,False,4,FTP-Patator,0.6043111085891724,4,FTP-Patator,0.5715805292129517,0.3877476751804352,4,FTP-Patator,0.6043111085891724,LOW,DEEP_ANALYSIS,FedProx70 MLP,True,False,False,False,True,False,False,False,False,RF BENIGN only
964,30677,4,FTP-Patator,5,5,True,4,FTP-Patator,1.0,0.050596658140420914,0.044970035552978516,False,4,FTP-Patator,0.6487608551979065,4,FTP-Patator,0.9260923266410828,,4,FTP-Patator,1.0,HIGH,FAST_ATTACK_PATH,Random Forest,True,False,False,False,False,False,False,False,False,No supervised BENIGN vote
965,30685,4,FTP-Patator,1,5,False,0,BENIGN,0.9550060629844666,0.07711724191904068,0.08359381556510925,False,0,BENIGN,0.9995986819267273,0,BENIGN,0.8391723036766052,0.0779479518532753,0,BENIGN,0.9995986819267273,NORMAL,DEEP_ANALYSIS,FedProx70 MLP,False,True,False,False,True,True,True,True,True,RF+FedProx+CNN all BENIGN
966,30687,4,FTP-Patator,2,5,False,0,BENIGN,1.0,0.02154780551791191,0.03286319971084595,False,4,FTP-Patator,0.6118423938751221,4,FTP-Patator,0.8173485994338989,0.47455424070358276,4,FTP-Patator,0.8173485994338989,MEDIUM,DEEP_ANALYSIS,CNN-BiLSTM,True,False,False,False,True,False,False,False,False,RF BENIGN only
967,30688,4,FTP-Patator,3,5,False,0,BENIGN,0.9919686913490295,0.054968614131212234,0.09226364642381668,False,0,BENIGN,0.9995312690734863,0,BENIGN,0.9460547566413879,0.034467265009880066,0,BENIGN,0.9995312690734863,NORMAL,DEEP_ANALYSIS,FedProx70 MLP,False,True,False,False,True,True,True,True,True,RF+FedProx+CNN all BENIGN
968,30690,4,FTP-Patator,4,5,False,0,BENIGN,1.0,0.028732027858495712,0.03337335214018822,False,0,BENIGN,0.9985854625701904,0,BENIGN,0.9998441934585571,0.005484896712005138,0,BENIGN,1.0,NORMAL,DEEP_ANALYSIS,Random Forest,False,True,False,False,True,True,True,True,True,RF+FedProx+CNN all BENIGN
969,30712,4,FTP-Patator,5,5,True,4,FTP-Patator,1.0,0.03493884578347206,0.0310534555464983,False,0,BENIGN,0.9983920454978943,0,BENIGN,0.9498031139373779,,4,FTP-Patator,1.0,HIGH,FAST_ATTACK_PATH,Random Forest,True,False,False,False,False,True,True,True,False,FedProx+CNN BENIGN
970,30721,4,FTP-Patator,1,5,False,0,BENIGN,1.0,0.02084185928106308,0.02259223163127899,False,4,FTP-Patator,0.6274194121360779,0,BENIGN,0.981680691242218,0.19802643358707428,4,FTP-Patator,0.6274194121360779,NORMAL,DEEP_ANALYSIS,FedProx70 MLP,True,False,False,False,True,False,True,False,False,CNN BENIGN only/global disagreement
971,30723,4,FTP-Patator,2,5,False,0,BENIGN,0.9800000190734863,0.03813064470887184,0.058154184371232986,False,0,BENIGN,0.9995986819267273,4,FTP-Patator,0.7232424020767212,0.2659783661365509,4,FTP-Patator,0.7232424020767212,LOW,DEEP_ANALYSIS,CNN-BiLSTM,True,False,False,False,True,True,False,False,False,FedProx BENIGN only/global disagreement
972,30745,4,FTP-Patator,3,5,False,0,BENIGN,0.9919686913490295,0.06017668545246124,0.10100528597831726,False,0,BENIGN,0.9995986819267273,0,BENIGN,0.9585013389587402,0.03140198066830635,0,BENIGN,0.9995986819267273,NORMAL,DEEP_ANALYSIS,FedProx70 MLP,False,True,False,False,True,True,True,True,True,RF+FedProx+CNN all BENIGN
973,30785,4,FTP-Patator,4,5,False,0,BENIGN,1.0,0.028100738301873207,0.03264008089900017,False,0,BENIGN,0.9984092116355896,0,BENIGN,0.877625048160553,0.04820447787642479,0,BENIGN,1.0,NORMAL,DEEP_ANALYSIS,Random Forest,False,True,False,False,True,True,True,True,True,RF+FedProx+CNN all BENIGN
974,30794,4,FTP-Patator,5,5,True,4,FTP-Patator,1.0,0.049567390233278275,0.04405522346496582,False,4,FTP-Patator,0.6736074090003967,4,FTP-Patator,0.9100790619850159,,4,FTP-Patator,1.0,HIGH,FAST_ATTACK_PATH,Random Forest,True,False,False,False,False,False,False,False,False,No supervised BENIGN vote
975,30800,4,FTP-Patator,1,5,False,0,BENIGN,1.0,0.020199839025735855,0.02189629338681698,False,4,FTP-Patator,0.6536100506782532,4,FTP-Patator,0.9146872758865356,0.5195080041885376,4,FTP-Patator,0.9146872758865356,MEDIUM,DEEP_ANALYSIS,CNN-BiLSTM,True,False,False,False,True,False,False,False,False,RF BENIGN only
976,30808,4,FTP-Patator,2,5,False,0,BENIGN,0.9765709042549133,0.019787099212408066,0.030177894979715347,False,0,BENIGN,0.9985727071762085,0,BENIGN,0.9798744320869446,0.016684640198946,0,BENIGN,0.9985727071762085,NORMAL,DEEP_ANALYSIS,FedProx70 MLP,False,True,False,False,True,True,True,True,True,RF+FedProx+CNN all BENIGN
977,30815,4,FTP-Patator,3,5,False,0,BENIGN,0.9919686913490295,0.023397602140903473,0.03927237540483475,False,0,BENIGN,0.9986770749092102,4,FTP-Patator,0.6313565969467163,0.22886879742145538,4,FTP-Patator,0.6313565969467163,LOW,DEEP_ANALYSIS,CNN-BiLSTM,True,False,False,False,True,True,False,False,False,FedProx BENIGN only/global disagreement
978,30817,4,FTP-Patator,4,5,False,0,BENIGN,1.0,0.028101997449994087,0.03264154493808746,False,0,BENIGN,0.9983890056610107,4,FTP-Patator,0.8495395183563232,0.3027183413505554,4,FTP-Patator,0.8495395183563232,LOW,DEEP_ANALYSIS,CNN-BiLSTM,True,False,False,False,True,True,False,False,False,FedProx BENIGN only/global disagreement
979,30821,4,FTP-Patator,5,5,True,4,FTP-Patator,0.9998852610588074,0.03427544981241226,0.03046383149921894,False,0,BENIGN,0.998583197593689,0,BENIGN,0.9606961011886597,,4,FTP-Patator,0.9998852610588074,HIGH,FAST_ATTACK_PATH,Random Forest,True,False,False,False,False,True,True,True,False,FedProx+CNN BENIGN
980,30825,4,FTP-Patator,1,5,False,0,BENIGN,0.929018497467041,0.03056066483259201,0.033127255737781525,False,0,BENIGN,0.9983803033828735,4,FTP-Patator,0.5040662884712219,0.1960744857788086,4,FTP-Patator,0.5040662884712219,NORMAL,DEEP_ANALYSIS,CNN-BiLSTM,True,False,False,False,True,True,False,False,False,FedProx BENIGN only/global disagreement
981,30826,4,FTP-Patator,2,5,False,0,BENIGN,1.0,0.021599993109703064,0.032942794263362885,False,4,FTP-Patator,0.6190240979194641,4,FTP-Patator,0.9408537745475769,0.5199474692344666,4,FTP-Patator,0.9408537745475769,MEDIUM,DEEP_ANALYSIS,CNN-BiLSTM,True,False,False,False,True,False,False,False,False,RF BENIGN only
982,30856,4,FTP-Patator,3,5,False,0,BENIGN,1.0,0.031398188322782516,0.0527011901140213,False,4,FTP-Patator,0.6581650376319885,0,BENIGN,0.9937958717346191,0.20752614736557007,4,FTP-Patator,0.6581650376319885,LOW,DEEP_ANALYSIS,FedProx70 MLP,True,False,False,False,True,False,True,False,False,CNN BENIGN only/global disagreement
983,30858,4,FTP-Patator,4,5,False,0,BENIGN,0.9951786994934082,0.031185952946543694,0.03622367978096008,False,4,FTP-Patator,0.6404706835746765,4,FTP-Patator,0.7813214063644409,0.47200149297714233,4,FTP-Patator,0.7813214063644409,MEDIUM,DEEP_ANALYSIS,CNN-BiLSTM,True,False,False,False,True,False,False,False,False,RF BENIGN only
984,30859,4,FTP-Patator,5,5,True,4,FTP-Patator,1.0,0.05141032487154007,0.04569321870803833,False,4,FTP-Patator,0.6427901983261108,4,FTP-Patator,0.9358727931976318,,4,FTP-Patator,1.0,HIGH,FAST_ATTACK_PATH,Random Forest,True,False,False,False,False,False,False,False,False,No supervised BENIGN vote
985,30862,4,FTP-Patator,1,5,False,0,BENIGN,1.0,0.020194267854094505,0.02189025469124317,False,4,FTP-Patator,0.6885883212089539,4,FTP-Patator,0.7795877456665039,0.48271575570106506,4,FTP-Patator,0.7795877456665039,MEDIUM,DEEP_ANALYSIS,CNN-BiLSTM,True,False,False,False,True,False,False,False,False,RF BENIGN only
986,30864,4,FTP-Patator,2,5,False,0,BENIGN,0.9961729645729065,0.02140147238969803,0.03264002501964569,False,4,FTP-Patator,0.6825168132781982,4,FTP-Patator,0.8693903088569641,0.5147030353546143,4,FTP-Patator,0.8693903088569641,MEDIUM,DEEP_ANALYSIS,CNN-BiLSTM,True,False,False,False,True,False,False,False,False,RF BENIGN only
987,30872,4,FTP-Patator,3,5,False,0,BENIGN,0.9919686913490295,0.02029281109571457,0.03406105190515518,False,0,BENIGN,0.9985809326171875,0,BENIGN,0.9933621883392334,0.00946437381207943,0,BENIGN,0.9985809326171875,NORMAL,DEEP_ANALYSIS,FedProx70 MLP,False,True,False,False,True,True,True,True,True,RF+FedProx+CNN all BENIGN
988,30875,4,FTP-Patator,4,5,False,0,BENIGN,1.0,0.02810598351061344,0.03264617547392845,False,0,BENIGN,0.9983620047569275,0,BENIGN,0.9970591068267822,0.006417637690901756,0,BENIGN,1.0,NORMAL,DEEP_ANALYSIS,Random Forest,False,True,False,False,True,True,True,True,True,RF+FedProx+CNN all BENIGN
989,30886,4,FTP-Patator,5,5,True,4,FTP-Patator,0.9794067144393921,0.07212651520967484,0.06410565227270126,False,0,BENIGN,0.9995312690734863,0,BENIGN,0.9752734899520874,,4,FTP-Patator,0.9794067144393921,HIGH,FAST_ATTACK_PATH,Random Forest,True,False,False,False,False,True,True,True,False,FedProx+CNN BENIGN
990,30913,4,FTP-Patator,1,5,False,0,BENIGN,0.9549988508224487,0.06565675139427185,0.07117083668708801,False,0,BENIGN,0.9995312690734863,4,FTP-Patator,0.7874186635017395,0.2954130172729492,4,FTP-Patator,0.7874186635017395,LOW,DEEP_ANALYSIS,CNN-BiLSTM,True,False,False,False,True,True,False,False,False,FedProx BENIGN only/global disagreement
991,30928,4,FTP-Patator,2,5,False,0,BENIGN,0.9961729645729065,0.021553410217165947,0.03287174925208092,False,4,FTP-Patator,0.636439859867096,4,FTP-Patator,0.6882796883583069,0.43752601742744446,4,FTP-Patator,0.6882796883583069,MEDIUM,DEEP_ANALYSIS,CNN-BiLSTM,True,False,False,False,True,False,False,False,False,RF BENIGN only
992,30940,4,FTP-Patator,3,5,False,0,BENIGN,1.0,0.03133850172162056,0.052601009607315063,False,4,FTP-Patator,0.6784350872039795,4,FTP-Patator,0.9003297090530396,0.5265361070632935,4,FTP-Patator,0.9003297090530396,MEDIUM,DEEP_ANALYSIS,CNN-BiLSTM,True,False,False,False,True,False,False,False,False,RF BENIGN only
993,30942,4,FTP-Patator,4,5,False,0,BENIGN,0.9951786994934082,0.031078463420271873,0.03609882667660713,False,4,FTP-Patator,0.6380521655082703,4,FTP-Patator,0.8079931139945984,0.480592280626297,4,FTP-Patator,0.8079931139945984,MEDIUM,DEEP_ANALYSIS,CNN-BiLSTM,True,False,False,False,True,False,False,False,False,RF BENIGN only
994,30943,4,FTP-Patator,5,5,True,4,FTP-Patator,1.0,0.03495386615395546,0.031066806986927986,False,0,BENIGN,0.99835205078125,4,FTP-Patator,0.9146450757980347,,4,FTP-Patator,1.0,HIGH,FAST_ATTACK_PATH,Random Forest,True,False,False,False,False,True,False,False,False,FedProx BENIGN only/global disagreement
995,30944,4,FTP-Patator,1,5,False,0,BENIGN,0.9250667095184326,0.030424483120441437,0.03297963738441467,False,0,BENIGN,0.9985218644142151,0,BENIGN,0.5709878206253052,0.17053130269050598,0,BENIGN,0.9985218644142151,NORMAL,DEEP_ANALYSIS,FedProx70 MLP,False,True,False,False,True,True,True,True,True,RF+FedProx+CNN all BENIGN
996,30946,4,FTP-Patator,2,5,False,0,BENIGN,0.9466841816902161,0.021602582186460495,0.032946743071079254,False,4,FTP-Patator,0.6454851627349854,4,FTP-Patator,0.9063079953193665,0.5264585018157959,4,FTP-Patator,0.9063079953193665,MEDIUM,DEEP_ANALYSIS,CNN-BiLSTM,True,False,False,False,True,False,False,False,False,RF BENIGN only
997,30951,4,FTP-Patator,3,5,False,0,BENIGN,0.9858927130699158,0.029558498412370682,0.049613308161497116,False,4,FTP-Patator,0.7213907837867737,4,FTP-Patator,0.8597111105918884,0.5275795459747314,4,FTP-Patator,0.8597111105918884,MEDIUM,DEEP_ANALYSIS,CNN-BiLSTM,True,False,False,False,True,False,False,False,False,RF BENIGN only
998,30954,4,FTP-Patator,4,5,False,0,BENIGN,1.0,0.028107766062021255,0.032648246735334396,False,0,BENIGN,0.9984777569770813,0,BENIGN,0.6672228574752808,0.12182591110467911,0,BENIGN,1.0,NORMAL,DEEP_ANALYSIS,Random Forest,False,True,False,False,True,True,True,True,True,RF+FedProx+CNN all BENIGN
999,33907,4,FTP-Patator,5,5,True,4,FTP-Patator,1.0,0.03496690094470978,0.031078390777111053,False,0,BENIGN,0.9983235001564026,0,BENIGN,0.9982506632804871,,4,FTP-Patator,1.0,HIGH,FAST_ATTACK_PATH,Random Forest,True,False,False,False,False,True,True,True,False,FedProx+CNN BENIGN
